"Prolific.ID","pos_state_anxiety_congeneric","neg_state_anxiety_congeneric","pos_trait_anxiety_congeneric","neg_trait_anxiety_congeneric","pos_state_anxiety_parallel","neg_state_anxiety_parallel","pos_trait_anxiety_parallel","neg_trait_anxiety_parallel","state_anxiety_congeneric","trait_anxiety_congeneric","state_anxiety_parallel","trait_anxiety_parallel","anxiety_congeneric_score","anxiety_parallel_score","scale_sum_anxiety","sum_z_score_anxiety","scale_sum_state_anxiety","sum_z_score_state_anxiety","scale_sum_trait_anxiety","sum_z_score_trait_anxiety","scale_sum_neg_state_anxiety","sum_z_score_neg_state_anxiety","scale_sum_pos_state_anxiety","sum_z_score_pos_state_anxiety","scale_sum_neg_trait_anxiety","sum_z_score_neg_trait_anxiety","scale_sum_pos_trait_anxiety","sum_z_score_pos_trait_anxiety","cog_affect_congeneric","somatic_congeneric","cog_affect_parallel","somatic_parallel","depression_congeneric_score","depression_parallel_score","scale_sum_depression","sum_z_score_depression","scale_sum_cog_affect","sum_z_score_cog_affect","scale_sum_somatic","sum_z_score_somatic","likely_congeneric","badly_congeneric","likely_parallel","badly_parallel","covid_congeneric_score","covid_parallel_score","scale_sum_covid","sum_z_score_covid","scale_sum_likely","sum_z_score_likely","scale_sum_badly","sum_z_score_badly","control_congeneric","self_efficacy_congeneric","control_parallel","self_efficacy_parallel","stress_congeneric_score","stress_parallel_score","scale_sum_stress","sum_z_score_stress","scale_sum_control","sum_z_score_control","scale_sum_self_efficacy","sum_z_score_self_efficacy","anxiety_med_congeneric","state_anxiety_med_congeneric","trait_anxiety_med_congeneric","pos_state_anxiety_med_congeneric","pos_trait_anxiety_med_congeneric","neg_state_anxiety_med_congeneric","neg_trait_anxiety_med_congeneric","stress_med_congeneric","control_med_congeneric","self_effic_med_congeneric","covid_med_congeneric","likely_med_congeneric","badly_med_congeneric","depression_med_congeneric","cog_affect_med_congeneric","somatic_med_congeneric","anxiety_quart_congeneric","state_anxiety_quart_congeneric","trait_anxiety_quart_congeneric","pos_state_anxiety_quart_congeneric","pos_trait_anxiety_quart_congeneric","neg_state_anxiety_quart_congeneric","neg_trait_anxiety_quart_congeneric","stress_quart_congeneric","control_quart_congeneric","self_effic_quart_congeneric","covid_quart_congeneric","likely_quart_congeneric","badly_quart_congeneric","depression_quart_congeneric","cog_affect_quart_congeneric","somatic_quart_congeneric"
"535ffd41fdf99b65eb1831b2",-0.932588143458567,-0.939505300201734,-1.9852230763053,-1.62006417284005,-0.7480093676815,-0.649180327868852,-1.32760863908405,-1.08196721311475,-1.01315703193819,-1.94002977195077,-0.698594847775173,-1.19250585480094,-1.53094772717365,-0.945550351288053,52,-1.59971259382514,29,-1.05449662246634,23,-1.94442869940439,13,-0.908642879212076,16,-1.00052245904614,13,-1.59096144166911,10,-1.99148655574184,-0.294627256726416,-1.52290536482565,-0.267564402810304,-0.950819672131147,-0.852725231370259,-0.647150663544107,4,-0.866216640097051,3,-0.332417508126427,1,-1.21342043768994,-0.601270006280141,-0.802304234420306,-0.354020296643245,-1.52634660421546,-0.650692897657457,-0.822950819672131,51,-0.576966405444321,33,-0.214459769862432,18,-0.926264858827082,-0.568380507445307,-1.56834087827357,-0.370413739266198,-1.1516393442623,-0.994498559934171,-0.682903981264637,13,-0.974026368606636,10,-0.460982729130486,3,-1.59309004300695,1,1,1,1,1,1,1,1,1,1,1,1,1,1,1,1,1,1,1,1,1,1,1,1,2,1,2,2,2,2,2,1
"5484620efdf99b0379939c6a",-0.862453788405686,-1.19304707652107,-1.17056252635292,-1.04132706542635,-0.6480093676815,-0.849180327868854,-0.772053083528493,-0.718330849478389,-1.08696910976587,-1.20840647001373,-0.748594847775175,-0.742505854800939,-1.20156886361976,-0.745550351288058,60,-1.26134614054299,28,-1.12996931066499,32,-1.21068562283221,11,-1.1885783116966,17,-0.866764447144858,17,-1.05625814722385,15,-1.15812242471306,-1.39076554790036,-1.40334871528892,-1.0175644028103,-0.950819672131147,-1.43051447615966,-0.980483996877439,1,-1.31238612781893,0,-1.26420487773245,1,-1.21342043768994,-2.36540615716985,-0.581952852082789,-3.85402029664325,-0.276346604215458,-2.2706866386247,-2.42295081967213,35,-1.69871782320061,12,-2.33470316165562,23,-0.167701194233365,-1.25801128444486,-1.84697116519499,-0.870413739266198,-1.40163934426229,-1.60182960441369,-1.08290398126464,9,-1.54454661469036,7,-1.08323655001158,2,-1.93892097760989,1,1,1,1,1,1,1,1,1,1,1,1,1,1,1,1,1,1,1,1,1,1,1,1,1,1,1,1,2,1,1,1
"54849ec4fdf99b0379939d1d",0.090033617061761,-0.0866360646362793,0.312606225360118,0.0919149831134202,0.0519906323185006,-0.149180327868853,0.227946916471506,0.0998509687034246,-0.00659692018675761,0.241139719334918,-0.0485948477751754,0.157494145199064,0.124198296100253,0.0544496487119414,92,0.0921196725855966,42,-0.0733516758839309,50,0.256800530312148,18,-0.208804298000755,24,0.0695416361641339,26,0.146824265278003,24,0.341933011138741,-0.594503371463641,0.0197251995129498,-0.517564402810305,0.0491803278688526,-0.347318790624578,-0.202706219099661,8,-0.271323989801207,2,-0.643013297995102,6,0.0627631260874107,1.3537414597133,-1.64570106340119,1.47931303669008,-2.27634660421546,1.0237248615998,-0.0229508196721324,59,-0.0160906965661763,44,0.896143911553049,15,-1.38140305758331,0.516081008293775,-0.397377401949473,0.296252927400469,-0.401639344262295,0.183967482876842,0.017096018735363,20,0.0243840620398779,14,0.368689032044298,6,-0.555597239198155,2,2,2,2,2,2,2,2,2,1,2,2,1,1,1,2,3,3,3,3,3,3,3,3,3,2,4,4,1,2,2,3
"55a0ff77fdf99b3f453c5e6c",0.640380743204008,0.370706569565292,0.819327231477598,-1.26099507507823,0.451990632318501,0.250819672131147,0.450169138693729,-0.809239940387482,0.56303464706745,-0.199009929356788,0.351405152224824,-0.242505854800936,0.254604615514376,0.054449648711944,92,0.0921196725855966,50,0.530429829705247,42,-0.395415537752013,22,0.351066566968302,28,0.604573683769272,16,-1.18993397083516,26,0.675278663550253,-0.594503371463641,-1.00393964225627,-0.517564402810305,-0.750819672131147,-0.825758874938794,-0.647150663544107,4,-0.866216640097051,2,-0.643013297995102,2,-0.958183724934471,0.929284063024195,0.873298945964093,0.979313036690085,0.973653395784543,0.952816656953316,0.977049180327868,69,0.685003939531504,41,0.593251998439736,28,0.590862470360352,0.581236272379715,0.0636440827588053,0.462919594067135,0.0983606557377049,0.419527298598789,0.317096018735363,23,0.452274246602669,15,0.576106972337995,8,0.136064630007711,2,2,1,2,2,2,1,2,2,1,2,2,2,1,1,1,3,3,2,3,4,3,1,3,3,2,4,4,4,2,2,1
"55a55bd7fdf99b790558627c",-1.74352513216975,-1.27554934531924,-0.732224443680978,0.613538463627896,-1.2480093676815,-0.849180327868853,-0.43871975019516,0.463487332339794,-1.68111023601651,-0.111751113335175,-1.04859484777517,0.0574941451990612,-1.06891088622903,-0.495550351288055,70,-0.83838807394031,22,-1.58280543985687,48,0.0937465132961074,11,-1.1885783116966,11,-1.66931251855257,30,0.681527559723269,18,-0.658103946095795,0.501634919710301,1.37257974650988,0.232435597189695,0.849180327868853,0.870990835636662,0.575071558678115,15,0.769738148216519,5,0.288774071610923,10,1.08370997710929,-1.36058550926318,-1.26060164375615,-2.18735362997658,-2.02634660421546,-1.40267863337333,-2.12295081967213,38,-1.48838943237131,22,-1.32506345127791,16,-1.22969032466457,-1.41304821062875,-0.214986204162602,-1.03708040593287,-0.151639344262295,-1.09371786247372,-0.682903981264637,13,-0.974026368606636,6,-1.29065449030527,7,-0.209766304595221,1,1,1,1,1,1,2,1,1,1,1,1,1,2,2,2,1,1,2,1,1,1,3,1,1,2,1,1,1,4,3,4
"55b660dffdf99b1c029069a2",0.0867833242454359,-0.893749697613473,0.637268375643627,-0.0859530902061123,0.0519906323184992,-0.649180327868853,0.339058027582618,-0.081967213114756,-0.312481226676572,0.330825149583606,-0.298594847775175,0.107494145199064,-0.0369032543437225,-0.0955503512880578,86,-0.161655167376014,37,-0.450715116877167,49,0.175273521804127,13,-0.908642879212076,24,0.0695416361641339,24,-0.12052738194463,25,0.508605837344497,0.470012295013914,0.456555947562434,0.482435597189696,0.449180327868852,0.539024730344818,0.463960447567006,14,0.621014985642558,6,0.599369861479597,8,0.573236551598352,-0.750034698121763,-1.18728169842439,-0.85402029664325,-1.27634660421546,-0.833908728823746,-1.02295081967213,49,-0.717185332663857,30,-0.517351682975745,19,-0.774552125908339,0.544889764816813,-0.52407624670828,0.462919594067136,-0.151639344262295,0.245484616007321,0.217096018735363,22,0.309644185081739,15,0.576106972337995,7,-0.209766304595221,1,1,2,2,2,1,1,2,2,1,1,1,1,2,2,2,2,2,3,3,3,1,2,3,3,2,1,2,1,3,3,3
"56a8bb427f2472000b9522f6",2.2712981702117,2.9265440813219,2.43561138480638,2.65813362199828,1.6519906323185,2.05081967213115,1.56128024980484,1.73621460506707,2.75295007328544,2.74877618699623,1.85140515222482,1.65749414519906,2.88852616249076,1.75444964871194,160,2.96823452548385,80,2.79461047566466,80,2.70261078555275,40,2.87048545932906,40,2.20966982658469,44,2.5529890902817,36,2.34200692560781,2.39231129241911,1.19991499112357,1.9824355971897,0.649180327868852,1.93334298411118,1.24173822534478,21,1.66207712366028,12,2.46294460069165,9,0.828473264353822,-0.347292229213516,1.69990155788185,-0.187353629976581,1.97365339578454,-0.0606327944160614,0.67704918032787,66,0.4746755487022,34,-0.113495798824661,32,1.19771340203533,2.38039949513034,2.16112771110954,1.79625292740047,1.5983606557377,2.50822891340535,1.71709601873536,37,2.4490951078957,23,2.23545049468756,14,2.21105023762531,2,2,2,2,2,2,2,2,2,2,1,1,2,2,2,2,4,4,4,4,4,4,4,4,4,4,2,2,4,4,4,4
"56b9de6c1a6972000d8d0e38",-1.18838460217131,-1.37670390382988,-0.542548043791601,-0.518078879413241,-0.848009367681497,-0.949180327868854,-0.327608639084048,-0.354694485842027,-1.39687105368426,-0.568319229092362,-0.898594847775175,-0.342505854800936,-1.08432838724804,-0.620550351288056,65,-1.04986710724165,25,-1.35638737526093,40,-0.558469554768053,10,-1.32854602793887,15,-1.13428047094743,21,-0.521554852778579,19,-0.491431119890039,-1.39076554790036,-1.172060989852,-1.0175644028103,-0.750819672131147,-1.32700970411362,-0.869372885766328,2,-1.16366296524497,0,-1.26420487773245,2,-0.958183724934471,0.126086979151064,1.20956472106631,0.145979703356753,1.72365339578454,0.268570878169132,0.777049180327869,67,0.544785012311968,36,0.0884321432508812,31,1.04600066911658,-1.67204360424369,-1.3859496804867,-1.20374707259953,-0.901639344262295,-1.67308465498622,-1.08290398126464,9,-1.54454661469036,5,-1.49807243059897,4,-1.24725910840402,1,1,1,1,1,1,1,1,1,1,2,2,2,1,1,1,1,1,2,1,2,1,2,1,1,1,3,3,4,1,1,1
"56f81ffe1b99b8000636b9c8",0.714022143086337,-0.373371251943136,1.0916164658161,1.18706408585436,0.551990632318501,-0.149180327868851,0.672391360915951,0.827123695976154,0.33248446066593,1.22843918653946,0.201405152224825,0.757494145199064,0.835169598236375,0.479449648711946,109,0.811148385810161,47,0.304011765109305,62,1.23512463240839,18,-0.208804298000755,29,0.738331695670557,34,1.21623085416854,28,1.00862431596177,0.666522241976182,1.54763578576985,0.482435597189695,1.04918032786885,1.0737427151039,0.797293780900338,17,1.06718447336444,6,0.599369861479597,11,1.33894668986476,0.00773684784647838,0.596552291695957,-0.0206869633099126,0.473653395784543,0.0899987172091463,0.177049180327869,61,0.12412823065336,35,-0.0125318277868897,26,0.287437004522865,0.415822933430818,0.52466556746708,0.462919594067135,0.598360655737705,0.529318146049857,0.517096018735363,25,0.73753436964453,15,0.576106972337995,10,0.827726499213578,2,2,2,2,2,1,2,2,2,2,2,1,2,2,2,2,4,3,4,3,4,2,4,3,3,3,3,2,3,4,3,4
"5713cc324cfd6f0009aa7329",0.246488796765897,-0.903527210428337,-1.21870233666902,-1.73055930119571,0.151990632318501,-0.649180327868853,-0.772053083528493,-1.17287630402385,-0.254104151074057,-1.59034502111228,-0.248594847775174,-0.992505854800938,-0.868947767346241,-0.620550351288056,65,-1.04986710724165,38,-0.37524242867852,27,-1.61832066537231,13,-0.908642879212076,25,0.203299648065418,12,-1.72463726528043,15,-1.15812242471306,-0.819231541329135,-1.43383569864152,-0.767564402810305,-0.950819672131147,-1.15879732592457,-0.869372885766329,2,-1.16366296524497,1,-0.953609087863776,1,-1.21342043768994,-1.11965958900939,-1.40959096866395,-1.85402029664325,-1.52634660421546,-1.20626005017385,-1.72295081967213,42,-1.20795157793223,24,-1.12313550920237,18,-0.926264858827082,-0.804399059546932,-0.985097731416564,-0.537080405932866,-0.651639344262295,-0.925447915317994,-0.582903981264637,14,-0.831396307085705,9,-0.668400669424183,5,-0.901428173801088,1,1,1,2,1,1,1,1,1,1,1,1,1,1,1,1,1,2,1,3,1,1,1,1,1,1,1,1,1,1,2,1
"571de12713b1b70012be47f6",0.508920816246311,-0.436873356892338,0.107178622136502,-0.0295963390754726,0.351990632318502,-0.349180327868853,0.00572469424928523,0.00894187779433557,0.125630663002525,0.0110659309091169,0.001405152224825,0.00749414519906567,0.0991434355192563,0.00444964871194514,90,0.00752805926505962,43,0.00212101231471628,47,0.0122195047880873,16,-0.488739730485283,27,0.470815671867988,25,0.0131484416666867,22,0.00858735872722888,-0.294627256726417,0.255714918259029,-0.267564402810304,0.249180327868852,-0.0475010769958264,0.0195160031225616,10,0.0261223353467146,3,-0.332417508126427,7,0.317999838842881,-1.05818824684208,-1.17112293898538,-1.35402029664325,-1.52634660421546,-1.10222496559569,-1.42295081967213,45,-0.997623187102929,27,-0.820243596089057,18,-0.926264858827082,-0.318597553483029,-0.40185458455955,-0.203747072599532,-0.151639344262295,-0.361372870969548,-0.182903981264637,18,-0.260876061001983,11,-0.25356478883679,7,-0.209766304595221,2,2,2,2,2,1,2,1,1,1,1,1,1,2,1,2,3,3,3,3,3,2,3,2,2,2,1,1,1,3,2,3
"5740aa71a0a4b20010b02da0",1.77785046788448,-0.32221546760716,1.00814794282254,-1.3754694793258,1.2519906323185,-0.249180327868852,0.672391360915951,-0.900149031296573,0.98354375804569,-0.170910849581606,0.501405152224827,-0.192505854800935,0.5898024709543,0.154449648711944,96,0.26130289922667,53,0.756847894301188,43,-0.313888529243993,17,-0.348772014243019,36,1.67463777897955,15,-1.32360979444648,28,1.00862431596177,-0.219479311854688,1.11080503772036,-0.267564402810304,0.649180327868853,0.352283891630547,0.241738225344784,12,0.323568660494636,3,-0.332417508126427,9,0.828473264353822,-0.198171745470201,0.699831820964406,-0.520686963309913,1.47365339578454,-0.0814113953949553,0.27704918032787,62,0.194237694263128,32,-0.315423740900203,30,0.894287936197839,-0.280538923364363,-1.20355848269982,-0.203747072599531,-0.651639344262295,-0.589133522633409,-0.382903981264637,16,-0.546136184043844,11,-0.25356478883679,5,-0.901428173801088,2,2,1,2,2,1,1,1,1,1,1,1,2,2,2,2,3,4,2,4,4,2,1,2,2,1,2,2,3,3,3,4
"5766b36c3b99f4000173474f",0.990729134973964,1.45610653654349,0.677536593071078,1.17431754391783,0.751990632318501,0.950819672131149,0.450169138693729,0.736214605067065,1.29595027280533,1.00895117432313,0.851405152224824,0.607494145199065,1.21230331539143,0.729449648711942,119,1.23410645241285,60,1.28515671169172,59,0.990543606884328,29,1.33084058066415,31,1.00584771947313,33,1.08255503055722,26,0.675278663550253,2.06253664788735,1.51714880241725,1.4824355971897,1.04918032786885,1.86918213868518,1.24173822534478,21,1.66207712366028,10,1.8417530209543,11,1.33894668986476,1.87635670008717,1.26856183922016,2.97931303669009,1.22365339578454,1.895852233827,2.27704918032787,82,1.59642696645849,53,1.80481965089299,29,0.742575203279096,0.150096460020243,0.929994699147301,0.129586260733802,0.598360655737705,0.459994514838411,0.317096018735363,23,0.452274246602669,13,0.161271091750602,10,0.827726499213578,2,2,2,2,2,2,2,2,2,2,2,2,2,2,2,2,4,4,4,4,3,4,4,3,3,4,4,4,4,4,4,4
"576c02ac4386cc0001375073",-1.0274695399287,-0.608304513538345,-0.381404926215316,-0.482397628675926,-0.7480093676815,-0.449180327868852,-0.216497527972938,-0.263785394932936,-0.942804355224589,-0.474961869448673,-0.598594847775174,-0.242505854800939,-0.795793266662283,-0.420550351288055,73,-0.711500653959505,31,-0.90355124606905,42,-0.395415537752013,15,-0.628707446727548,16,-1.00052245904614,22,-0.387879029167263,20,-0.324758293684283,0.42648697483857,0.384103881402418,0.232435597189695,0.0491803278688525,0.379133485965884,0.13062711423367,11,0.174845497920675,5,0.288774071610923,6,0.0627631260874107,0.0985644824710038,-0.642507477580282,-0.0206869633099144,-0.776346604215456,0.0096545721404233,-0.322950819672132,56,-0.22641908739548,35,-0.0125318277868897,21,-0.471126660070852,-1.05717526679378,-0.646297908856995,-0.870413739266199,-0.151639344262296,-0.903631131562718,-0.582903981264637,14,-0.831396307085705,7,-1.08323655001158,7,-0.209766304595221,1,1,1,1,1,1,1,1,1,1,1,2,1,2,2,2,1,1,2,1,2,2,2,1,1,2,2,3,2,3,3,3
"57754d57ca706f000190eaf1",-1.42007495123846,-1.37670390382988,-1.9499555972495,-1.73055930119572,-1.0480093676815,-0.949180327868854,-1.32760863908405,-1.17287630402385,-1.54784176262297,-2.00671223831869,-0.998594847775175,-1.24250585480094,-1.84707829564994,-1.12055035128806,45,-1.89578324044702,23,-1.50733275165823,22,-2.02595570791241,10,-1.32854602793887,13,-1.40179649475,12,-1.72463726528043,10,-1.99148655574184,-1.39076554790036,-1.66747442073302,-1.0175644028103,-1.15081967213115,-1.55549291358239,-1.09159510798855,0,-1.46110929039289,0,-1.26420487773245,0,-1.46865715044541,0.191075911942732,1.44815470638583,0.812646370023419,2.22365339578454,0.365425945497335,1.37704918032787,73,0.965441793970576,40,0.492288027401965,33,1.34942613495407,-1.38420202016276,-1.17196611181351,-1.03708040593287,-0.651639344262295,-1.3775348153069,-0.882903981264636,11,-1.2592864916485,6,-1.29065449030527,5,-0.901428173801088,1,1,1,1,1,1,1,1,1,1,2,2,2,1,1,1,1,1,1,1,1,1,1,1,1,1,3,3,4,1,1,1
"578b4394ad1a6c0001466a6d",-1.35206380298117,-1.09189251801043,-1.99160210137569,-1.2926900382094,-0.948009367681497,-0.749180327868853,-1.32760863908405,-0.809239940387483,-1.35531953821551,-1.79728360658783,-0.848594847775175,-1.04250585480094,-1.6317869910348,-0.945550351288056,52,-1.59971259382514,26,-1.28091468706229,26,-1.69984767388033,12,-1.04861059545434,14,-1.26803848284871,16,-1.18993397083516,10,-1.99148655574184,-1.39076554790036,-1.66747442073302,-1.0175644028103,-1.15081967213115,-1.55549291358239,-1.09159510798855,0,-1.46110929039289,0,-1.26420487773245,0,-1.46865715044541,-1.6404490975084,-1.55050516420077,-3.02068696330991,-1.77634660421546,-1.71121805658863,-2.52295081967213,34,-1.76882728681038,17,-1.82988330646677,17,-1.07797759174583,-2.16783425171424,-1.56834087827357,-1.70374707259953,-1.1516393442623,-2.11843868505372,-1.48290398126464,5,-2.11506686077408,2,-2.12032625148006,3,-1.59309004300695,1,1,1,1,1,1,1,1,1,1,1,1,1,1,1,1,1,1,1,1,1,1,1,1,1,1,1,1,1,1,1,1
"57a1fc7fbaec1b0001698f3c",-1.74352513216974,-1.37670390382988,-2.08418596317438,-1.46259800901006,-1.2480093676815,-0.949180327868854,-1.32760863908405,-0.991058122205663,-1.73253546625925,-1.92308424950873,-1.09859484777518,-1.14250585480094,-1.92831790138323,-1.12055035128806,45,-1.89578324044702,21,-1.65827812805552,24,-1.86290169089637,10,-1.32854602793887,11,-1.66931251855257,14,-1.4572856180578,10,-1.99148655574184,-1.39076554790036,-1.66747442073302,-1.0175644028103,-1.15081967213115,-1.55549291358239,-1.09159510798855,0,-1.46110929039289,0,-1.26420487773245,0,-1.46865715044541,0.153609475831126,-0.704628444637607,0.31264637002342,-1.27634660421546,0.0374960227425997,-0.322950819672132,56,-0.22641908739548,37,0.189396114288652,19,-0.774552125908339,-2.13486826879429,-1.66457996740811,-1.53708040593287,-1.15163934426229,-2.11404582215301,-1.38290398126464,6,-1.97243679925315,3,-1.91290831118636,3,-1.59309004300695,1,1,1,1,1,1,1,1,1,1,1,2,1,1,1,1,1,1,1,1,1,1,1,1,1,1,2,3,2,1,1,1
"57ba46eeed33c000016acb2d",-1.22447529822389,-0.0697217043209611,-1.19498535159554,-0.617843198702103,-0.9480093676815,-0.0491803278688539,-0.883164194639604,-0.44560357675112,-0.822833335470091,-0.966353067124128,-0.498594847775175,-0.64250585480094,-1.00035039396735,-0.570550351288056,67,-0.965275493921116,33,-0.752605869671756,34,-1.04763160581617,19,-0.0688365817584908,14,-1.26803848284871,20,-0.655230676389896,14,-1.32479525091882,-0.819231541329135,-1.66747442073302,-0.767564402810305,-1.15081967213115,-1.26663432949471,-0.980483996877441,1,-1.31238612781893,1,-0.953609087863776,0,-1.46865715044541,0.0849084660170348,0.0680587859318104,0.479313036690085,0.223653395784543,0.0800741189312091,0.377049180327868,63,0.264347157872896,38,0.290360085326423,25,0.135724271604122,-1.05080148886624,-1.20355848269982,-0.870413739266198,-0.651639344262295,-1.16608459194778,-0.782903981264636,12,-1.11665643012757,7,-1.08323655001158,5,-0.901428173801088,1,1,1,1,1,2,1,1,1,1,2,1,2,1,1,1,1,1,1,1,1,3,2,1,1,1,3,2,3,1,2,1
"57daa4ae13345400011701e1",1.35030499884905,-0.43945627436055,1.04343891945927,-1.47305038438185,0.951990632318501,-0.249180327868852,0.561280249804841,-0.991058122205663,0.686792967106533,-0.217099929870972,0.351405152224826,-0.292505854800937,0.387018879852891,0.0294496487119447,91,0.0498238659253281,50,0.530429829705247,41,-0.476942546260033,17,-0.348772014243019,33,1.27336374327569,14,-1.4572856180578,27,0.841951489756009,-1.16603737803486,-1.23757836434778,-0.767564402810305,-0.950819672131147,-1.22245446259661,-0.869372885766328,2,-1.16366296524497,1,-0.953609087863776,1,-1.21342043768994,-1.11410246190863,-1.42587168374391,-1.68735362997658,-1.77634660421546,-1.21462123186799,-1.72295081967213,42,-1.20795157793223,25,-1.0221715381646,17,-1.07797759174583,-1.02159799653217,0.833755610012761,-0.703747072599532,0.598360655737705,-0.396248196068453,-0.182903981264637,18,-0.260876061001983,8,-0.875818609717879,10,0.827726499213578,2,2,1,2,2,1,1,1,1,2,1,1,1,1,1,1,3,3,2,4,4,2,1,2,1,4,1,1,1,1,1,1
"57e928630cb6700001dd8f8a",0.522028481198959,0.93956076476767,0.901591009478994,0.360410115695173,0.351990632318499,0.650819672131147,0.56128024980484,0.19076005961252,0.74368871520294,0.672003937863094,0.501405152224824,0.357494145199063,0.728797711655633,0.429449648711943,107,0.726556772489624,53,0.756847894301188,54,0.582908564344228,26,0.910937431937359,27,0.470815671867988,27,0.28050008888932,27,0.841951489756009,0.276906749844806,-0.333470172115282,-0.0175644028103046,-0.150819672131148,-0.0257918656824767,-0.0915951079885523,9,-0.122600827227246,4,-0.0218217182577522,5,-0.19247358666806,0.424296613576072,0.192692266388679,0.312646370023419,0.223653395784543,0.405689338808246,0.277049180327868,62,0.194237694263128,37,0.189396114288652,25,0.135724271604122,0.512700483650823,1.05221636129602,0.462919594067135,0.598360655737705,0.739160287122857,0.517096018735363,25,0.73753436964453,15,0.576106972337995,10,0.827726499213578,2,2,2,2,2,2,2,2,2,2,2,2,2,2,2,1,4,4,3,3,4,4,3,3,3,4,3,3,3,3,3,2
"581ccd016c73180001fa5b2a",-0.365260027729727,-0.282521614042165,-0.0555277545277131,0.468747209417365,-0.248009367681498,-0.249180327868854,0.00572469424928478,0.281669150521609,-0.371407955518992,0.212798898390436,-0.248594847775176,0.157494145199066,-0.138995736384661,-0.0455503512880567,88,-0.0770635540554774,38,-0.37524242867852,50,0.256800530312148,17,-0.348772014243019,21,-0.33173239953972,28,0.414175912500636,22,0.00858735872722888,-0.219479311854687,-0.340404863779528,-0.267564402810304,-0.350819672131147,-0.306437095868181,-0.313817330210773,7,-0.420047152375168,3,-0.332417508126427,4,-0.44771029942353,0.112430912424614,1.10940904070133,0.645979703356753,1.72365339578454,0.242270930010849,1.07704918032787,70,0.755113403141272,39,0.391324056364194,31,1.04600066911658,-0.898400514098859,-0.985097731416558,-0.703747072599532,-0.651639344262295,-0.993485855366625,-0.682903981264637,13,-0.974026368606636,8,-0.875818609717879,5,-0.901428173801088,1,1,2,1,1,1,2,1,1,1,2,2,2,1,2,1,2,2,3,2,2,2,3,1,1,1,3,3,4,2,3,2
"58211fc787f6b90001f13f90",-0.599287410481972,-1.37670390382988,0.626135899004335,0.319390498589005,-0.448009367681497,-0.949180327868854,0.45016913869373,0.190760059612519,-1.04068258018421,0.522920824642222,-0.698594847775173,0.307494145199065,-0.364079570159274,-0.195550351288054,82,-0.330838394017088,29,-1.05449662246634,53,0.501381555836208,10,-1.32854602793887,19,-0.599248423342289,27,0.28050008888932,26,0.675278663550253,-0.294627256726416,-1.00393964225627,-0.267564402810304,-0.750819672131147,-0.638110396404284,-0.536039552432996,5,-0.71749347752309,3,-0.332417508126427,2,-0.958183724934471,-2.39292865384992,-0.118695661582376,-4.02068696330991,-0.276346604215458,-2.21447752582081,-2.52295081967213,34,-1.76882728681038,11,-2.43566713269339,23,-0.167701194233365,-1.6720436042437,0.282104834042069,-1.20374707259953,0.098360655737705,-1.11185788111152,-0.682903981264637,13,-0.974026368606636,5,-1.49807243059897,8,0.136064630007711,1,1,2,1,2,1,2,1,1,2,1,1,1,1,1,1,2,1,3,2,3,1,3,1,1,3,1,1,2,2,2,1
"5875778b5c17910001ea4f35",-1.01122321407961,-1.37670390382988,-0.807277005648472,-1.75352910400474,-0.748009367681498,-0.949180327868854,-0.549830861306271,-1.17287630402384,-1.2741561291419,-1.37834719121733,-0.848594847775174,-0.892505854800937,-1.37941716203168,-0.870550351288055,55,-1.47282517384434,26,-1.28091468706229,29,-1.45526664835627,10,-1.32854602793887,16,-1.00052245904614,12,-1.72463726528043,17,-0.824776772301552,-0.594503371463641,-1.16970999319742,-0.517564402810305,-0.750819672131147,-0.885393572224682,-0.647150663544107,4,-0.866216640097051,2,-0.643013297995102,2,-0.958183724934471,0.721437766551234,-0.520475843346653,0.979313036690086,-1.02634660421546,0.587636473886431,0.177049180327868,61,0.12412823065336,41,0.593251998439736,20,-0.622839392989595,-1.51999993134438,-0.985097731416554,-1.20374707259953,-0.651639344262295,-1.42316028399133,-0.982903981264637,10,-1.40191655316943,5,-1.49807243059897,5,-0.901428173801088,1,1,1,1,1,1,1,1,1,1,2,2,1,1,1,1,1,1,1,1,1,1,1,1,1,1,3,3,2,1,2,1
"58a99decef58a9000119cd1c",-0.611695185132769,-1.24632292093311,0.720364344608527,-0.300274660001857,-0.448009367681498,-0.849180327868854,0.450169138693729,-0.172876304023844,-0.952645919342918,0.220968583876351,-0.648594847775175,0.107494145199064,-0.438766829377403,-0.270550351288055,79,-0.457725813997894,30,-0.979023934267697,49,0.175273521804127,11,-1.1885783116966,19,-0.599248423342289,23,-0.254203205555946,26,0.675278663550253,-0.86616126329764,-0.333470172115285,-0.517564402810304,-0.150819672131148,-0.603509033857833,-0.313817330210771,7,-0.420047152375168,2,-0.643013297995102,5,-0.19247358666806,-0.489755821617081,-2.32059054854696,-1.02068696330991,-3.02634660421546,-0.761135954241635,-1.82295081967213,41,-1.278061041542,29,-0.618315654013515,12,-1.83654125633954,1.0595374613467,0.282104834042068,0.796252927400469,0.098360655737705,0.841576848672196,0.517096018735363,25,0.73753436964453,17,0.990942852925387,8,0.136064630007711,1,1,2,1,2,1,1,2,2,2,1,1,1,1,1,1,2,1,3,2,3,1,2,4,4,3,2,2,1,2,1,2
"58d3e0ecc8677b0001a20d64",1.34454905516377,0.537525911520866,0.59346172805136,-0.0661452638289182,0.951990632318501,0.350819672131149,0.450169138693729,0.00894187779433584,1.0745229707128,0.313149085591515,0.651405152224822,0.207494145199063,0.816818149522029,0.429449648711947,107,0.726556772489624,56,0.98326595889713,51,0.338327538820168,23,0.491034283210566,33,1.27336374327569,25,0.0131484416666867,26,0.675278663550253,0.501634919710301,0.54015103676461,0.232435597189695,0.649180327868852,0.536788966946369,0.463960447567004,14,0.621014985642558,5,0.288774071610923,9,0.828473264353822,0.213749348542294,2.83073051742213,0.645979703356755,3.97365339578454,0.581073449738902,1.97704918032787,79,1.38609857562918,39,0.391324056364194,40,2.41141526538527,1.40254516810693,1.05221636129603,0.962919594067136,0.598360655737705,1.34262864630586,0.817096018735363,28,1.16542455420732,18,1.19836079321908,10,0.827726499213578,2,2,2,2,2,2,2,2,2,2,2,2,2,2,2,2,4,4,3,4,3,3,3,4,4,4,3,3,4,3,3,3
"58d9a79c33fef3000118abdf",-0.632119577326592,-1.37670390382988,0.901591009478989,0.353731995265221,-0.448009367681497,-0.949180327868854,0.56128024980484,0.190760059612521,-1.04306689060548,0.686214149095378,-0.698594847775173,0.357494145199062,-0.228393439784636,-0.170550351288056,83,-0.28854258735682,29,-1.05449662246634,54,0.582908564344228,10,-1.32854602793887,19,-0.599248423342289,27,0.28050008888932,27,0.841951489756009,-0.0698990868609228,-0.186550119553337,-0.0175644028103044,0.0491803278688521,-0.0840575986561131,0.0195160031225608,10,0.0261223353467146,4,-0.0218217182577522,6,0.0627631260874107,-0.793522558006611,-1.92752945447484,-1.35402029664325,-2.77634660421546,-0.967128351896523,-1.92295081967213,40,-1.34817050515177,27,-0.820243596089057,13,-1.6848285234208,-0.90800768956258,1.14845545043057,-0.703747072599532,0.598360655737705,-0.293170856495976,-0.182903981264637,18,-0.260876061001983,8,-0.875818609717879,10,0.827726499213578,1,1,2,1,2,1,2,1,1,2,1,1,1,2,2,1,2,1,3,2,4,1,3,2,1,4,1,1,1,3,3,2
"590ca82d9361c40001880573",1.39470024674307,1.60367527423268,0.892792218012342,-0.222753646986822,0.9519906323185,1.05081967213115,0.56128024980484,-0.172876304023844,1.55683221791611,0.395811225014182,1.00140515222482,0.157494145199059,1.11992645452328,0.579449648711941,113,0.980331612451235,63,1.51157477628766,50,0.256800530312148,30,1.47080829690642,33,1.27336374327569,23,-0.254203205555946,27,0.841951489756009,-0.594503371463641,0.0940748876153837,-0.517564402810305,0.0491803278688525,-0.322018025120153,-0.202706219099662,8,-0.271323989801207,2,-0.643013297995102,6,0.0627631260874107,1.34283771955638,-0.498599889478005,2.31264637002342,-1.27634660421546,1.12245886427472,0.877049180327867,68,0.614894475921736,49,1.4009637667419,19,-0.774552125908339,1.75992661705417,0.372734125304488,1.29625292740047,0.0983606557377056,1.34246077531034,0.817096018735363,28,1.16542455420732,20,1.61319667380648,8,0.136064630007711,2,2,2,2,2,2,1,2,2,2,2,2,1,1,1,2,4,4,3,4,4,4,2,4,4,3,4,4,2,2,2,3
"5932ccd3cf0d9600010e91c3",2.2712981702117,2.26042545296928,1.79300092729769,2.09518916313016,1.6519906323185,1.55081967213115,1.1168358053604,1.28166915052161,2.44543919404074,2.07891428043315,1.60140515222482,1.20749414519906,2.38681366667044,1.40444964871194,146,2.37609323224009,75,2.41724703467143,71,1.96886770898057,35,2.17064687811774,40,2.20966982658469,39,1.88460997222512,32,1.67531562078479,0.876658979319255,-0.506175214720672,0.482435597189696,-0.350819672131147,0.258860585745281,0.0195160031225593,10,0.0261223353467146,6,0.599369861479597,4,-0.44771029942353,-1.02883195438487,-1.26320348997939,-1.85402029664325,-2.27634660421546,-1.11522421027057,-2.02295081967213,39,-1.41827996876154,24,-1.12313550920237,15,-1.38140305758331,0.584112368047799,1.54930739950071,0.296252927400468,0.848360655737705,0.922850872606358,0.517096018735363,25,0.73753436964453,14,0.368689032044298,11,1.17355743381651,2,2,2,2,2,2,2,2,2,2,1,1,1,2,2,1,4,4,4,4,4,4,4,4,3,4,1,1,1,3,4,2
"5974c55334b844000168d278",-1.74352513216974,-1.37670390382988,-1.00191839805507,-1.04290509675933,-1.2480093676815,-0.949180327868854,-0.660941972417382,-0.718330849478389,-1.73253546625925,-1.1315878153502,-1.09859484777518,-0.692505854800938,-1.54801581472802,-0.895550351288057,54,-1.51512098050461,21,-1.65827812805552,33,-1.12915861432419,10,-1.32854602793887,11,-1.66931251855257,17,-1.05625814722385,16,-0.991449598507308,-0.594503371463641,-0.739813936812173,-0.517564402810305,-0.550819672131147,-0.700780437516069,-0.536039552432996,5,-0.71749347752309,2,-0.643013297995102,3,-0.702947012179001,0.440806714510982,-0.341404978861219,0.645979703356754,-0.776346604215457,0.346844211452577,0.0770491803278686,60,0.0540187670435917,39,0.391324056364194,21,-0.471126660070852,-0.785579444430549,-1.66457996740811,-0.537080405932865,-1.15163934426229,-1.15421825069373,-0.782903981264637,12,-1.11665643012757,9,-0.668400669424183,3,-1.59309004300695,1,1,1,1,1,1,1,1,1,1,2,2,1,1,1,1,1,1,1,1,1,1,1,1,1,1,3,3,2,2,2,2
"5981d55b04ebec0001aaadde",1.04441348224647,-0.296493468903636,-0.173059011584926,0.864227306188545,0.751990632318501,-0.249180327868851,-0.105386416861826,0.554396423248883,0.519609105824488,0.349892885716994,0.251405152224827,0.257494145199063,0.491588092025092,0.254449648711944,100,0.430486125867744,48,0.379484453307952,52,0.419854547328188,17,-0.348772014243019,31,1.00584771947313,31,0.815203383334586,21,-0.158085467478527,0.501634919710301,-0.21626451923313,0.232435597189695,-0.150819672131147,0.165444353180529,0.0195160031225588,10,0.0261223353467146,5,0.288774071610923,5,-0.19247358666806,-0.396175935831747,-0.563714249100781,-0.687353629976581,-1.02634660421546,-0.440858454929716,-0.822950819672131,51,-0.576966405444321,31,-0.416387711937974,20,-0.622839392989595,0.388726299463533,0.372734125304477,0.29625292740047,0.0983606557377056,0.398242054159764,0.217096018735363,22,0.309644185081739,14,0.368689032044298,8,0.136064630007711,2,2,2,2,1,1,2,2,2,2,1,1,1,2,2,1,3,3,3,4,2,2,4,3,3,3,2,2,2,3,3,2
"5987030cfd8cca00015cbc26",1.02846504083288,2.34020757482368,1.66909064517009,2.52326457427847,0.7519906323185,1.65081967213115,1.00572469424928,1.64530551415797,1.68669676237262,2.24869993912134,1.20140515222482,1.35749414519906,2.01307507503833,1.27944964871194,141,2.16461419893875,67,1.81346552908225,74,2.21344873450463,36,2.31061459436,31,1.00584771947313,43,2.41931326667038,31,1.50864279457903,1.59777321088424,1.63670545195398,0.982435597189696,1.04918032786885,1.62090165195874,1.01951600312256,19,1.36463079851236,8,1.22056144121695,11,1.33894668986476,0.967920763633297,2.45382818278902,1.47931303669008,3.47365339578454,1.21190731030105,2.27704918032787,82,1.59642696645849,44,0.896143911553049,38,2.10798979954779,2.40337633664365,1.91408979507445,1.79625292740047,1.34836065573771,2.38899061836135,1.61709601873536,36,2.30646504637477,23,2.23545049468756,13,1.86521930302238,2,2,2,2,2,2,2,2,2,2,2,2,2,2,2,2,4,4,4,4,4,4,4,4,4,4,4,4,4,4,4,4
"5994b4b88737070001762c8f",2.02026559657759,1.86398657673133,0.57733518721699,0.859134602946869,1.4519906323185,1.25081967213115,0.450169138693728,0.554396423248884,2.12719524060975,0.776412946334333,1.35140515222482,0.507494145199061,1.62972365579254,0.929449648711941,127,1.57247290569499,70,2.03988359367819,57,0.827489589868288,32,1.75074372939094,38,1.94215380278212,31,0.815203383334586,26,0.675278663550253,1.44819298589048,1.81176149121395,0.732435597189696,1.24918032786885,1.60667623510429,1.01951600312256,19,1.36463079851236,7,0.909965651348272,12,1.59418340262023,-0.216617450366145,-0.116493862398416,-0.687353629976581,-0.276346604215456,-0.224158100330518,-0.522950819672131,54,-0.366638014615017,31,-0.416387711937974,23,-0.167701194233365,1.52236212589729,0.651364412225891,1.1295862607338,0.348360655737705,1.3137852281986,0.817096018735363,28,1.16542455420732,19,1.40577873351278,9,0.481895564610644,2,2,2,2,2,2,2,2,2,2,1,1,1,2,2,2,4,4,4,4,3,4,4,4,4,3,2,2,2,4,4,4
"59b8053c59f3df0001e08810",2.2712981702117,2.71145660674938,2.1368534628787,2.65813362199829,1.6519906323185,1.85081967213115,1.33905802758262,1.73621460506707,2.65088227955144,2.59597563176499,1.75140515222482,1.55749414519906,2.76013303833617,1.65444964871194,156,2.79905129884278,78,2.64366509926737,78,2.53955676853671,38,2.59055002684453,40,2.20966982658469,44,2.5529890902817,34,2.0086612731963,2.39231129241911,2.18996926921282,1.9824355971897,1.64918032786885,2.41252460144716,1.79729378090034,26,2.40569293653009,12,2.46294460069165,14,2.10465682813117,1.70312278038111,0.862099967689648,2.64597970335675,0.723653395784544,1.6704961825684,1.87704918032787,78,1.31598911201942,51,1.60289170881745,27,0.439149737441609,0.749525706996708,1.7316985972876,0.296252927400468,1.09836065573771,1.12077874569786,0.617096018735363,26,0.880164431165461,14,0.368689032044298,12,1.51938836841944,2,2,2,2,2,2,2,2,2,2,2,2,2,2,2,2,4,4,4,4,4,4,4,4,3,4,4,4,4,4,4,4
"59c0782e5364260001dc4740",-1.32433875178792,-1.03367936780337,-1.07183045276418,-1.45107570983859,-0.948009367681498,-0.749180327868853,-0.772053083528494,-0.900149031296574,-1.31673259523497,-1.32282620158688,-0.848594847775173,-0.842505854800936,-1.41202158683764,-0.845550351288057,56,-1.43052936718407,26,-1.28091468706229,30,-1.37373963984825,12,-1.04861059545434,14,-1.26803848284871,15,-1.32360979444648,15,-1.15812242471306,-1.16603737803486,-1.43383569864152,-0.767564402810305,-0.950819672131147,-1.29923059373509,-0.869372885766328,2,-1.16366296524497,1,-0.953609087863776,1,-1.21342043768994,0.0941776701402202,0.135774991777827,-0.187353629976581,0.223653395784543,0.0909548652891718,-0.0229508196721314,59,-0.0160906965661763,34,-0.113495798824661,25,0.135724271604122,-1.14402624166419,-2.28836985037158,-0.870413739266199,-1.15163934426229,-1.54611282361895,-0.982903981264637,10,-1.40191655316943,7,-1.08323655001158,3,-1.59309004300695,1,1,1,1,1,1,1,1,1,1,2,2,2,1,1,1,1,1,1,1,1,1,1,1,1,1,3,3,3,1,1,1
"59d418c3b37d52000122ece0",0.619113130272177,0.88605787994432,-0.173059011584926,-0.603076964621664,0.451990632318501,0.550819672131148,-0.105386416861826,-0.354694485842027,0.782793374005403,-0.409639981181136,0.501405152224825,-0.242505854800937,0.260355570927215,0.129449648711942,95,0.219007092566402,53,0.756847894301188,42,-0.395415537752013,25,0.770969715695095,28,0.604573683769272,21,-0.521554852778579,21,-0.158085467478527,-0.294627256726417,0.28149990830247,-0.267564402810304,0.249180327868853,-0.0390241061914438,0.019516003122561,10,0.0261223353467146,3,-0.332417508126427,7,0.317999838842881,1.39935604399159,0.0269002237206872,2.31264637002342,-0.276346604215456,1.29437082886705,1.27704918032787,72,0.895332330360808,49,1.4009637667419,23,-0.167701194233365,0.0924415130312228,0.0636440827588161,-0.0370804059328655,0.0983606557377049,0.0881848072381799,0.017096018735363,20,0.0243840620398779,12,-0.046146848543094,8,0.136064630007711,2,2,1,2,1,2,1,1,2,2,2,2,2,2,1,2,3,4,2,3,2,4,2,2,3,3,4,4,3,3,2,3
"59dd90f6e75b450001a68dac",1.86591830775449,0.0451750619725419,1.4520239332105,1.81310214752339,1.3519906323185,0.0508196721311488,1.00572469424928,1.09985096870343,1.23953630039715,1.75391493296064,0.701405152224826,1.05749414519907,1.57762188907757,0.879449648711943,125,1.48788129237446,57,1.05873864709578,68,1.72428668345651,20,0.0711311344837735,37,1.80839579088083,37,1.61725832500249,31,1.50864279457903,2.16758312255362,1.90083115739808,1.7324355971897,1.24918032786885,2.10842867854444,1.463960447567,23,1.95952344880821,11,2.15234881082297,12,1.59418340262023,0.738412189294862,-0.428125701651385,1.14597970335675,-1.77634660421546,0.611220382536846,-0.0229508196721313,59,-0.0160906965661763,42,0.694215969477507,17,-1.07797759174583,1.68401297426032,2.59804921367608,1.1295862607338,1.59836065573771,2.13141822271961,1.31709601873536,33,1.87857486181197,19,1.40577873351278,14,2.21105023762531,2,2,2,2,2,2,2,2,2,2,2,2,1,2,2,2,4,4,4,4,4,3,4,4,4,4,3,3,2,4,4,4
"59eb8c106100f9000194aa47",1.19847679744828,2.2442351001351,1.85424414474289,1.33247324391206,0.8519906323185,1.55081967213115,1.22794691647151,0.827123695976152,1.82134918542176,1.75853434743712,1.20140515222482,1.00749414519907,1.87960910947781,1.10444964871194,134,1.86854355231687,67,1.81346552908225,67,1.64275967494849,35,2.17064687811774,32,1.13960573137441,34,1.21623085416854,33,1.84198844699055,0.923588701287757,1.90083115739808,0.232435597189696,1.24918032786885,1.30060414054998,0.797293780900337,17,1.06718447336444,5,0.288774071610923,12,1.59418340262023,1.35965086193263,0.471796855598136,2.31264637002342,-0.0263466042154572,1.32456014115858,1.37704918032787,73,0.965441793970576,49,1.4009637667419,24,-0.0159884613146216,2.04077231301308,-1.91350047431563,1.46291959406714,-0.901639344262296,0.841632886778388,0.517096018735363,25,0.73753436964453,21,1.82061461410017,4,-1.24725910840402,2,2,2,2,2,2,2,2,2,1,2,2,2,2,2,2,4,4,4,4,4,4,4,4,4,1,4,4,3,4,4,4
"59fb763bdf3fa800015c2aa0",-0.309948755797598,0.069166734152267,-0.73222444368097,-0.616547360189249,-0.2480093676815,0.0508196721311476,-0.43871975019516,-0.354694485842028,-0.155518201494641,-0.733833658588101,-0.0985948477751747,-0.392505854800938,-0.473808019872974,-0.245550351288058,80,-0.415430007337625,41,-0.148824364082578,39,-0.639996563276073,20,0.0711311344837735,21,-0.33173239953972,21,-0.521554852778579,18,-0.658103946095795,-0.594503371463641,-0.739813936812173,-0.517564402810305,-0.550819672131147,-0.700780437516069,-0.536039552432996,5,-0.71749347752309,2,-0.643013297995102,3,-0.702947012179001,0.0644164275128162,-0.186811914467671,0.145979703356753,-0.526346604215457,0.0297095030360975,-0.122950819672131,58,-0.0862001601759444,36,0.0884321432508812,22,-0.319413927152108,-0.257562081851055,-1.3859496804867,-0.203747072599532,-0.901639344262295,-0.677292942219543,-0.482903981264637,15,-0.688766245564775,11,-0.25356478883679,4,-1.24725910840402,1,1,1,1,1,2,1,1,1,1,1,1,1,1,1,1,2,2,2,2,1,3,2,2,2,1,2,2,2,2,2,2
"5a0faf7a120fb3000194961d",-0.804156186604148,-0.261642558758832,-0.534488407535552,0.0897428686680933,-0.548009367681498,-0.149180327868853,-0.216497527972938,0.0998509687034276,-0.59473382709215,-0.246520031802257,-0.348594847775176,-0.0425058548009366,-0.478661988732095,-0.195550351288056,82,-0.330838394017088,36,-0.526187805075814,46,-0.0693075037199327,18,-0.208804298000755,18,-0.733006435243573,26,0.146824265278003,20,-0.324758293684283,-0.145047031732651,0.419134272545596,-0.0175644028103048,0.249180327868853,0.117003542785772,0.130627114233672,11,0.174845497920675,4,-0.0218217182577522,7,0.317999838842881,-1.08443189884513,0.558395622747345,-0.854020296643248,0.473653395784544,-0.883294743392173,-0.322950819672131,56,-0.22641908739548,30,-0.517351682975745,26,0.287437004522865,0.241104661287581,0.432903660942635,0.129586260733801,0.348360655737705,0.381199859476962,0.217096018735362,22,0.309644185081739,13,0.161271091750602,9,0.481895564610644,1,1,1,1,1,1,2,2,2,2,1,1,2,2,2,2,2,2,2,1,2,2,3,3,3,3,1,1,3,3,3,3
"5a146ac4ff266c0001d20dfa",1.32718583637472,2.33445287175553,0.502631681697231,1.42539819998882,0.951990632318499,1.55081967213115,0.339058027582617,0.918032786885249,1.90531223565656,1.01456699347669,1.25140515222482,0.657494145199062,1.53043339385066,0.954449648711942,128,1.61476871235526,68,1.8889382172809,60,1.07207061539235,35,2.17064687811774,33,1.27336374327569,35,1.34990667777985,25,0.508605837344497,0.876658979319255,0.25336392160445,0.482435597189696,0.249180327868853,0.612322232636771,0.352849336455893,13,0.472291823068597,6,0.599369861479597,7,0.317999838842881,1.41164263674961,2.51074545739987,2.31264637002342,3.47365339578454,1.62363595948161,2.77704918032787,87,1.94697428450733,49,1.4009637667419,38,2.10798979954779,1.25749738332966,-0.397377401949479,0.962919594067135,-0.401639344262295,0.7173354679985,0.417096018735363,24,0.5949043081236,18,1.19836079321908,6,-0.555597239198155,2,2,2,2,2,2,2,2,2,1,2,2,2,2,2,2,4,4,4,4,3,4,4,3,4,2,4,4,4,3,4,3
"5a463b8c56ec1100014a3100",0.633609806433321,-0.489861806379597,-1.71160228722888,1.55318517235604,0.451990632318504,-0.349180327868855,-0.994275305750716,1.00894187779434,0.110886308422128,-0.156086842914273,0.0514051522248243,0.10749414519906,0.0352753627874311,0.079449648711945,93,0.134415479245865,44,0.0775937005133635,49,0.175273521804127,16,-0.488739730485283,28,0.604573683769272,36,1.48358250139117,13,-1.49146807712458,1.77796763042224,1.63670545195398,1.2324355971897,1.04918032786885,1.72724978254268,1.13062711423367,20,1.51335396108632,9,1.53115723108562,11,1.33894668986476,2.61758011547198,2.83073051742213,4.14597970335675,3.97365339578454,2.76502158295365,4.07704918032787,100,2.85839731143431,60,2.51156744815738,40,2.41141526538527,1.5720782995098,1.20862498606871,1.1295862607338,0.848360655737704,1.51907539971655,1.01709601873536,30,1.45068467724918,19,1.40577873351278,11,1.17355743381651,2,2,1,2,1,1,2,2,2,2,2,2,2,2,2,2,3,3,2,3,1,2,4,4,4,4,4,4,4,4,4,4
"5a4bb2a49f5e570001e8372f",-1.18969857040711,0.554088516844404,-1.50949365809357,-0.104793674232006,-0.848009367681499,0.350819672131147,-0.994275305750715,0.00894187779433713,-0.536887389937507,-0.908807053187495,-0.248594847775177,-0.442505854800938,-0.810158340841035,-0.345550351288056,76,-0.584613233978699,38,-0.37524242867852,38,-0.721523571784093,23,0.491034283210566,15,-1.13428047094743,25,0.0131484416666867,13,-1.49146807712458,-0.0698990868609216,-0.975803655558254,-0.0175644028103044,-0.750819672131147,-0.476875877798639,-0.424928441321885,6,-0.568770314949129,4,-0.0218217182577522,2,-0.958183724934471,1.59119899788372,2.45122633656579,2.64597970335675,3.22365339578454,1.77112062661771,2.87704918032787,88,2.0170837481171,51,1.60289170881745,37,1.95627706662904,-1.32903589748347,-1.3859496804867,-1.03708040593287,-0.901639344262295,-1.45030824350588,-0.982903981264636,10,-1.40191655316943,6,-1.29065449030527,4,-1.24725910840402,1,1,1,1,1,2,1,1,1,1,2,2,2,1,2,1,1,2,1,1,1,3,2,1,1,1,4,4,4,2,3,1
"5a4e1a7e87c6f80001cada83",1.65291201392577,1.1638092932254,-0.207646578865482,1.91528016939185,1.1519906323185,0.750819672131151,-0.216497527972939,1.19076005961252,1.57241619089848,0.856498360890702,0.951405152224825,0.557494145199064,1.29419761216078,0.754449648711944,120,1.27640225907311,62,1.43610208808901,58,0.909016598376308,27,1.05090514817962,35,1.54087976707826,38,1.7509341486138,20,-0.324758293684283,2.06253664788735,2.33453832512019,1.4824355971897,1.84918032786885,2.27480962015619,1.68618266978923,25,2.25696977395613,10,1.8417530209543,15,2.35989354088664,-0.580827151180669,0.374765024136628,-1.02068696330992,0.973653395784543,-0.49976811048094,-0.222950819672132,57,-0.156309623785712,29,-0.618315654013515,28,0.590862470360352,0.229601709353208,0.651364412225878,0.29625292740047,0.348360655737705,0.447345504745228,0.317096018735363,23,0.452274246602669,14,0.368689032044298,9,0.481895564610644,2,2,2,2,1,2,2,2,2,2,1,1,2,2,2,2,4,4,4,4,2,4,4,3,3,3,2,2,3,4,4,4
"5a59958deedc32000142827d",0.597400364102749,1.44273245899186,0.825706256547978,-0.355390535568195,0.451990632318501,0.950819672131147,0.450169138693729,-0.263785394932935,1.07106232081434,0.268262848701796,0.701405152224821,0.0574941451990611,0.7233290954649,0.379449648711943,105,0.641965159169087,57,1.05873864709578,48,0.0937465132961074,29,1.33084058066415,28,0.604573683769272,22,-0.387879029167263,26,0.675278663550253,-0.294627256726417,0.709044968033136,-0.267564402810304,0.449180327868853,0.141256796993069,0.130627114233672,11,0.174845497920675,3,-0.332417508126427,8,0.573236551598352,1.24146196072294,2.0092096423099,2.31264637002342,2.97365339578454,1.40604376757345,2.57704918032787,85,1.80675535728779,49,1.4009637667419,36,1.8045643337103,0.202651295357864,-0.150339485914376,0.129586260733801,-0.151639344262295,0.0839384149373746,0.0170960187353629,20,0.0243840620398779,13,0.161271091750602,7,-0.209766304595221,2,2,2,2,2,2,1,1,2,1,2,2,2,2,1,2,4,4,3,3,4,4,2,2,3,2,4,4,4,3,2,3
"5a622b2d13898300014b20d6",0.177659700669707,-1.25155767313952,0.263763075217071,0.448572897074998,0.151990632318502,-0.849180327868854,0.116835805360397,0.281669150521608,-0.429434359544936,0.338889287601649,-0.348594847775175,0.207494145199067,-0.0746587064027464,-0.0705503512880553,87,-0.119359360715746,36,-0.526187805075814,51,0.338327538820168,11,-1.1885783116966,25,0.203299648065418,28,0.414175912500636,23,0.175260184932985,0.876658979319255,-0.449903241324633,0.482435597189696,-0.350819672131147,0.284478990402248,0.0195160031225588,10,0.0261223353467146,6,0.599369861479597,4,-0.44771029942353,0.104791621807272,-0.574269269054038,0.64597970335675,-0.0263466042154564,0.0179213146416431,0.377049180327871,63,0.264347157872896,39,0.391324056364194,24,-0.0159884613146216,-0.0607286990374517,-0.80270653362969,-0.0370804059328638,-0.401639344262295,-0.307624448746827,-0.182903981264637,18,-0.260876061001983,12,-0.046146848543094,6,-0.555597239198155,1,1,2,2,2,1,2,1,1,1,1,2,1,2,2,1,2,2,3,3,3,1,3,2,2,2,2,3,2,3,4,2
"5a6fec42ff6f2300013ee471",-1.60381678706007,-1.24632292093311,-1.89282895209934,-1.67943371668587,-1.1480093676815,-0.849180327868854,-1.10538641686183,-1.08196721311476,-1.55998783101079,-1.92195644865327,-0.998594847775177,-1.09250585480094,-1.83849245068836,-1.04555035128806,48,-1.76889582046622,23,-1.50733275165823,25,-1.78137468238835,11,-1.1885783116966,12,-1.53555450665128,13,-1.59096144166911,12,-1.65814090333033,-1.39076554790036,-1.23757836434777,-1.0175644028103,-0.950819672131147,-1.37087977887377,-0.980483996877439,1,-1.31238612781893,0,-1.26420487773245,1,-1.21342043768994,-2.0065944274202,-3.32886587117339,-3.18735362997658,-4.52634660421546,-2.29608894420445,-3.72295081967213,22,-2.61014085012759,16,-1.93084727750454,6,-2.746817653852,-1.36122517864944,-1.97367000995378,-1.03708040593287,-1.1516393442623,-1.63415442342492,-1.08290398126464,9,-1.54454661469036,6,-1.29065449030527,3,-1.59309004300695,1,1,1,1,1,1,1,1,1,1,1,1,1,1,1,1,1,1,1,1,1,1,1,1,1,1,1,1,1,1,1,1
"5a8b57da000dab00018ccb72",-1.05859814421999,-0.893749697613476,-2.16644974117577,-1.63635585521913,-0.7480093676815,-0.649180327868853,-1.43871975019516,-1.08196721311475,-1.02952583566495,-2.0723559817287,-0.698594847775175,-1.24250585480094,-1.61301290005344,-0.970550351288058,51,-1.64200840048541,29,-1.05449662246634,22,-2.02595570791241,13,-0.908642879212076,16,-1.00052245904614,13,-1.59096144166911,9,-2.1581593819476,-1.39076554790036,-1.66747442073302,-1.0175644028103,-1.15081967213115,-1.55549291358239,-1.09159510798855,0,-1.46110929039289,0,-1.26420487773245,0,-1.46865715044541,-0.620018828026152,0.0435724851428632,-0.18735362997658,-1.02634660421546,-0.56597953720326,-0.522950819672132,54,-0.366638014615017,34,-0.113495798824661,20,-0.622839392989595,-1.86039635076294,-1.3859496804867,-1.3704137392662,-0.901639344262295,-1.77134382304011,-1.18290398126464,8,-1.68717667621129,4,-1.70549037089266,4,-1.24725910840402,1,1,1,1,1,1,1,1,1,1,1,1,2,1,1,1,1,1,1,1,1,1,1,1,1,1,2,2,3,1,1,1
"5a8da7a50f1bce00012270a2",0.341543537694144,0.170321292662901,0.21281114752753,0.170475919077089,0.2519906323185,0.150819672131149,0.227946916471506,0.190760059612518,0.349484559283258,0.213244432029275,0.201405152224824,0.207494145199064,0.276409789780035,0.204449648711944,98,0.345894512547207,47,0.304011765109305,51,0.338327538820168,21,0.211098850726038,26,0.337057659966703,27,0.28050008888932,24,0.341933011138741,-1.09088943316313,-0.975803655558255,-0.767564402810304,-0.750819672131147,-1.06258509444064,-0.758261774655217,3,-1.01493980267101,1,-0.953609087863776,2,-0.958183724934471,0.904615650825075,-0.281885858027132,1.64597970335675,-0.526346604215456,0.78556395960125,0.777049180327868,67,0.544785012311968,45,0.99710788259082,22,-0.319413927152108,-0.620166105481633,0.342274369680223,-0.537080405932865,0.348360655737704,-0.298618179952749,-0.182903981264637,18,-0.260876061001983,9,-0.668400669424183,9,0.481895564610644,2,2,2,2,2,2,2,1,1,2,2,2,1,1,1,1,3,3,3,3,3,3,3,2,2,3,4,4,2,1,1,1
"5aaba40344adc700014c83ce",0.147417722262479,0.962419738917625,-0.0845548048044825,0.358149350266361,0.0519906323185002,0.650819672131152,-0.105386416861826,0.281669150521609,0.447629681486635,0.162305765691156,0.351405152224828,0.10749414519906,0.334461123317406,0.229449648711947,99,0.388190319207476,50,0.530429829705247,49,0.175273521804127,26,0.910937431937359,24,0.0695416361641339,28,0.414175912500636,21,-0.158085467478527,0.424762879936724,0.976981784814093,0.732435597189695,1.04918032786885,0.786878752828309,0.908404892011451,18,1.2159076359384,7,0.909965651348272,11,1.33894668986476,0.131451618504035,0.236052627783761,0.979313036690084,0.723653395784544,0.167895748830308,0.877049180327868,68,0.614894475921736,41,0.593251998439736,27,0.439149737441609,0.754710847737091,-1.5126485252455,0.462919594067137,-0.651639344262296,0.0664421548854303,0.0170960187353634,20,0.0243840620398779,15,0.576106972337995,5,-0.901428173801088,2,2,2,2,1,2,2,1,2,1,2,2,2,2,2,2,3,3,3,3,2,4,3,2,3,1,3,3,3,3,3,4
"5ac68ddbe734400001da4729",-0.485232038668337,-0.639367839480919,-0.449964181992912,-0.343858869614805,-0.348009367681499,-0.449180327868854,-0.327608639084048,-0.263785394932934,-0.599836796082137,-0.436898477124755,-0.398594847775176,-0.292505854800937,-0.558730205761149,-0.345550351288057,76,-0.584613233978699,35,-0.601660493274461,41,-0.476942546260033,15,-0.628707446727548,20,-0.465490411441004,22,-0.387879029167263,19,-0.491431119890039,-0.519355426591911,-0.742164933466752,-0.517564402810304,-0.550819672131147,-0.665889506782821,-0.536039552432996,5,-0.71749347752309,2,-0.643013297995102,3,-0.702947012179001,0.126086979151065,-0.129772684215864,0.145979703356753,-0.026346604215457,0.0895490312897257,0.0770491803278684,60,0.0540187670435917,36,0.0884321432508812,24,-0.0159884613146216,-0.270931747900647,0.0636440827588064,-0.203747072599531,0.0983606557377049,-0.135916098296792,-0.0829039812646371,19,-0.118245999481053,11,-0.25356478883679,8,0.136064630007711,1,1,1,1,1,1,1,1,1,1,2,2,1,1,1,1,2,2,2,2,2,2,2,2,2,2,3,3,2,2,2,2
"5ac9e0299534ba0001c76e80",1.87010556477416,2.55200941640232,1.78230045053879,1.86521531696192,1.3519906323185,1.75081967213115,1.00572469424928,1.28166915052161,2.35993712665576,1.98535394992164,1.55140515222482,1.15749414519906,2.27409056218811,1.35444964871195,144,2.29150161891956,74,2.34177434647278,70,1.88734070047255,37,2.45058231060227,37,1.80839579088083,39,1.88460997222512,31,1.50864279457903,1.37304504101875,1.69220484167722,0.732435597189696,1.24918032786885,1.52030993873699,1.01951600312256,19,1.36463079851236,7,0.909965651348272,12,1.59418340262023,1.41546124502878,0.830060540209961,2.47931303669009,0.973653395784542,1.38039834884689,1.87704918032787,78,1.31598911201942,50,1.50192773777967,28,0.590862470360352,1.59415597623719,0.9559772721615,1.1295862607338,0.598360655737706,1.45100927191333,0.917096018735363,29,1.30805461572825,19,1.40577873351278,10,0.827726499213578,2,2,2,2,2,2,2,2,2,2,2,2,2,2,2,2,4,4,4,4,4,4,4,4,4,4,4,4,4,4,4,4
"5ae8666f8610340001af5b6e",-1.74230474749838,-1.37670390382988,-1.46790559696352,-1.48837604492934,-1.2480093676815,-0.949180327868854,-0.772053083528494,-0.991058122205663,-1.71772501039132,-1.57455203402926,-1.09859484777518,-0.892505854800937,-1.76206776545629,-0.995550351288055,50,-1.68430420714568,21,-1.65827812805552,29,-1.45526664835627,10,-1.32854602793887,11,-1.66931251855257,14,-1.4572856180578,15,-1.15812242471306,-1.39076554790036,-1.66747442073302,-1.0175644028103,-1.15081967213115,-1.55549291358239,-1.09159510798855,0,-1.46110929039289,0,-1.26420487773245,0,-1.46865715044541,0.748960263231294,0.306126768571102,1.14597970335675,-0.0263466042154558,0.739829649177072,0.677049180327868,66,0.4746755487022,42,0.694215969477507,24,-0.0159884613146216,-0.0596021598680953,-1.56834087827357,-0.0370804059328656,-1.1516393442623,-0.65111990977607,-0.482903981264637,15,-0.688766245564775,12,-0.046146848543094,3,-1.59309004300695,1,1,1,1,1,1,1,1,1,1,2,2,2,1,1,1,1,1,1,1,1,1,1,2,2,1,3,3,3,1,1,1
"5aeaf3c226b6680001698375",1.170526020456,-0.421809509723706,1.71953594076294,1.51418799884533,0.8519906323185,-0.349180327868852,1.00572469424928,1.00894187779434,0.565889623137841,1.74063889128208,0.251405152224826,1.00749414519906,1.18944868833665,0.629449648711943,115,1.06492322577177,48,0.379484453307952,67,1.64275967494849,16,-0.488739730485283,32,1.13960573137441,36,1.48358250139117,31,1.50864279457903,2.09243517768189,0.543274617091989,1.7324355971897,0.449180327868853,1.467163805877,1.01951600312256,19,1.36463079851236,11,2.15234881082297,8,0.573236551598352,-0.232724750598585,-0.815983103277026,-0.520686963309914,-1.52634660421546,-0.323697878229127,-0.922950819672131,50,-0.647075869054089,32,-0.315423740900203,18,-0.926264858827082,0.959316820426703,1.04773917868595,0.796252927400469,0.848360655737705,1.10199137352191,0.817096018735363,28,1.16542455420732,17,0.990942852925387,11,1.17355743381651,2,2,2,2,2,1,2,2,2,2,1,1,1,2,2,2,4,3,4,4,4,2,4,4,4,4,2,2,1,4,4,3
"5af8882ff856320001cf6fac",1.29192179270307,2.06406178628259,-1.88871237980427,-1.67315090744727,0.951990632318501,1.45081967213115,-1.21649752797294,-1.08196721311475,1.72758767997427,-1.93346453564751,1.20140515222482,-1.14250585480094,0.110395423655649,0.0294496487119452,91,0.0498238659253281,67,1.81346552908225,24,-1.86290169089637,34,2.03067916187547,33,1.27336374327569,13,-1.59096144166911,11,-1.82481372953609,0.276906749844806,0.563703328452966,-0.0175644028103046,0.449180327868852,0.374495276166418,0.241738225344782,12,0.323568660494636,4,-0.0218217182577522,8,0.573236551598352,-2.03575151040648,-1.72697418246297,-3.18735362997658,-1.77634660421546,-2.07645340571277,-2.62295081967213,33,-1.83893675042015,16,-1.93084727750454,17,-1.07797759174583,1.28634357379565,0.773586074374617,0.962919594067135,0.348360655737706,1.17173091294875,0.717096018735362,27,1.02279449268639,18,1.19836079321908,9,0.481895564610644,2,2,1,2,1,2,1,2,2,2,1,1,1,2,2,2,3,4,1,4,1,4,1,4,4,3,1,1,1,3,3,3
"5b1efc25bdf4e1000163af46",-1.48492961479864,-1.37670390382988,0.901591009478995,-0.372295292732285,-1.0480093676815,-0.949180327868854,0.56128024980484,-0.263785394932936,-1.57266136869171,0.307529379412574,-0.998594847775174,0.107494145199064,-0.771822707968838,-0.445550351288055,72,-0.753796460619773,23,-1.50733275165823,49,0.175273521804127,10,-1.32854602793887,13,-1.40179649475,22,-0.387879029167263,27,0.841951489756009,-0.294627256726417,-0.333470172115284,-0.267564402810304,-0.150819672131148,-0.314650449770155,-0.202706219099662,8,-0.271323989801207,3,-0.332417508126427,5,-0.19247358666806,0.748960263231294,0.610353116193636,1.14597970335675,0.973653395784543,0.758417169205707,1.07704918032787,70,0.755113403141272,42,0.694215969477507,28,0.590862470360352,-0.0537328109154042,0.0636440827588077,-0.0370804059328649,0.0983606557377049,0.00592615394980793,0.017096018735363,20,0.0243840620398779,12,-0.046146848543094,8,0.136064630007711,1,1,2,1,2,1,1,1,1,2,2,2,2,1,1,1,1,1,3,1,4,1,2,2,2,3,4,3,3,2,2,2
"5b222aff59f9620001c109cb",-0.485232038668338,-0.729894882339015,-0.632429365848394,-0.643731161046297,-0.348009367681499,-0.449180327868852,-0.43871975019516,-0.445603576751118,-0.617547745357591,-0.681149104108941,-0.398594847775175,-0.442505854800937,-0.674981476343578,-0.420550351288057,73,-0.711500653959505,35,-0.601660493274461,38,-0.721523571784093,15,-0.628707446727548,20,-0.465490411441004,20,-0.655230676389896,18,-0.658103946095795,-0.294627256726417,0.447270259243615,-0.267564402810304,0.249180327868853,0.0206105910944441,0.0195160031225608,10,0.0261223353467146,3,-0.332417508126427,7,0.317999838842881,-1.92255353089622,0.580393532256952,-3.02068696330991,0.723653395784543,-1.69090386316735,-1.52295081967213,44,-1.0677326507127,17,-1.82988330646677,27,0.439149737441609,-0.257562081851052,-0.802706533629686,-0.203747072599532,-0.401639344262295,-0.448142206938795,-0.282903981264637,17,-0.403506122522914,11,-0.25356478883679,6,-0.555597239198155,1,1,1,1,1,1,1,1,1,1,1,1,2,2,1,2,2,2,2,2,2,2,2,2,2,2,1,1,3,3,2,3
"5b2973a08c745200013b84ae",2.01364906715076,2.1782666914403,1.3756378446435,1.28717769316934,1.4519906323185,1.45081967213115,0.783502472027062,0.827123695976156,2.25871355486289,1.41836342068026,1.45140515222482,0.807494145199062,2.01140367689915,1.12944964871194,135,1.91083935897714,72,2.19082897007548,63,1.31665164091641,34,2.03067916187547,38,1.94215380278212,34,1.21623085416854,29,1.17529714216752,2.39231129241911,1.92819456042329,1.9824355971897,1.44918032786885,2.29187839554854,1.68618266978923,25,2.25696977395613,12,2.46294460069165,13,1.8494201153757,0.387396282320835,-0.0865342784617345,0.145979703356752,-0.0263466042154566,0.342662460033661,0.0770491803278688,60,0.0540187670435917,36,0.0884321432508812,24,-0.0159884613146216,1.63260934216691,1.91408979507446,1.1295862607338,1.34836065573771,1.88063935415537,1.21709601873536,32,1.73594480029104,19,1.40577873351278,13,1.86521930302238,2,2,2,2,2,2,2,2,2,2,2,2,1,2,2,2,4,4,4,4,4,4,4,4,4,4,3,3,2,4,4,4
"5b36e844cf5e6a00018303a8",0.610592086601391,0.932259463926217,-0.178176283290391,-0.15793645008199,0.451990632318501,0.650819672131149,-0.216497527972938,-0.0819672131147541,0.820800987781051,-0.216187577615858,0.551405152224824,-0.142505854800936,0.371467379533824,0.204449648711945,98,0.345894512547207,54,0.832320582499835,44,-0.232361520735973,26,0.910937431937359,28,0.604573683769272,24,-0.12052738194463,20,-0.324758293684283,0.741670186847912,0.594190311805561,0.482435597189696,0.449180327868852,0.687060330855389,0.463960447567005,14,0.621014985642558,6,0.599369861479597,8,0.573236551598352,1.30098439570527,0.580793579296232,1.64597970335675,0.973653395784542,1.24631478319209,1.37704918032787,73,0.965441793970576,45,0.99710788259082,28,0.590862470360352,0.710303103765718,0.246035280545687,0.462919594067135,0.348360655737705,0.625074114575606,0.417096018735363,24,0.5949043081236,15,0.576106972337995,9,0.481895564610644,2,2,1,2,1,2,1,2,2,2,2,2,2,2,2,2,3,4,2,3,2,4,2,3,3,3,4,4,3,3,3,3
"5b4a1c8a166a4c000141a0bf",-0.988788692623012,-1.37670390382988,-0.465331736122662,-1.40284478608653,-0.748009367681499,-0.949180327868854,-0.105386416861827,-0.900149031296573,-1.30194671924601,-0.987433522448025,-0.848594847775175,-0.542505854800933,-1.19072891517533,-0.695550351288055,62,-1.17675452722246,26,-1.28091468706229,36,-0.884577588800133,10,-1.32854602793887,16,-1.00052245904614,15,-1.32360979444648,21,-0.158085467478527,-0.594503371463641,-0.597595877559382,-0.517564402810305,-0.350819672131148,-0.627277365727391,-0.424928441321885,6,-0.568770314949129,2,-0.643013297995102,4,-0.44771029942353,-0.441741311569043,-0.59067193977495,-0.520686963309913,-0.776346604215457,-0.486453080884662,-0.622950819672131,53,-0.436747478224785,32,-0.315423740900203,21,-0.471126660070852,-2.51084195847445,-0.620315335842811,-1.8704137392662,-0.151639344262295,-1.91883683990024,-1.18290398126464,8,-1.68717667621129,1,-2.32774419177375,7,-0.209766304595221,1,1,1,1,1,1,1,1,1,1,1,1,1,1,1,1,1,1,1,1,2,1,1,1,1,2,2,2,2,2,2,2
"5b4f49a511ab5d0001c5fba6",0.495413479518968,1.07369256831532,-0.044300270273941,0.19093087283612,0.3519906323185,0.750819672131148,0.00572469424928398,0.0998509687034295,0.807274501104878,0.0692200313412072,0.551405152224825,0.0574941451990601,0.497910778009968,0.304449648711941,102,0.515077739188281,54,0.832320582499835,48,0.0937465132961074,27,1.05090514817962,27,0.470815671867988,26,0.146824265278003,22,0.00858735872722888,-0.594503371463642,1.02173537153623,-0.517564402810305,0.649180327868852,0.0954105505813265,0.130627114233672,11,0.174845497920675,2,-0.643013297995102,9,0.828473264353822,1.57305426037012,1.94969052147581,2.47931303669009,2.72365339578454,1.69948184178442,2.57704918032787,85,1.80675535728779,50,1.50192773777967,35,1.65285160079156,0.691064088763427,0.372734125304485,0.462919594067135,0.0983606557377056,0.576575321059772,0.317096018735363,23,0.452274246602669,15,0.576106972337995,8,0.136064630007711,2,2,2,2,1,2,2,2,2,2,2,2,2,2,1,2,3,4,3,3,2,4,3,3,3,3,4,4,4,3,2,4
"5b7f17a7338a93000155a36d",0.761573138813979,0.511523215024732,0.220878052105859,-0.273999900827123,0.551990632318501,0.250819672131148,0.116835805360396,-0.172876304023846,0.696644411467463,-0.0368994457097031,0.401405152224824,-0.0425058548009362,0.389340702103603,0.179449648711942,97,0.303598705886939,51,0.605902517903894,46,-0.0693075037199327,22,0.351066566968302,29,0.738331695670557,23,-0.254203205555946,23,0.175260184932985,0.576782864582029,0.879517312283439,0.232435597189696,0.449180327868853,0.686063019949347,0.352849336455893,13,0.472291823068597,5,0.288774071610923,8,0.573236551598352,0.693915269871172,-1.08972786428264,0.812646370023419,-1.52634660421546,0.48980578320055,-0.122950819672132,58,-0.0862001601759444,40,0.492288027401965,18,-0.926264858827082,0.0560950054683164,0.063644082758814,-0.0370804059328649,0.0983606557377049,0.0958037501234989,0.0170960187353629,20,0.0243840620398779,12,-0.046146848543094,8,0.136064630007711,2,2,1,2,2,2,1,2,2,2,2,2,1,2,2,2,3,3,2,3,3,3,2,3,3,3,3,3,1,3,3,4
"5b8fffca220be50001c59858",0.65900568301944,1.10613877842017,0.0840524062165512,0.662111872728992,0.451990632318502,0.750819672131149,0.116835805360395,0.3725782414307,0.858859479034887,0.413147925979626,0.601405152224825,0.257494145199065,0.667551155924238,0.429449648711946,107,0.726556772489624,55,0.907793270698482,52,0.419854547328188,27,1.05090514817962,28,0.604573683769272,29,0.547851736111953,23,0.175260184932985,0.801511034447525,0.827829033897064,0.482435597189696,0.649180327868852,0.835547508400815,0.575071558678116,15,0.769738148216519,6,0.599369861479597,9,0.828473264353822,1.31016299567328,0.878380682769607,2.14597970335675,0.973653395784544,1.32488126042747,1.67704918032787,76,1.17577018479988,48,1.29999979570413,28,0.590862470360352,1.07990301551834,0.651364412225895,0.796252927400468,0.348360655737705,0.988639754275939,0.617096018735362,26,0.880164431165461,17,0.990942852925387,9,0.481895564610644,2,2,2,2,2,2,2,2,2,2,2,2,2,2,2,2,3,4,3,3,3,4,3,4,4,3,4,4,4,4,4,4
"5b93d1913dca6000012c5fdc",-0.926578492903932,-1.05043737152723,-0.674075869974595,-1.48395273091602,-0.648009367681498,-0.749180327868853,-0.438719750195161,-0.900149031296574,-1.08528858536775,-1.12946275726482,-0.698594847775176,-0.692505854800935,-1.15755917234163,-0.695550351288056,62,-1.17675452722246,29,-1.05449662246634,33,-1.12915861432419,12,-1.04861059545434,17,-0.866764447144858,15,-1.32360979444648,18,-0.658103946095795,-1.39076554790036,-1.66747442073302,-1.0175644028103,-1.15081967213115,-1.55549291358239,-1.09159510798855,0,-1.46110929039289,0,-1.26420487773245,0,-1.46865715044541,0.776482759911355,0.428680405484963,1.31264637002342,0.473653395784543,0.763490925522871,0.977049180327868,69,0.685003939531504,43,0.795179940515278,26,0.287437004522865,-1.84368359401337,-1.07685963794102,-1.3704137392662,-0.901639344262295,-1.761645210479,-1.18290398126464,8,-1.68717667621129,4,-1.70549037089266,4,-1.24725910840402,1,1,1,1,1,1,1,1,1,1,2,2,2,1,1,1,1,1,1,1,2,1,1,1,1,1,4,4,3,1,1,1
"5b986b68754b700001f0e9aa",-0.485232038668337,0.796803945758872,0.719532153645015,-0.37229529273229,-0.348009367681499,0.550819672131149,0.450169138693729,-0.263785394932936,0.0474467290236092,0.209006375808621,0.101405152224824,0.0574941451990639,0.0973504978806841,0.0794496487119445,93,0.134415479245865,45,0.153066388712011,48,0.0937465132961074,25,0.770969715695095,20,-0.465490411441004,22,-0.387879029167263,26,0.675278663550253,-0.129739934460535,-0.333470172115285,-0.0175644028103046,-0.150819672131148,-0.206875307468278,-0.0915951079885504,9,-0.122600827227246,4,-0.0218217182577522,5,-0.19247358666806,-1.66797154391598,-2.63745175966575,-3.18735362997658,-2.52634660421546,-1.90719783245085,-2.92295081967213,30,-2.04926514124945,16,-1.93084727750454,14,-1.53311579050206,-0.0537328109154043,0.833755610012766,-0.0370804059328649,0.598360655737705,0.284201540103131,0.217096018735363,22,0.309644185081739,12,-0.046146848543094,10,0.827726499213578,2,2,2,1,2,2,1,2,1,2,1,1,1,1,2,1,3,3,3,2,3,4,2,3,2,4,1,1,1,2,3,2
"5b9ae2e307c6960001613886",-1.16656174477001,0.985859169704976,-1.07076744852034,0.305334919008203,-0.848009367681499,0.650819672131148,-0.772053083528493,0.190760059612518,-0.312255825994011,-0.478004075015521,-0.0985948477751784,-0.242505854800936,-0.484458330481764,-0.170550351288056,83,-0.28854258735682,41,-0.148824364082578,42,-0.395415537752013,26,0.910937431937359,15,-1.13428047094743,27,0.28050008888932,15,-1.15812242471306,-0.294627256726416,-1.40334871528892,-0.267564402810304,-0.950819672131147,-0.805582097260312,-0.647150663544107,4,-0.866216640097051,3,-0.332417508126427,1,-1.21342043768994,-1.28163736775875,0.528958041490899,-2.35402029664325,0.973653395784544,-1.10740759201479,-1.02295081967213,49,-0.717185332663857,21,-1.42602742231568,28,0.590862470360352,-0.134364599417741,-0.519599064098196,-0.203747072599532,-0.401639344262295,-0.307335805355292,-0.282903981264637,17,-0.403506122522914,11,-0.25356478883679,6,-0.555597239198155,1,1,1,1,1,2,2,1,1,1,1,1,2,1,1,1,2,2,2,1,1,4,3,2,2,2,1,1,3,2,2,1
"5b9d6deeb5662700015e98dd",-1.44582906901767,-1.16161642925735,-1.93748959401071,-1.18342081661579,-1.0480093676815,-0.749180327868852,-1.32760863908405,-0.718330849478395,-1.4064954850914,-1.68299172146089,-0.898594847775176,-0.992505854800937,-1.62679957338197,-0.945550351288057,52,-1.59971259382514,25,-1.35638737526093,27,-1.61832066537231,12,-1.04861059545434,13,-1.40179649475,17,-1.05625814722385,10,-1.99148655574184,-0.819231541329135,-1.66747442073302,-0.767564402810305,-1.15081967213115,-1.26663432949471,-0.980483996877441,1,-1.31238612781893,1,-0.953609087863776,0,-1.46865715044541,-0.956672700448711,-0.717785310814098,-1.52068696330991,-0.526346604215458,-0.991751929036812,-1.12295081967213,48,-0.787294796273625,26,-0.921207567126828,22,-0.319413927152108,-1.6272538943294,-2.25230029687521,-1.03708040593286,-1.40163934426229,-1.94610711785122,-1.18290398126464,8,-1.68717667621129,6,-1.29065449030527,2,-1.93892097760989,1,1,1,1,1,1,1,1,1,1,1,1,1,1,1,1,1,1,1,1,1,1,1,1,1,1,1,1,2,1,2,1
"5ba4e5c0236c690001d2b3ca",-1.47018627932614,-0.906089215670237,-1.89416050683727,-1.81201024622358,-1.0480093676815,-0.549180327868853,-1.21649752797294,-1.17287630402385,-1.33028228654148,-2.00145469857666,-0.798594847775175,-1.19250585480094,-1.7193755339554,-0.995550351288056,50,-1.68430420714568,27,-1.20544199886364,23,-1.94442869940439,14,-0.768675162969812,13,-1.40179649475,12,-1.72463726528043,11,-1.82481372953609,-0.519355426591912,0.477757242596214,-0.517564402810304,0.249180327868853,-0.110673291330132,-0.0915951079885503,9,-0.122600827227246,2,-0.643013297995102,7,0.317999838842881,-0.124318508453064,-0.265727098588126,-0.687353629976582,-0.776346604215457,-0.148186391322511,-0.722950819672131,52,-0.506856941834553,31,-0.416387711937974,21,-0.471126660070852,-1.23879693351742,-1.84697116519499,-0.870413739266198,-1.40163934426229,-1.55277435428144,-1.08290398126464,9,-1.54454661469036,7,-1.08323655001158,2,-1.93892097760989,1,1,1,1,1,1,1,1,1,1,1,1,1,2,1,2,1,1,1,1,1,1,1,1,1,1,2,2,2,3,2,3
"5bc690392885710001a0bb76",1.18950874425239,0.591736288504605,0.313012553381623,0.386121543541678,0.8519906323185,0.35081967213115,0.227946916471506,0.190760059612519,1.05160228319386,0.399513189832761,0.601405152224827,0.207494145199064,0.783550629653978,0.404449648711943,106,0.684260965829355,55,0.907793270698482,51,0.338327538820168,23,0.491034283210566,32,1.13960573137441,27,0.28050008888932,24,0.341933011138741,-0.294627256726417,-1.23757836434777,-0.267564402810304,-0.950819672131147,-0.745947399974425,-0.647150663544107,4,-0.866216640097051,3,-0.332417508126427,1,-1.21342043768994,1.01694435835642,0.889057658363815,1.81264637002342,0.473653395784544,1.05350527482446,1.27704918032787,72,0.895332330360808,46,1.09807185362859,26,0.287437004522865,0.503093308187111,0.0636440827588028,0.462919594067135,0.0983606557377049,0.400434061975734,0.317096018735363,23,0.452274246602669,15,0.576106972337995,8,0.136064630007711,2,2,2,2,2,2,2,2,2,1,2,2,2,1,1,1,4,4,3,4,3,3,3,3,3,2,4,4,4,2,2,1
"5bc8bfed40247c000147e389",-0.19252352815032,0.424703150795459,-0.0375523906343028,0.851442668209696,-0.1480093676815,0.350819672131148,0.00572469424928385,0.554396423248883,0.073680232096262,0.441567363774226,0.101405152224824,0.307494145199063,0.223193457597473,0.204449648711945,98,0.345894512547207,45,0.153066388712011,53,0.501381555836208,23,0.491034283210566,22,-0.197974387638435,31,0.815203383334586,22,0.00858735872722888,0.499910824808452,1.2882120736349,0.732435597189696,0.849180327868852,0.923343603502803,0.797293780900341,17,1.06718447336444,7,0.909965651348272,10,1.08370997710929,0.594475190407493,0.664790500222205,0.645979703356752,1.22365339578454,0.605855462109591,0.877049180327868,68,0.614894475921736,39,0.391324056364194,29,0.742575203279096,0.205262582699535,0.0636440827588094,0.129586260733802,0.0983606557377049,0.174480585704781,0.117096018735363,21,0.167014123560808,13,0.161271091750602,8,0.136064630007711,2,2,2,1,1,2,2,2,2,2,2,2,2,2,2,2,3,3,3,2,2,3,4,3,3,3,3,3,3,4,3,4
"5bcf39c6bb4df80001296b2f",-0.6293117961437,-0.677468725730736,-0.358808576771961,-0.305377059676858,-0.448009367681498,-0.449180327868854,-0.105386416861827,-0.263785394932935,-0.683586678743752,-0.362123821962501,-0.448594847775176,-0.192505854800934,-0.589920427574671,-0.320550351288057,77,-0.542317427318431,34,-0.677133181473108,43,-0.313888529243993,15,-0.628707446727548,19,-0.599248423342289,22,-0.387879029167263,21,-0.158085467478527,-0.86616126329764,-0.54590759917301,-0.517564402810304,-0.550819672131147,-0.729546643454865,-0.536039552432994,5,-0.71749347752309,2,-0.643013297995102,3,-0.702947012179001,1.48023976432081,-1.23324390604271,1.97931303669009,-2.02634660421546,1.17085718119999,0.377049180327868,63,0.264347157872896,47,1.19903582466636,16,-1.22969032466457,-0.898400514098853,-1.20355848269982,-0.703747072599532,-0.651639344262295,-1.0294090692943,-0.682903981264637,13,-0.974026368606636,8,-0.875818609717879,5,-0.901428173801088,1,1,1,1,1,1,1,1,1,1,2,2,1,1,1,1,2,2,2,2,2,2,2,1,1,1,4,4,1,2,1,2
"5bda240a117b2500015c56ab",-0.0713311325403476,0.722877586479623,0.13178588851115,-0.0787058105393989,-0.0480093676814997,0.550819672131147,0.116835805360395,-0.0819672131147529,0.283978229412339,0.0334899738968965,0.251405152224825,0.00749414519906408,0.168007914623866,0.129449648711942,95,0.219007092566402,48,0.379484453307952,47,0.0122195047880873,25,0.770969715695095,23,-0.0642163757371506,24,-0.12052738194463,23,0.175260184932985,0.035147387805347,0.35820059305948,0.232435597189695,0.249180327868852,0.206159175440836,0.241738225344784,12,0.323568660494636,5,0.288774071610923,7,0.317999838842881,1.08024949630088,1.03049385658088,1.64597970335675,1.47365339578454,1.11851089824674,1.57704918032787,75,1.10566072119011,45,0.99710788259082,30,0.894287936197839,0.173073301533556,0.0636440827588082,0.129586260733801,0.0983606557377049,0.172296031262533,0.117096018735363,21,0.167014123560808,13,0.161271091750602,8,0.136064630007711,2,2,2,1,2,2,2,2,2,2,2,2,2,2,2,2,3,3,3,2,3,3,3,3,3,3,4,4,4,3,3,3
"5be677307514d00001084e85",0.483676099728164,-0.502156531124375,0.671354607288194,0.216358283404308,0.351990632318501,-0.349180327868852,0.339058027582619,0.0998509687034268,0.0630798293891637,0.472371774997836,0.0014051522248253,0.207494145199065,0.279498708077739,0.104449648711944,94,0.176711285906134,43,0.00212101231471628,51,0.338327538820168,16,-0.488739730485283,27,0.470815671867988,26,0.146824265278003,25,0.508605837344497,0.17013618027669,-0.478039228022654,0.232435597189696,-0.350819672131147,-0.0970621322465474,-0.0915951079885503,9,-0.122600827227246,5,0.288774071610923,4,-0.44771029942353,0.160035824638322,0.545238756570856,0.479313036690085,1.22365339578454,0.22893426700498,0.777049180327869,67,0.544785012311968,38,0.290360085326423,29,0.742575203279096,-0.0441256354516965,0.773586074374617,-0.0370804059328651,0.348360655737706,0.230161179907436,0.117096018735363,21,0.167014123560808,12,-0.046146848543094,9,0.481895564610644,2,2,2,2,2,1,2,2,1,2,2,2,2,2,2,1,3,3,3,3,3,2,3,3,2,3,3,3,3,3,3,2
"5be8b830d153f500019aacfa",-0.357862006041826,0.526582825788193,-0.0209698151004606,1.10502022813024,-0.248009367681499,0.350819672131149,-0.105386416861827,0.645305514157974,0.00888733682914042,0.584652953552854,0.0514051522248231,0.307494145199064,0.262676850015735,0.179449648711946,97,0.303598705886939,44,0.0775937005133635,53,0.501381555836208,23,0.491034283210566,21,-0.33173239953972,32,0.948879206945903,21,-0.158085467478527,0.60668139437657,1.51714880241725,0.482435597189695,1.04918032786885,1.01595110727603,0.797293780900339,17,1.06718447336444,6,0.599369861479597,11,1.33894668986476,-0.530168995287572,-0.506675018848976,-0.854020296643248,-0.526346604215457,-0.568629747470831,-0.722950819672132,52,-0.506856941834553,30,-0.517351682975745,22,-0.319413927152108,-0.808518852000876,0.925517516537234,-0.703747072599531,0.848360655737705,-0.167726612725886,-0.0829039812646368,19,-0.118245999481053,8,-0.875818609717879,11,1.17355743381651,2,2,2,1,1,2,2,1,1,2,1,1,1,2,2,2,3,3,3,2,2,3,4,2,1,4,2,2,2,4,3,4
"5be9d0b85b7ff700013c7bb7",0.66448848974076,0.221680753889122,0.418614088251279,-0.62675409521955,0.4519906323185,0.150819672131148,0.339058027582618,-0.354694485842027,0.522197144025017,-0.106369575049612,0.301405152224824,-0.0425058548009375,0.278964425829962,0.129449648711943,95,0.219007092566402,49,0.454957141506599,46,-0.0693075037199327,21,0.211098850726038,28,0.604573683769272,21,-0.521554852778579,25,0.508605837344497,0.5016349197103,1.09195473934116,0.232435597189695,0.849180327868852,0.77287746728903,0.575071558678116,15,0.769738148216519,5,0.288774071610923,10,1.08370997710929,0.328073056809439,1.79509745708226,0.312646370023418,2.47365339578454,0.529274884904275,1.17704918032787,71,0.82522286675104,37,0.189396114288652,34,1.50113886787281,1.24715840450763,0.955977272161486,0.962919594067136,0.598360655737706,1.24876234115268,0.817096018735362,28,1.16542455420732,18,1.19836079321908,10,0.827726499213578,2,2,1,2,2,2,1,2,2,2,2,2,2,2,2,2,3,3,2,3,3,3,2,4,4,4,3,3,4,3,3,4
"5beaf82f8e241100012834b7",0.51918834759404,0.302025990179367,0.901591009478994,0.756549592527111,0.351990632318501,0.250819672131147,0.56128024980484,0.463487332339791,0.451810793355401,0.900515400860039,0.301405152224824,0.507494145199063,0.691017936725542,0.404449648711944,106,0.684260965829355,49,0.454957141506599,57,0.827489589868288,22,0.351066566968302,27,0.470815671867988,30,0.681527559723269,27,0.841951489756009,0.801511034447524,1.26230878529197,0.482435597189696,1.04918032786885,1.0468382199407,0.797293780900338,17,1.06718447336444,6,0.599369861479597,11,1.33894668986476,0.16619708624397,0.851301036454483,0.312646370023419,0.723653395784543,0.278823898181593,0.477049180327869,64,0.334456621482664,37,0.189396114288652,27,0.439149737441609,0.846101014947343,-0.524076246708277,0.629586260733802,-0.151639344262295,0.441548847979288,0.317096018735363,23,0.452274246602669,16,0.783524912631691,7,-0.209766304595221,2,2,2,2,2,2,2,2,2,1,2,2,2,2,2,2,3,3,4,3,4,3,4,3,4,2,3,3,4,4,4,4
"5bf483ac08dffa0001100c09",0.942784893088778,0.381142232127968,0.926821178083151,0.226703596396232,0.6519906323185,0.150819672131148,0.561280249804839,0.0998509687034292,0.761972423307055,0.603866127981575,0.401405152224826,0.307494145199065,0.712006534271052,0.354449648711943,104,0.599669352508818,51,0.605902517903894,53,0.501381555836208,21,0.211098850726038,30,0.872089707571841,26,0.146824265278003,27,0.841951489756009,1.67292115575597,1.20680939556874,0.982435597189696,0.849180327868853,1.47551167950747,0.908404892011448,18,1.2159076359384,8,1.22056144121695,10,1.08370997710929,-0.13405205952121,0.352367067587742,0.145979703356754,0.473653395784544,-0.0522459443522865,0.277049180327869,62,0.194237694263128,36,0.0884321432508812,26,0.287437004522865,2.17280773360882,1.97873651332267,1.6295862607338,1.3483606557377,2.29430052554833,1.51709601873536,35,2.16383498485384,22,2.02803255439387,13,1.86521930302238,2,2,2,2,2,2,2,2,2,2,1,1,2,2,2,2,4,4,3,4,4,3,3,4,4,4,2,2,3,4,4,4
"5bf96547ab02ea000169bd7f",-1.17678052011043,-1.14516836242248,-0.572018339366691,-0.278091846755703,-0.848009367681498,-0.749180327868853,-0.327608639084049,-0.172876304023845,-1.24269666286948,-0.449892882671385,-0.798594847775175,-0.242505854800936,-0.943292800877829,-0.520550351288055,69,-0.880683880600579,27,-1.20544199886364,42,-0.395415537752013,12,-1.04861059545434,15,-1.13428047094743,23,-0.254203205555946,19,-0.491431119890039,-1.22587822563448,-1.00393964225627,-0.767564402810305,-0.750819672131147,-1.15526763300176,-0.758261774655216,3,-1.01493980267101,1,-0.953609087863776,2,-0.958183724934471,-0.96792671707392,0.485197633056538,-1.68735362997658,0.223653395784544,-0.817649679637625,-0.922950819672131,50,-0.647075869054089,25,-1.0221715381646,25,0.135724271604122,-1.0438056007442,-1.38594968048669,-0.870413739266199,-0.901639344262295,-1.24530057459397,-0.882903981264636,11,-1.2592864916485,7,-1.08323655001158,4,-1.24725910840402,1,1,1,1,1,1,1,1,1,1,1,1,2,1,1,1,1,1,2,1,2,1,2,1,1,1,1,1,3,1,1,1
"5bfd6832bab673000163fe82",-1.42355312728135,-0.132373806432491,-1.09139339209036,-0.97216595068856,-1.0480093676815,-0.149180327868853,-0.772053083528493,-0.6274217585693,-0.973443652695054,-1.12488840742385,-0.598594847775176,-0.692505854800937,-1.14119213628253,-0.645550351288056,64,-1.09216291390192,31,-0.90355124606905,33,-1.12915861432419,18,-0.208804298000755,13,-1.40179649475,18,-0.922582323612529,15,-1.15812242471306,-0.866161263297639,-0.936071271105918,-0.517564402810304,-0.550819672131147,-0.878766674207709,-0.536039552432994,5,-0.71749347752309,2,-0.643013297995102,3,-0.702947012179001,0.539642634333535,-0.452237634820406,1.14597970335675,-0.276346604215457,0.430708841357605,0.577049180327869,65,0.404566085092432,42,0.694215969477507,23,-0.167701194233365,-0.704178418626928,-0.615838153232736,-0.537080405932865,-0.401639344262295,-0.714359532661316,-0.482903981264637,15,-0.688766245564775,9,-0.668400669424183,6,-0.555597239198155,1,1,1,1,1,2,1,1,1,1,2,2,1,1,1,1,1,1,1,1,1,3,1,2,2,2,3,3,2,2,1,2
"5c00fefa4c14cf00019cc374",1.09969441670543,-0.304044216147622,0.490572006479951,-0.468076770041853,0.7519906323185,-0.249180327868853,0.339058027582618,-0.354694485842027,0.569155289666309,0.0402262297792077,0.251405152224825,-0.0425058548009361,0.379325114700303,0.104449648711945,94,0.176711285906134,48,0.379484453307952,46,-0.0693075037199327,17,-0.348772014243019,31,1.00584771947313,21,-0.521554852778579,25,0.508605837344497,-0.294627256726417,-0.333470172115284,-0.267564402810304,-0.150819672131148,-0.314650449770155,-0.202706219099662,8,-0.271323989801207,3,-0.332417508126427,5,-0.19247358666806,0.226697348248482,-0.0865342784617356,0.312646370023419,-0.0263466042154566,0.194738924559996,0.177049180327869,61,0.12412823065336,37,0.189396114288652,24,-0.0159884613146216,0.567866606330116,-0.214986204162606,0.462919594067135,-0.151639344262295,0.321109383385016,0.217096018735363,22,0.309644185081739,15,0.576106972337995,7,-0.209766304595221,2,2,2,2,2,1,1,2,2,1,2,2,1,1,1,1,3,3,3,4,3,2,2,3,3,2,3,3,2,2,2,2
"5c0682910ac58a00011568a5",0.442821518596947,-0.678743334408205,0.780775371090228,0.936523639902009,0.351990632318502,-0.449180327868852,0.561280249804839,0.554396423248883,0.0085474370862057,0.972214218385469,-0.0485948477751764,0.557494145199064,0.508756410655564,0.254449648711945,100,0.430486125867744,42,-0.0733516758839309,58,0.909016598376308,15,-0.628707446727548,27,0.470815671867988,31,0.815203383334586,27,0.841951489756009,-0.219479311854688,0.449621255898193,-0.267564402810304,0.249180327868853,0.0641659848758945,0.0195160031225612,10,0.0261223353467146,3,-0.332417508126427,7,0.317999838842881,-1.67383181300305,-2.16599748415341,-3.02068696330991,-2.77634660421546,-1.82702755620474,-2.92295081967213,30,-2.04926514124945,17,-1.82988330646677,13,-1.6848285234208,-0.270931747900651,-0.118747115028068,-0.203747072599531,-0.151639344262295,-0.232529858973328,-0.182903981264637,18,-0.260876061001983,11,-0.25356478883679,7,-0.209766304595221,2,2,2,2,2,1,2,1,1,1,1,1,1,2,2,2,3,3,4,3,3,2,4,2,2,2,1,1,1,3,3,3
"5c0950074209380001b43b06",1.34089805324287,-0.25600736034715,1.49542425278126,0.270491162962293,0.951990632318501,-0.149180327868853,0.894613583138173,0.190760059612517,0.731870815206118,0.979438567083103,0.401405152224824,0.507494145199066,0.961240199733193,0.454449648711947,108,0.768852579149892,51,0.605902517903894,57,0.827489589868288,18,-0.208804298000755,33,1.27336374327569,27,0.28050008888932,30,1.34196996837328,0.799786939545678,-0.185777535880539,0.982435597189696,-0.150819672131147,0.443924270642925,0.352849336455895,13,0.472291823068597,8,1.22056144121695,5,-0.19247358666806,-1.42403045990381,1.48631137533444,-1.85402029664325,2.22365339578454,-1.11045391234814,-0.22295081967213,57,-0.156309623785712,24,-1.12313550920237,33,1.34942613495407,0.913363137400079,-1.20355848269983,0.796252927400469,-0.651639344262295,0.294705182185657,0.217096018735363,22,0.309644185081739,17,0.990942852925387,5,-0.901428173801088,2,2,2,2,2,1,2,2,2,1,1,1,2,2,2,1,4,3,4,4,4,2,3,3,4,1,1,1,4,3,3,2
"5c0a696aa4e5fc0001759543",1.01300507671029,1.39026024787561,1.0795332930179,2.10694453607507,0.751990632318501,0.95081967213115,0.783502472027062,1.3725782414307,1.27706214252713,1.69922741987306,0.851405152224825,1.10749414519906,1.53225703821116,0.979449648711943,129,1.65706451901553,60,1.28515671169172,69,1.80581369196453,29,1.33084058066415,31,1.00584771947313,40,2.01828579583644,29,1.17529714216752,2.39231129241911,1.66719243530658,1.9824355971897,1.04918032786885,2.14901699125146,1.463960447567,23,1.95952344880821,12,2.46294460069165,11,1.33894668986476,0.0871471616918956,0.319927593068781,-0.0206869633099142,0.473653395784544,0.126670760069665,0.177049180327868,61,0.12412823065336,35,-0.0125318277868897,26,0.287437004522865,1.96636717533149,0.929994699147303,1.46291959406714,0.598360655737705,1.73648855694742,1.11709601873536,31,1.59331473877011,21,1.82061461410017,10,0.827726499213578,2,2,2,2,2,2,2,2,2,2,2,2,2,2,2,2,4,4,4,4,4,4,4,4,4,4,3,3,3,4,4,4
"5c15b56a45de2c000133c751",-0.652448621780812,-1.262770987768,1.26199847687338,0.749568929238616,-0.448009367681498,-0.849180327868853,0.894613583138173,0.463487332339791,-0.973426844582584,1.10904687588935,-0.648594847775176,0.657494145199065,-0.0279036767989995,0.0044496487119425,90,0.00752805926505962,30,-0.979023934267697,60,1.07207061539235,11,-1.1885783116966,19,-0.599248423342289,30,0.681527559723269,30,1.34196996837328,1.59777321088424,1.37493074316446,0.982435597189696,0.849180327868853,1.50025544606011,0.908404892011448,18,1.2159076359384,8,1.22056144121695,10,1.08370997710929,0.188162455823269,1.13872466631683,0.312646370023421,0.723653395784543,0.332291529264781,0.477049180327869,64,0.334456621482664,37,0.189396114288652,27,0.439149737441609,1.23713182915803,1.51323784600431,0.962919594067136,1.09836065573771,1.45241949375693,1.01709601873536,30,1.45068467724918,18,1.19836079321908,12,1.51938836841944,1,1,2,1,2,1,2,2,2,2,2,2,2,2,2,2,2,1,4,2,4,1,4,4,4,4,3,3,4,4,4,4
"5c19f2319bce3100018a67ba",0.0655997688595952,0.171645007282602,0.21816623880761,-0.88281877691227,0.0519906323185011,0.150819672131148,0.116835805360395,-0.6274217585693,0.101571657932119,-0.325622555577413,0.101405152224824,-0.292505854800936,-0.0646636438809594,-0.0955503512880571,86,-0.161655167376014,45,0.153066388712011,41,-0.476942546260033,21,0.211098850726038,24,0.0695416361641339,18,-0.922582323612529,23,0.175260184932985,0.426486974838572,-0.272536492629169,0.232435597189695,-0.150819672131147,0.100602786266213,0.0195160031225593,10,0.0261223353467146,5,0.288774071610923,5,-0.19247358666806,-1.38565677243725,-0.492996149992252,-2.02068696330991,-0.526346604215457,-1.33260440385467,-1.42295081967213,45,-0.997623187102929,23,-1.22409948024014,22,-0.319413927152108,-0.953566636778149,1.33084664821744,-0.703747072599532,0.848360655737705,-0.182668366285966,-0.0829039812646372,19,-0.118245999481053,8,-0.875818609717879,11,1.17355743381651,1,2,1,2,2,2,1,1,1,2,1,1,1,2,2,1,2,3,2,3,3,3,1,2,1,4,1,1,2,3,3,2
"5c1cfb57e2d9150001b5975b",-0.614637550891593,-0.315256554575787,-0.812725132681464,-1.59692165530125,-0.448009367681498,-0.249180327868852,-0.54983086130627,-1.08196721311475,-0.603145725631464,-1.30282381380956,-0.348594847775175,-0.842505854800938,-0.940491273927589,-0.595550351288055,66,-1.00757130058138,36,-0.526187805075814,30,-1.37373963984825,17,-0.348772014243019,19,-0.599248423342289,13,-1.59096144166911,17,-0.824776772301552,-0.941309208169369,-1.40334871528892,-0.517564402810305,-0.950819672131147,-1.13366384360534,-0.758261774655217,3,-1.01493980267101,2,-0.643013297995102,1,-1.21342043768994,-0.564013933395694,0.401200712130563,-1.02068696330991,-0.0263466042154566,-0.461411830810717,-0.622950819672131,53,-0.436747478224785,29,-0.618315654013515,24,-0.0159884613146216,0.44205783655513,0.282104834042064,0.462919594067134,0.098360655737705,0.390589637268445,0.317096018735363,23,0.452274246602669,15,0.576106972337995,8,0.136064630007711,1,1,1,1,1,1,1,2,2,2,1,1,2,1,1,1,1,2,1,2,1,2,1,3,3,3,2,2,3,1,1,1
"5c285b66da51990001e300f7",-0.78144557906694,-0.943256120852619,1.56888923931599,0.877534953294627,-0.548009367681496,-0.649180327868853,1.00572469424928,0.645305514157976,-0.958094757455701,1.28386068023223,-0.598594847775176,0.807494145199063,0.0845814947723289,0.104449648711947,94,0.176711285906134,31,-0.90355124606905,63,1.31665164091641,13,-0.908642879212076,18,-0.733006435243573,32,0.948879206945903,31,1.50864279457903,2.39231129241911,1.90464226873494,1.9824355971897,1.64918032786885,2.30574677005133,1.79729378090034,26,2.40569293653009,12,2.46294460069165,14,2.10465682813117,-2.02463523241843,-1.06785191041399,-3.18735362997658,-1.77634660421546,-1.99412335021244,-2.62295081967213,33,-1.83893675042015,16,-1.93084727750454,17,-1.07797759174583,0.670963342918238,-0.468383893680184,0.296252927400469,0.348360655737704,0.484056584080472,0.317096018735363,23,0.452274246602669,14,0.368689032044298,9,0.481895564610644,2,1,2,1,2,1,2,2,2,1,1,1,1,2,2,2,3,1,4,1,4,1,4,3,3,2,1,1,1,4,4,4
"5c28d4912d26740001358613",-0.0786014540666061,0.840030655192731,-0.342109467904274,-0.401397475768835,-0.048009367681501,0.550819672131146,-0.216497527972938,-0.172876304023846,0.334050416318971,-0.383095917891621,0.251405152224823,-0.192505854800936,-0.0255708568596814,0.0294496487119415,91,0.0498238659253281,48,0.379484453307952,43,-0.313888529243993,25,0.770969715695095,23,-0.0642163757371506,23,-0.254203205555946,20,-0.324758293684283,-0.519355426591911,-0.274887489283749,-0.517564402810304,-0.150819672131147,-0.45021549964254,-0.313817330210773,7,-0.420047152375168,2,-0.643013297995102,5,-0.19247358666806,0.726530546707035,1.71122249179724,1.31264637002342,2.72365339578454,0.879438285254853,1.87704918032787,78,1.31598911201942,43,0.795179940515278,35,1.65285160079156,0.742117883441462,-1.29979757183437,0.629586260733802,-0.651639344262295,0.151894173606905,0.117096018735362,21,0.167014123560808,16,0.783524912631691,5,-0.901428173801088,1,2,1,1,1,2,1,2,2,1,2,2,2,1,1,1,2,3,2,2,2,4,2,3,3,1,4,3,4,2,2,2
"5c2ce112f422870001fcab1f",-0.0566387126803293,0.234459111440376,0.637268375643621,-0.273999900827126,-0.0480093676814998,0.150819672131147,0.339058027582618,-0.172876304023846,0.0995257147741235,0.208407872143785,0.051405152224824,0.0574941451990647,0.132990751383293,0.0544496487119435,92,0.0921196725855966,44,0.0775937005133635,48,0.0937465132961074,21,0.211098850726038,23,-0.0642163757371506,23,-0.254203205555946,25,0.508605837344497,0.501634919710301,0.421485269200175,0.232435597189695,0.249180327868853,0.449417520654901,0.241738225344782,12,0.323568660494636,5,0.288774071610923,7,0.317999838842881,-0.354997397561477,-0.812981210014511,-1.02068696330991,-1.02634660421546,-0.437441856349436,-1.02295081967213,49,-0.717185332663857,29,-0.618315654013515,20,-0.622839392989595,0.173073301533553,-0.615838153232739,0.129586260733801,-0.401639344262295,-0.0747321425311728,-0.0829039812646373,19,-0.118245999481053,13,0.161271091750602,6,-0.555597239198155,2,2,2,1,2,2,1,1,2,1,1,1,1,2,2,2,3,3,3,2,3,3,2,2,3,2,2,2,2,3,3,3
"5c2d187569ceff00011417de",-0.239070851626484,1.0092846760146,-0.179438036655309,1.68423394889427,-0.148009367681498,0.650819672131146,-0.105386416861827,1.19076005961252,0.271522926708123,0.807385916836532,0.251405152224824,0.607494145199063,0.48378633818621,0.429449648711942,107,0.726556772489624,48,0.379484453307952,59,0.990543606884328,26,0.910937431937359,22,-0.197974387638435,38,1.7509341486138,21,-0.158085467478527,-0.59450337146364,-1.43383569864152,-0.517564402810305,-0.950819672131147,-1.01037200964741,-0.758261774655218,3,-1.01493980267101,2,-0.643013297995102,1,-1.21342043768994,0.400092472913189,0.48571963573677,0.812646370023418,0.973653395784543,0.428015116388441,0.877049180327868,68,0.614894475921736,40,0.492288027401965,28,0.590862470360352,-0.257562081851052,-0.802706533629686,-0.203747072599532,-0.401639344262295,-0.448142206938795,-0.282903981264637,17,-0.403506122522914,11,-0.25356478883679,6,-0.555597239198155,2,2,2,1,1,2,2,1,1,1,2,2,2,1,1,1,3,3,4,2,2,4,4,2,2,2,3,3,3,1,2,1
"5c2e6546af699500010f521a",0.628372332815416,0.554411111887287,-0.683447229474535,-0.566372161947006,0.4519906323185,0.250819672131146,-0.327608639084049,-0.445603576751116,0.617498203551907,-0.657331461392762,0.351405152224824,-0.392505854800937,0.014312730728745,-0.0205503512880607,89,-0.0347677473952089,50,0.530429829705247,39,-0.639996563276073,22,0.351066566968302,28,0.604573683769272,20,-0.655230676389896,19,-0.491431119890039,-1.39076554790036,-0.545907599173009,-1.0175644028103,-0.550819672131147,-1.06562043826654,-0.758261774655217,3,-1.01493980267101,0,-1.26420487773245,3,-0.702947012179001,-0.920111441633052,-0.425523855428151,-0.687353629976582,-1.52634660421546,-0.885395718883306,-1.02295081967213,49,-0.717185332663857,31,-0.416387711937974,18,-0.926264858827082,-0.51582567210769,-1.84697116519498,-0.370413739266199,-1.40163934426229,-1.10548071062679,-0.782903981264636,12,-1.11665643012757,10,-0.460982729130486,2,-1.93892097760989,2,2,1,2,1,2,1,1,1,1,1,1,1,1,1,1,3,3,2,3,2,3,2,1,2,1,1,1,2,1,1,2
"5c30666370d93a000122db0e",-1.73730796700511,0.00517095648465029,-1.54137058349827,-0.982462244129786,-1.2480093676815,-0.0491803278688506,-0.883164194639605,-0.627421758569299,-1.15739840756604,-1.37524014006659,-0.648594847775175,-0.742505854800936,-1.38237353725851,-0.695550351288053,62,-1.17675452722246,30,-0.979023934267697,32,-1.21068562283221,19,-0.0688365817584908,11,-1.66931251855257,18,-0.922582323612529,14,-1.32479525091882,-0.294627256726417,-0.597595877559383,-0.267564402810304,-0.350819672131148,-0.43962888719288,-0.313817330210773,7,-0.420047152375168,3,-0.332417508126427,4,-0.44771029942353,0.445193526841765,0.108817301103658,0.81264637002342,0.473653395784543,0.420588766771283,0.677049180327869,66,0.4746755487022,40,0.492288027401965,26,0.287437004522865,-0.652355386647615,-1.10731939356528,-0.537080405932865,-0.651639344262296,-0.826106294342026,-0.582903981264637,14,-0.831396307085705,9,-0.668400669424183,5,-0.901428173801088,1,1,1,1,1,2,1,1,1,1,2,2,2,1,1,1,1,1,1,1,1,3,1,1,2,1,3,3,3,2,2,2
"5c3215d053484d000182eaa3",-1.18216743700668,-1.37670390382988,-0.906239892517543,-1.67943371668587,-0.848009367681497,-0.949180327868854,-0.549830861306271,-1.08196721311476,-1.39241027155112,-1.39752114641877,-0.898594847775175,-0.842505854800936,-1.44836577156364,-0.870550351288056,55,-1.47282517384434,25,-1.35638737526093,30,-1.37373963984825,10,-1.32854602793887,15,-1.13428047094743,13,-1.59096144166911,17,-0.824776772301552,-1.16603737803486,-1.23757836434778,-0.767564402810305,-0.950819672131147,-1.22245446259661,-0.869372885766328,2,-1.16366296524497,1,-0.953609087863776,1,-1.21342043768994,1.08024949630088,-0.0703755190227319,1.64597970335675,-0.276346604215457,0.980927532856309,0.877049180327868,68,0.614894475921736,45,0.99710788259082,23,-0.167701194233365,-1.63985432307771,-1.97367000995378,-1.20374707259953,-1.1516393442623,-1.85256172602076,-1.18290398126464,8,-1.68717667621129,5,-1.49807243059897,3,-1.59309004300695,1,1,1,1,1,1,1,1,1,1,2,2,1,1,1,1,1,1,1,1,1,1,1,1,1,1,4,4,2,1,1,1
"5c341a952afc4b000155d7fc",0.359981504457769,1.41987609078009,0.00138230019365392,-0.789284768920928,0.2519906323185,0.950819672131147,0.00572469424928367,-0.536512667660208,0.871487485227057,-0.389595510953713,0.601405152224824,-0.292505854800938,0.297639238899314,0.15444964871194,96,0.26130289922667,55,0.907793270698482,41,-0.476942546260033,29,1.33084058066415,26,0.337057659966703,19,-0.788906500001213,22,0.00858735872722888,-0.129739934460535,0.594190311805561,-0.0175644028103046,0.449180327868852,0.210553268233201,0.241738225344784,12,0.323568660494636,4,-0.0218217182577522,8,0.573236551598352,0.632244718232924,1.04677457166084,0.812646370023419,1.72365339578454,0.719830188545275,1.17704918032787,71,0.82522286675104,40,0.492288027401965,31,1.04600066911658,0.34106049388116,0.0636440827588034,0.296252927400469,0.0983606557377049,0.269230705261786,0.217096018735363,22,0.309644185081739,14,0.368689032044298,8,0.136064630007711,2,2,1,2,1,2,1,2,2,1,2,2,2,2,2,2,3,4,2,3,2,4,2,3,3,2,3,3,4,3,3,3
"5c37cfa819ceb400010c0979",0.111301229993597,-1.23957125554584,0.0566760549698925,-0.92504221826771,0.0519906323185011,-0.849180327868854,0.00572469424928285,-0.627421758569298,-0.495622288500983,-0.470374492570504,-0.398594847775175,-0.342505854800936,-0.459759087218749,-0.370550351288056,75,-0.626909040638968,35,-0.601660493274461,40,-0.558469554768053,11,-1.1885783116966,24,0.0695416361641339,18,-0.922582323612529,22,0.00858735872722888,0.319716405270456,-0.246751502585731,0.482435597189695,-0.150819672131147,0.115644793819304,0.130627114233672,11,0.174845497920675,6,0.599369861479597,5,-0.19247358666806,-1.81082900814224,-0.910656999797212,-2.52068696330991,-1.27634660421546,-1.7616735247997,-2.02295081967213,39,-1.41827996876154,20,-1.52699139335345,19,-0.774552125908339,-2.01167078636097,-0.615838153232735,-1.53708040593287,-0.401639344262295,-1.64747492461223,-1.08290398126464,9,-1.54454661469036,3,-1.91290831118636,6,-0.555597239198155,1,1,1,2,2,1,1,1,1,1,1,1,1,2,2,1,2,2,2,3,3,1,1,1,1,2,1,1,1,3,3,2
"5c388f181ede2b00011571f4",-0.987696550198757,-0.957126916207097,-0.550165587846997,-0.935370898460419,-0.748009367681499,-0.649180327868852,-0.327608639084049,-0.6274217585693,-1.07061283720707,-0.796788227420209,-0.698594847775173,-0.492505854800936,-1.01126642165375,-0.595550351288056,66,-1.00757130058138,29,-1.05449662246634,37,-0.803050580292113,13,-0.908642879212076,16,-1.00052245904614,18,-0.922582323612529,19,-0.491431119890039,-0.866161263297639,0.709044968033135,-0.517564402810304,0.449180327868853,-0.14760178709461,0.0195160031225625,10,0.0261223353467146,2,-0.643013297995102,8,0.573236551598352,-0.442042329223863,1.12816964636357,-0.520686963309915,1.72365339578454,-0.250884200379307,0.37704918032787,63,0.264347157872896,32,-0.315423740900203,31,1.04600066911658,-0.801055968846944,0.0636440827588048,-0.537080405932865,0.0983606557377049,-0.574079859725643,-0.282903981264636,17,-0.403506122522914,9,-0.668400669424183,8,0.136064630007711,1,1,1,1,1,1,1,1,1,1,1,1,2,1,1,2,1,1,1,1,2,1,1,2,1,2,2,2,4,2,1,3
"5c38def3f451bf0001d9c01e",0.731784482211362,1.42703027760658,0.315318038658363,0.921018947085805,0.551990632318501,0.950819672131148,0.227946916471506,0.554396423248883,1.11963945136263,0.64943126968056,0.751405152224823,0.407494145199062,0.928819928700315,0.579449648711944,113,0.980331612451235,58,1.13421133529442,55,0.664435572852248,29,1.33084058066415,29,0.738331695670557,31,0.815203383334586,24,0.341933011138741,0.966398356713407,1.09195473934116,0.732435597189696,0.849180327868852,1.06830108812542,0.797293780900339,17,1.06718447336444,7,0.909965651348272,10,1.08370997710929,1.99470683139175,1.54831038675081,3.14597970335675,2.22365339578454,2.03062650221985,2.77704918032787,87,1.94697428450733,54,1.90578362193076,33,1.34942613495407,0.341060493881156,0.651364412225887,0.296252927400469,0.348360655737705,0.450892330738573,0.317096018735363,23,0.452274246602669,14,0.368689032044298,9,0.481895564610644,2,2,2,2,2,2,2,2,2,2,2,2,2,2,2,2,4,4,3,3,3,4,4,3,3,3,4,4,4,4,4,4
"5c41f9ce4fe4f800016dfaac",-1.01976267628454,-0.6477920835458,-1.48178645151938,-1.28643833514303,-0.748009367681499,-0.449180327868853,-0.994275305750715,-0.809239940387481,-0.936764090495734,-1.50810338781481,-0.598594847775176,-0.892505854800937,-1.3115690056805,-0.745550351288058,60,-1.26134614054299,31,-0.90355124606905,29,-1.45526664835627,15,-0.628707446727548,16,-1.00052245904614,16,-1.18993397083516,13,-1.49146807712458,-1.09088943316313,-0.274887489283751,-0.767564402810304,-0.150819672131147,-0.739074083730218,-0.424928441321882,6,-0.568770314949129,1,-0.953609087863776,5,-0.19247358666806,-1.37500686518069,-1.38523512421302,-1.52068696330991,-2.02634660421546,-1.43481883519457,-1.72295081967213,42,-1.20795157793223,26,-0.921207567126828,16,-1.22969032466457,-1.59064257844008,-1.56834087827357,-1.20374707259953,-1.1516393442623,-1.72260628297316,-1.18290398126464,8,-1.68717667621129,5,-1.49807243059897,3,-1.59309004300695,1,1,1,1,1,1,1,1,1,1,1,1,1,1,1,1,1,1,1,1,1,2,1,1,1,1,1,1,1,2,1,2
"5c446de311bc1c0001fff3fe",0.329328810905066,-0.789999267100415,1.16631997133586,0.803785388013401,0.251990632318503,-0.549180327868853,0.783502472027062,0.554396423248881,-0.149407695830794,1.07548640549175,-0.148594847775175,0.657494145199065,0.441587884660017,0.254449648711944,100,0.430486125867744,40,-0.224297052281225,60,1.07207061539235,14,-0.768675162969812,26,0.337057659966703,31,0.815203383334586,29,1.17529714216752,0.801511034447525,-1.23757836434777,0.482435597189696,-0.950819672131147,-0.121015021075075,-0.313817330210775,7,-0.420047152375168,6,0.599369861479597,1,-1.21342043768994,-0.404485263820836,-0.715305420231814,-1.18735362997658,-0.776346604215457,-0.481542298920884,-1.02295081967213,49,-0.717185332663857,28,-0.719279625051286,21,-0.471126660070852,0.105306750105944,0.869825163509166,-0.037080405932866,0.348360655737705,0.358296167775307,0.117096018735363,21,0.167014123560808,12,-0.046146848543094,9,0.481895564610644,2,1,2,2,2,1,2,2,2,2,1,1,1,2,2,1,3,2,4,3,4,2,4,3,3,4,2,2,2,3,4,1
"5c49b156f5e26d0001479b44",-0.616691965626039,-1.37670390382988,-0.725013227647081,-0.720593213605639,-0.448009367681498,-0.949180327868854,-0.43871975019516,-0.445603576751117,-1.00921234879309,-0.799454476779998,-0.698594847775175,-0.442505854800937,-0.944963998172393,-0.570550351288056,67,-0.965275493921116,29,-1.05449662246634,38,-0.721523571784093,10,-1.32854602793887,19,-0.599248423342289,20,-0.655230676389896,18,-0.658103946095795,-1.39076554790036,-1.66747442073302,-1.0175644028103,-1.15081967213115,-1.55549291358239,-1.09159510798855,0,-1.46110929039289,0,-1.26420487773245,0,-1.46865715044541,0.571642622908282,-0.379561647809826,0.312646370023418,-0.776346604215456,0.469563400696093,-0.122950819672132,58,-0.0862001601759444,37,0.189396114288652,21,-0.471126660070852,-0.687840163367588,-1.56834087827358,-0.370413739266199,-1.1516393442623,-1.07890399016833,-0.682903981264637,13,-0.974026368606636,10,-0.460982729130486,3,-1.59309004300695,1,1,1,1,1,1,1,1,1,1,2,2,1,1,1,1,1,1,1,2,1,1,2,1,2,1,3,3,2,1,1,1
"5c58bdb5a2f0f6000157e4e6",1.16081247400026,0.0683747941946948,1.58992151090752,2.08778129442818,0.851990632318501,0.0508196721311481,1.00572469424928,1.3725782414307,0.779360101524397,1.99589162876465,0.451405152224825,1.20749414519906,1.42023315634751,0.829449648711943,123,1.40328967905392,52,0.681375206102541,71,1.96886770898057,20,0.0711311344837735,32,1.13960573137441,40,2.01828579583644,31,1.50864279457903,0.966398356713405,2.07276361633067,0.732435597189696,1.64918032786885,1.52923103535821,1.24173822534478,21,1.66207712366028,7,0.909965651348272,14,2.10465682813117,1.33600169750613,1.14144846818102,1.47931303669008,1.47365339578454,1.36913345695675,1.47704918032787,74,1.03555125758034,44,0.896143911553049,30,0.894287936197839,1.84393893019946,2.50181012454154,1.29625292740047,1.59836065573771,2.16901448877644,1.41709601873536,34,2.02120492333291,20,1.61319667380648,14,2.21105023762531,2,2,2,2,2,2,2,2,2,2,2,2,2,2,2,2,4,4,4,4,4,3,4,4,4,4,4,4,4,4,4,4
"5c5a91ad5ed69900019c8058",-0.901928893700134,2.05367107240443,0.793829331143273,1.08142849860361,-0.648009367681499,1.35081967213115,0.56128024980484,0.827123695976155,0.324554307948043,1.0036026097574,0.351405152224822,0.707494145199062,0.576617954130548,0.529449648711946,111,0.895739999130698,50,0.530429829705247,61,1.15359762390037,33,1.89071144563321,17,-0.866764447144858,34,1.21623085416854,27,0.841951489756009,0.501634919710301,0.213631537152115,0.232435597189695,0.0491803278688527,0.350057487889143,0.13062711423367,11,0.174845497920675,5,0.288774071610923,6,0.0627631260874107,-1.3903467016181,-1.31699691568677,-1.85402029664325,-1.27634660421546,-1.46175812822466,-1.62295081967213,43,-1.13784211432247,24,-1.12313550920237,19,-0.774552125908339,0.962659911126676,-0.397377401949485,0.796252927400469,-0.401639344262295,0.487800174020457,0.317096018735363,23,0.452274246602669,17,0.990942852925387,6,-0.555597239198155,2,2,2,1,2,2,2,2,2,1,1,1,1,2,2,2,3,3,4,1,3,4,4,3,4,2,1,1,1,3,3,3
"5c5ac2869d974300015d81fc",-0.88696089920464,-0.429963549803187,-0.711598500110957,-0.468076770041853,-0.648009367681498,-0.349180327868853,-0.43871975019516,-0.354694485842027,-0.757541923086429,-0.647545943500281,-0.498594847775175,-0.392505854800936,-0.768253976178321,-0.445550351288058,72,-0.753796460619773,33,-0.752605869671756,39,-0.639996563276073,16,-0.488739730485283,17,-0.866764447144858,21,-0.521554852778579,18,-0.658103946095795,-1.39076554790036,-0.244400505931151,-1.0175644028103,-0.150819672131147,-0.909581128412143,-0.536039552432994,5,-0.71749347752309,0,-1.26420487773245,5,-0.19247358666806,-0.808862369307782,-0.991930118858992,-1.68735362997658,-0.776346604215456,-0.878500789477317,-1.32295081967213,46,-0.927513723493161,25,-1.0221715381646,21,-0.471126660070852,-0.28053892336436,-0.427837157573741,-0.203747072599531,-0.151639344262296,-0.324227910326746,-0.182903981264637,18,-0.260876061001983,11,-0.25356478883679,7,-0.209766304595221,1,1,1,1,1,1,1,1,1,1,1,1,1,1,1,1,2,2,2,1,2,2,2,2,2,2,1,1,1,1,1,2
"5c5aecc774a76f0001a25ced",1.13419747232026,1.00445244524741,1.39528011850093,2.10082969821647,0.851990632318502,0.650819672131148,0.894613583138174,1.28166915052161,1.18771946478929,1.86755188586572,0.751405152224824,1.10749414519906,1.57821232657909,0.929449648711942,127,1.57247290569499,58,1.13421133529442,69,1.80581369196453,26,0.910937431937359,32,1.13960573137441,39,1.88460997222512,30,1.34196996837328,1.13128567897929,-0.188901116207917,0.982435597189696,0.0491803278688521,0.603667517045727,0.463960447567004,14,0.621014985642558,8,1.22056144121695,6,0.0627631260874107,-0.830314233673616,1.86829544677307,-0.854020296643247,2.72365339578454,-0.50670802510401,0.57704918032787,65,0.404566085092432,30,-0.517351682975745,35,1.65285160079156,1.62673999321422,1.51323784600432,1.1295862607338,1.09836065573771,1.71297363644884,1.11709601873536,31,1.59331473877011,19,1.40577873351278,12,1.51938836841944,2,2,2,2,2,2,2,2,2,2,1,1,2,2,2,1,4,4,4,4,4,4,4,4,4,4,2,1,4,3,4,2
"5c6048199cf8fb000199e293",-0.930657516374291,0.364448600584838,-0.699538561692663,-0.397345760385058,-0.648009367681498,0.250819672131149,-0.438719750195159,-0.172876304023845,-0.425509092246491,-0.569258052353997,-0.198594847775178,-0.292505854800937,-0.569743996257516,-0.245550351288055,80,-0.415430007337625,39,-0.299769740479872,41,-0.476942546260033,22,0.351066566968302,17,-0.866764447144858,23,-0.254203205555946,18,-0.658103946095795,-0.369775201598146,-1.00393964225627,-0.267564402810305,-0.750819672131147,-0.677333558661633,-0.536039552432996,5,-0.71749347752309,3,-0.332417508126427,2,-0.958183724934471,-1.46149689601542,-1.40711107808167,-2.35402029664325,-1.77634660421546,-1.49801862223811,-2.12295081967213,38,-1.48838943237131,21,-1.42602742231568,17,-1.07797759174583,-1.37083235411316,-0.985097731416558,-1.03708040593287,-0.651639344262295,-1.34448344841004,-0.882903981264636,11,-1.2592864916485,6,-1.29065449030527,5,-0.901428173801088,1,1,1,1,1,2,1,1,1,1,1,1,1,1,1,1,2,2,2,1,2,3,2,1,1,1,1,1,1,2,2,1
"5c665e1948985d0001f09675",-0.878542902450547,-0.477233614277563,-0.997302461985583,-1.10774126091359,-0.648009367681499,-0.349180327868854,-0.660941972417382,-0.718330849478392,-0.775074974699002,-1.15544346518342,-0.498594847775177,-0.692505854800937,-1.01823024872016,-0.595550351288055,66,-1.00757130058138,33,-0.752605869671756,33,-1.12915861432419,16,-0.488739730485283,17,-0.866764447144858,17,-1.05625814722385,16,-0.991449598507308,-0.294627256726417,-0.185777535880533,-0.267564402810304,-0.150819672131147,-0.254698113331725,-0.202706219099662,8,-0.271323989801207,3,-0.332417508126427,5,-0.19247358666806,1.82686880869157,1.94969052147581,2.81264637002342,2.72365339578454,1.91859473221839,2.77704918032787,87,1.94697428450733,52,1.70385567985522,35,1.65285160079156,-2.02504045241056,-0.798229351019611,-1.53708040593287,-0.651639344262295,-1.72801540131304,-1.18290398126464,8,-1.68717667621129,3,-1.91290831118636,5,-0.901428173801088,1,1,1,1,1,1,1,1,1,1,2,2,2,1,1,1,1,2,1,1,1,2,1,1,1,2,4,4,4,2,2,2
"5c66f25b926a5b0001eb28b2",1.75057774565488,1.41956778362899,1.63116168701222,0.288270189757908,1.2519906323185,0.95081967213115,1.00572469424928,0.190760059612519,1.75280900349672,1.03048779438018,1.10140515222483,0.557494145199063,1.54066276798146,0.829449648711943,123,1.40328967905392,65,1.66252015268495,58,0.909016598376308,29,1.33084058066415,36,1.67463777897955,27,0.28050008888932,31,1.50864279457903,0.306805279639344,0.769246351065529,0.232435597189695,0.649180327868852,0.51451525325361,0.463960447567005,14,0.621014985642558,5,0.288774071610923,9,0.828473264353822,-0.183075654244331,0.792025826902308,-0.187353629976583,1.47365339578454,-0.0667274903826918,0.477049180327868,64,0.334456621482664,34,-0.113495798824661,30,0.894287936197839,0.437938044101171,0.372734125304483,0.296252927400469,0.0983606557377056,0.443149632407111,0.217096018735363,22,0.309644185081739,14,0.368689032044298,8,0.136064630007711,2,2,2,2,2,2,2,2,2,2,1,1,2,2,2,2,4,4,4,4,4,4,3,3,3,3,2,2,3,3,3,4
"5c6f0e238e9bdd0001f6b65b",1.76383687818801,1.306508364388,0.619330747790934,-0.149669330363413,1.2519906323185,0.850819672131146,0.450169138693728,-0.0819672131147548,1.7068151014903,0.245794538257084,1.05140515222482,0.157494145199063,1.15207779975154,0.604449648711941,114,1.0226274191115,64,1.58704746448631,50,0.256800530312148,28,1.19087286442189,36,1.67463777897955,24,-0.12052738194463,26,0.675278663550253,-0.294627256726419,2.07276361633067,-0.267564402810304,1.64918032786885,0.796523514156987,0.79729378090034,17,1.06718447336444,3,-0.332417508126427,14,2.10465682813117,-1.60811349633736,-0.615271695507792,-2.18735362997659,-1.27634660421546,-1.52396903896757,-1.82295081967213,41,-1.278061041542,22,-1.32506345127791,19,-0.774552125908339,1.33190252101125,0.925517516537231,0.962919594067136,0.848360655737705,1.30177671699401,0.917096018735363,29,1.30805461572825,18,1.19836079321908,11,1.17355743381651,2,2,2,2,2,2,1,2,2,2,1,1,1,2,1,2,4,4,3,4,3,4,2,4,4,4,1,1,2,3,2,4
"5c704329d25ffb00016fa39f",1.29978511582425,1.16586155396866,1.16508145235085,0.458691034227343,0.951990632318501,0.850819672131148,0.783502472027062,0.28166915052161,1.35474090743647,0.891254881814987,0.901405152224825,0.507494145199062,1.24100111832926,0.704449648711941,118,1.19181064575258,61,1.36062939989037,57,0.827489589868288,28,1.19087286442189,33,1.27336374327569,28,0.414175912500636,29,1.17529714216752,1.29617300124517,0.192430242118333,1.2324355971897,0.249180327868852,0.879231999356174,0.686182669789227,16,0.91846131079048,9,1.53115723108562,7,0.317999838842881,1.13676789614481,1.01929487830643,1.64597970335675,1.22365339578454,1.1784386455833,1.47704918032787,74,1.03555125758034,45,0.99710788259082,29,0.742575203279096,1.0440609369303,1.05221636129603,0.796252927400468,0.598360655737705,1.06019586665708,0.717096018735363,27,1.02279449268639,17,0.990942852925387,10,0.827726499213578,2,2,2,2,2,2,2,2,2,2,2,2,2,2,2,2,4,4,4,4,4,4,3,4,4,4,4,4,4,4,4,3
"5c71054a5444f60001ec032c",0.463755610211075,1.66640992220448,0.204461716583816,0.280920320764687,0.3519906323185,1.15081967213115,0.116835805360395,0.099850968703429,1.03627456852262,0.258552437348739,0.75140515222482,0.107494145199061,0.707909137275132,0.429449648711945,107,0.726556772489624,58,1.13421133529442,49,0.175273521804127,31,1.61077601314868,27,0.470815671867988,26,0.146824265278003,23,0.175260184932985,0.259875557670841,1.28586107698033,0.482435597189695,0.849180327868852,0.772013067419476,0.686182669789229,16,0.91846131079048,6,0.599369861479597,10,1.08370997710929,-0.629607025828488,-1.82725181846891,-1.35402029664325,-2.27634660421546,-0.81054916719157,-1.72295081967213,42,-1.20795157793223,27,-0.820243596089057,15,-1.38140305758331,0.762088701802045,0.282104834042067,0.629586260733802,0.098360655737705,0.604911707658382,0.417096018735363,24,0.5949043081236,16,0.783524912631691,8,0.136064630007711,2,2,2,2,2,2,2,2,2,2,1,1,1,2,2,2,3,4,3,3,3,4,3,3,3,3,1,2,1,3,3,4
"5c71ab2b18126000010d53b8",0.496300985728645,-0.0612953601117497,-0.00903279121812476,-0.653847695279985,0.351990632318502,-0.049180327868853,0.00572469424928401,-0.445603576751117,0.302806871565813,-0.371973902434236,0.151405152224825,-0.242505854800937,0.0258710554271478,-0.0455503512880577,88,-0.0770635540554774,46,0.228539076910658,42,-0.395415537752013,19,-0.0688365817584908,27,0.470815671867988,20,-0.655230676389896,22,0.00858735872722888,-0.594503371463641,0.0659389009173638,-0.517564402810305,0.0491803278688525,-0.334827227448637,-0.202706219099662,8,-0.271323989801207,2,-0.643013297995102,6,0.0627631260874107,-1.75308094702606,-1.44215239882387,-2.85402029664325,-2.02634660421546,-1.7956285729,-2.52295081967213,34,-1.76882728681038,18,-1.728919335429,16,-1.22969032466457,0.0694646715179075,-0.519599064098196,-0.0370804059328651,-0.401639344262295,-0.14942026913297,-0.182903981264637,18,-0.260876061001983,12,-0.046146848543094,6,-0.555597239198155,2,2,1,2,1,2,1,1,2,1,1,1,1,1,1,2,3,3,2,3,2,3,2,2,3,2,1,1,1,2,2,3
"5c74379e4bf96800013d2baf",0.186792164469562,-0.523679133229834,1.09663872990708,0.473544391740577,0.151990632318501,-0.349180327868851,0.672391360915952,0.281669150521612,-0.0976829193839671,0.871024718300962,-0.0985948477751755,0.457494145199062,0.383235419956721,0.179449648711944,97,0.303598705886939,41,-0.148824364082578,56,0.745962581360268,16,-0.488739730485283,25,0.203299648065418,28,0.414175912500636,28,1.00862431596177,-0.129739934460535,-0.475688231368075,-0.0175644028103046,-0.350819672131147,-0.280378379256957,-0.202706219099661,8,-0.271323989801207,4,-0.0218217182577522,4,-0.44771029942353,1.53528473254469,2.3129139872522,2.31264637002342,3.22365339578454,1.70689982968544,2.67704918032787,86,1.87686482089756,49,1.4009637667419,37,1.95627706662904,0.409091853635173,1.63993669076311,0.296252927400469,0.848360655737706,0.828256347484888,0.517096018735363,25,0.73753436964453,14,0.368689032044298,11,1.17355743381651,2,1,2,2,2,1,2,2,2,2,2,2,2,1,2,1,3,2,4,3,4,2,3,4,3,4,4,4,4,2,3,2
"5c75aa774f23e50015135016",1.60840643087364,0.75043790843598,0.901591009478997,-0.378186423599359,1.1519906323185,0.550819672131149,0.56128024980484,-0.263785394932935,1.40252076111725,0.313374668214138,0.851405152224825,0.107494145199062,0.997729174263874,0.479449648711944,109,0.811148385810161,60,1.28515671169172,49,0.175273521804127,25,0.770969715695095,35,1.54087976707826,22,-0.387879029167263,27,0.841951489756009,0.666522241976182,0.596541308460141,0.482435597189695,0.449180327868852,0.652169400122142,0.463960447567005,14,0.621014985642558,6,0.599369861479597,8,0.573236551598352,-0.217384914161173,-1.02461350465987,-0.187353629976579,-1.77634660421546,-0.332900961059774,-0.822950819672131,51,-0.576966405444321,34,-0.113495798824661,17,-1.07797759174583,0.762088701802051,0.0636440827588046,0.629586260733802,0.0983606557377049,0.568988493730707,0.417096018735363,24,0.5949043081236,16,0.783524912631691,8,0.136064630007711,2,2,2,2,2,2,1,2,2,1,1,1,1,2,2,2,4,4,3,4,4,4,2,3,3,2,2,2,1,3,3,3
"5c770842ffaec400166c0c6b",-1.03866876218721,-0.286243689472875,-1.21261535850062,-0.826915911783051,-0.748009367681498,-0.149180327868853,-0.772053083528494,-0.536512667660208,-0.830847587525997,-1.12342267414822,-0.448594847775174,-0.642505854800936,-1.00085441877441,-0.545550351288056,68,-0.922979687260847,34,-0.677133181473108,34,-1.04763160581617,18,-0.208804298000755,16,-1.00052245904614,19,-0.788906500001213,15,-1.15812242471306,-1.16603737803486,-0.859370586348905,-0.767564402810305,-0.550819672131147,-1.03678215571369,-0.647150663544105,4,-0.866216640097051,1,-0.953609087863776,3,-0.702947012179001,-0.398414681779091,-0.951415514969058,-0.187353629976581,-1.52634660421546,-0.473309010821395,-0.722950819672131,52,-0.506856941834553,34,-0.113495798824661,18,-0.926264858827082,-0.273505601299357,-1.07685963794101,-0.370413739266199,-0.901639344262295,-0.589669793540819,-0.582903981264637,14,-0.831396307085705,10,-0.460982729130486,4,-1.24725910840402,1,1,1,1,1,1,1,1,1,1,1,1,1,1,1,1,1,1,1,1,1,2,2,2,2,1,2,2,1,1,1,2
"5c77e56ad5dd7600016c00d3",0.0908444853777403,-0.155731680356521,-0.0324068350684665,0.689541313927526,0.0519906323185019,-0.149180327868852,0.116835805360395,0.463487332339792,-0.0129172833832847,0.326962817188335,-0.0485948477751757,0.307494145199065,0.117890249505845,0.129449648711945,95,0.219007092566402,42,-0.0733516758839309,53,0.501381555836208,18,-0.208804298000755,24,0.0695416361641339,30,0.681527559723269,23,0.175260184932985,0.17013618027669,-0.0107617838396518,0.232435597189696,0.0491803278688527,0.118611874893734,0.130627114233673,11,0.174845497920675,5,0.288774071610923,6,0.0627631260874107,-0.721908066936816,-1.51247045089312,-1.02068696330991,-2.27634660421546,-0.859720689580983,-1.52295081967213,44,-1.0677326507127,29,-0.618315654013515,15,-1.38140305758331,-0.137745124060696,-0.214986204162605,-0.0370804059328653,-0.151639344262295,-0.162787024965054,-0.0829039812646371,19,-0.118245999481053,12,-0.046146848543094,7,-0.209766304595221,2,2,2,2,1,2,2,1,1,1,1,1,1,2,2,2,3,3,3,3,2,3,3,2,2,2,1,2,1,3,3,3
"5c7b2a3df48c6d0016f6fb70",-0.365260027729727,-1.37670390382988,0.177898021380157,-1.06875105036022,-0.248009367681498,-0.949180327868854,0.00572469424928396,-0.718330849478392,-0.833920169141738,-0.461150479740959,-0.598594847775175,-0.392505854800935,-0.668817398432308,-0.495550351288056,70,-0.83838807394031,31,-0.90355124606905,39,-0.639996563276073,10,-1.32854602793887,21,-0.33173239953972,17,-1.05625814722385,22,0.00858735872722888,-0.819231541329136,-1.23757836434777,-0.767564402810305,-0.950819672131147,-1.0820211947861,-0.869372885766329,2,-1.16366296524497,1,-0.953609087863776,1,-1.21342043768994,0.0313368791407178,-0.802182278779349,-0.187353629976581,-1.02634660421546,-0.112393003662753,-0.522950819672132,54,-0.366638014615017,34,-0.113495798824661,20,-0.622839392989595,-0.908776926863856,-1.1073193935653,-0.537080405932864,-0.651639344262296,-0.999040164512709,-0.582903981264637,14,-0.831396307085705,9,-0.668400669424183,5,-0.901428173801088,1,1,1,1,2,1,1,1,1,1,1,1,1,1,1,1,2,1,2,2,3,1,1,1,1,1,2,2,2,1,2,1
"5c8566ba0d4ac0000196d065",-0.155879365785871,-1.14516836242248,0.751799996576487,0.278959170667315,-0.148009367681498,-0.749180327868853,0.450169138693729,0.190760059612519,-0.609637872512111,0.559497791062294,-0.448594847775174,0.307494145199063,-0.0856478310677817,-0.0705503512880561,87,-0.119359360715746,34,-0.677133181473108,53,0.501381555836208,12,-1.04861059545434,22,-0.197974387638435,27,0.28050008888932,26,0.675278663550253,-0.294627256726418,-0.420188841644838,-0.267564402810304,-0.150819672131148,-0.340319918503415,-0.202706219099662,8,-0.271323989801207,3,-0.332417508126427,5,-0.19247358666806,-0.970629784829983,-0.42552385542815,-1.02068696330991,-1.52634660421546,-0.933236784506635,-1.22295081967213,47,-0.857404259883393,29,-0.618315654013515,18,-0.926264858827082,-1.64319741377769,0.0636440827588064,-1.20374707259953,0.0983606557377049,-1.10419801084648,-0.682903981264637,13,-0.974026368606636,5,-1.49807243059897,8,0.136064630007711,1,1,2,1,2,1,2,1,1,2,1,1,1,1,1,1,2,2,3,2,3,1,3,1,1,3,1,1,2,2,2,2
"5c88d569d47e6a0001a6192a",0.455229293247744,0.171805224218428,1.38157559627714,1.25070722761729,0.351990632318503,0.150819672131147,0.894613583138173,0.827123695976152,0.361957120156532,1.44215442707788,0.251405152224823,0.857494145199064,0.938564130694844,0.554449648711946,112,0.938035805790966,48,0.379484453307952,64,1.39817864942443,21,0.211098850726038,27,0.470815671867988,34,1.21623085416854,30,1.34196996837328,1.10138714918475,-0.711677950114154,0.732435597189696,-0.550819672131147,0.312258100780785,0.0195160031225588,10,0.0261223353467146,7,0.909965651348272,3,-0.702947012179001,-1.32673844682357,-0.368362669535385,-2.35402029664325,-0.526346604215457,-1.27280981910501,-1.62295081967213,43,-1.13784211432247,21,-1.42602742231568,22,-0.319413927152108,0.330986323385552,0.529142750077172,0.129586260733802,0.348360655737704,0.4884280208176,0.217096018735363,22,0.309644185081739,13,0.161271091750602,9,0.481895564610644,2,2,2,2,2,2,2,2,2,2,1,1,1,2,2,1,4,3,4,3,4,3,4,3,3,3,1,1,2,3,4,2
"5c8c59d99c57e70001a659a6",0.790638435855149,1.82269507467902,0.895793825998269,0.866245454768773,0.5519906323185,1.25081967213115,0.561280249804841,0.554396423248883,1.31086490381305,0.925821732307683,0.901405152224824,0.557494145199061,1.16742004601785,0.729449648711943,119,1.23410645241285,61,1.36062939989037,58,0.909016598376308,32,1.75074372939094,29,0.738331695670557,31,0.815203383334586,27,0.841951489756009,1.40294357081329,0.594190311805562,0.982435597189695,0.449180327868852,1.04447089498759,0.686182669789226,16,0.91846131079048,8,1.22056144121695,8,0.573236551598352,0.2036655461421,1.01421314150092,0.479313036690085,1.22365339578454,0.339324910215853,0.77704918032787,67,0.544785012311968,38,0.290360085326423,29,0.742575203279096,1.29971323984526,0.464496031828945,0.962919594067135,0.348360655737705,1.08848720268574,0.717096018735363,27,1.02279449268639,18,1.19836079321908,9,0.481895564610644,2,2,2,2,2,2,2,2,2,2,2,2,2,2,2,2,4,4,4,4,4,4,4,4,4,3,3,3,4,4,4,3
"5c9234b55df79a001654ae8a",0.320812822717098,-1.37670390382988,0.90159100947899,-1.88750975009757,0.251990632318502,-0.949180327868854,0.56128024980484,-1.26378539493294,-0.366823593149861,-0.485302361976623,-0.348594847775175,-0.442505854800935,-0.403064466873339,-0.395550351288058,74,-0.669204847299236,36,-0.526187805075814,38,-0.721523571784093,10,-1.32854602793887,26,0.337057659966703,11,-1.85831308889174,27,0.841951489756009,-1.39076554790036,-0.739813936812174,-1.0175644028103,-0.550819672131147,-1.13806433788091,-0.758261774655216,3,-1.01493980267101,0,-1.26420487773245,3,-0.702947012179001,-1.3325986907744,-0.672467061516964,-2.18735362997658,-1.02634660421546,-1.29527110319686,-1.72295081967213,42,-1.20795157793223,22,-1.32506345127791,20,-0.622839392989595,-1.62725389432941,-0.214986204162617,-1.03708040593286,-0.151639344262295,-1.2391419324274,-0.682903981264637,13,-0.974026368606636,6,-1.29065449030527,7,-0.209766304595221,1,1,1,2,2,1,1,1,1,1,1,1,1,1,1,1,2,2,2,3,4,1,1,1,1,2,1,1,2,1,1,2
"5c927408f290830016123570",-0.609417715649604,-1.01470626815846,-0.550165587846995,-1.12471089563872,-0.448009367681498,-0.649180327868852,-0.327608639084049,-0.71833084947839,-0.857360912551305,-0.905169766120044,-0.548594847775172,-0.542505854800938,-0.893384224373087,-0.545550351288054,68,-0.922979687260847,32,-0.828078557870403,36,-0.884577588800133,13,-0.908642879212076,19,-0.599248423342289,17,-1.05625814722385,19,-0.491431119890039,-1.39076554790036,-1.00393964225627,-1.0175644028103,-0.750819672131147,-1.26304277530363,-0.869372885766328,2,-1.16366296524497,0,-1.26420487773245,2,-0.958183724934471,-1.32281595630151,-1.21436134473951,-2.02068696330991,-1.52634660421546,-1.35489555940844,-1.82295081967213,41,-1.278061041542,23,-1.22409948024014,18,-0.926264858827082,-0.633535771531236,-0.985097731416556,-0.537080405932865,-0.651639344262295,-0.789802680509339,-0.582903981264637,14,-0.831396307085705,9,-0.668400669424183,5,-0.901428173801088,1,1,1,1,1,1,1,1,1,1,1,1,1,1,1,1,1,1,1,2,2,1,1,2,2,1,1,1,1,1,1,1
"5c93bd73642b0c00172314eb",-1.86349714310835,-0.283053388704293,-1.35428946357331,-0.772779914472244,-1.3480093676815,-0.249180327868853,-0.772053083528494,-0.536512667660208,-1.33104853030192,-1.13153843414535,-0.798594847775175,-0.642505854800938,-1.3576576899516,-0.720550351288057,61,-1.21905033388273,27,-1.20544199886364,34,-1.04763160581617,17,-0.348772014243019,10,-1.80307053045385,19,-0.788906500001213,15,-1.15812242471306,-1.39076554790036,-0.574043585871029,-1.0175644028103,-0.550819672131147,-1.07842964059502,-0.758261774655216,3,-1.01493980267101,0,-1.26420487773245,3,-0.702947012179001,-1.54493363289828,0.0981403255094525,-2.85402029664325,0.973653395784544,-1.39961812879575,-1.32295081967213,46,-0.927513723493161,18,-1.728919335429,28,0.590862470360352,0.574505192584081,-0.798229351019603,0.296252927400468,-0.651639344262295,0.0900682998718237,-0.0829039812646368,19,-0.118245999481053,14,0.368689032044298,5,-0.901428173801088,1,1,1,1,1,1,1,2,2,1,1,1,2,1,1,1,1,1,1,1,1,2,2,3,3,2,1,1,3,1,1,2
"5c97710741502a0015b3a9a5",0.905652896289342,0.319165603116132,0.819327231477596,-0.2798910316942,0.651990632318501,0.250819672131149,0.450169138693729,-0.172876304023845,0.71786837485861,0.312776164549297,0.451405152224824,0.107494145199062,0.604459510507851,0.279449648711945,101,0.472781932528013,52,0.681375206102541,49,0.175273521804127,22,0.351066566968302,30,0.872089707571841,23,-0.254203205555946,26,0.675278663550253,-0.594503371463641,0.0173742028583713,-0.517564402810305,0.0491803278688527,-0.35165102214868,-0.202706219099662,8,-0.271323989801207,2,-0.643013297995102,6,0.0627631260874107,0.149222663500342,0.065056892669297,0.145979703356753,-0.276346604215456,0.138994460009053,-0.0229508196721314,59,-0.0160906965661763,36,0.0884321432508812,23,-0.167701194233365,-0.0825790013813955,-0.524076246708276,-0.0370804059328652,-0.151639344262295,-0.219318555719694,-0.0829039812646367,19,-0.118245999481053,12,-0.046146848543094,7,-0.209766304595221,2,2,2,2,2,2,1,1,1,1,2,2,2,1,1,2,3,3,3,4,3,3,2,2,2,2,3,3,3,2,2,3
"5c98c51774cc7f0001e67c8c",-1.17857015515861,-0.83259112025137,-1.80728079276639,-1.88750975009757,-0.848009367681501,-0.549180327868854,-1.10538641686183,-1.26378539493294,-1.0674024503049,-1.98542751907474,-0.698594847775174,-1.19250585480094,-1.60329428493622,-0.94555035128806,52,-1.59971259382514,29,-1.05449662246634,23,-1.94442869940439,14,-0.768675162969812,15,-1.13428047094743,11,-1.85831308889174,12,-1.65814090333033,-1.39076554790036,-1.00393964225627,-1.0175644028103,-0.750819672131147,-1.26304277530363,-0.869372885766328,2,-1.16366296524497,0,-1.26420487773245,2,-0.958183724934471,-0.290877711612487,-0.715549331513726,-0.354020296643247,-1.77634660421546,-0.351503396928101,-0.922950819672132,50,-0.647075869054089,33,-0.214459769862432,17,-1.07797759174583,-1.50405641189609,-0.985097731416567,-1.03708040593286,-0.651639344262295,-1.44361300638276,-0.882903981264636,11,-1.2592864916485,6,-1.29065449030527,5,-0.901428173801088,1,1,1,1,1,1,1,1,1,1,1,1,1,1,1,1,1,1,1,1,1,2,1,1,1,1,2,2,2,1,1,1
"5ca238f0fd2f4e00184ec34c",0.898029846264949,0.803313306642753,1.43601392570996,0.973661318187436,0.651990632318501,0.550819672131148,1.00572469424928,0.645305514157973,0.931076577439166,1.33277157598375,0.601405152224824,0.807494145199063,1.1509861235381,0.704449648711942,118,1.19181064575258,55,0.907793270698482,63,1.31665164091641,25,0.770969715695095,30,0.872089707571841,32,0.948879206945903,31,1.50864279457903,1.1911265265789,1.63905644860856,0.982435597189696,1.04918032786885,1.44415044169704,1.01951600312256,19,1.36463079851236,8,1.22056144121695,11,1.33894668986476,1.43829586145075,0.444561073525645,2.47931303669009,0.473653395784544,1.38127113828956,1.67704918032787,76,1.17577018479988,50,1.50192773777967,26,0.287437004522865,1.13506913819763,1.91856697768453,0.796252927400468,1.09836065573771,1.42796844907908,0.917096018735363,29,1.30805461572825,17,0.990942852925387,12,1.51938836841944,2,2,2,2,2,2,2,2,2,2,2,2,2,2,2,2,4,4,4,4,4,4,4,4,4,4,4,4,3,4,4,4
"5ca4ed188ef8c300164ed71f",1.20642810656563,0.832379514093057,0.25313780795115,0.622109646889975,0.8519906323185,0.550819672131147,0.116835805360396,0.372578241430699,1.10779466716143,0.47259136657227,0.701405152224825,0.257494145199062,0.870800066372384,0.479449648711939,109,0.811148385810161,57,1.05873864709578,52,0.419854547328188,25,0.770969715695095,32,1.13960573137441,29,0.547851736111953,23,0.175260184932985,0.335023502542572,0.278376327975084,0.482435597189696,0.449180327868852,0.382057623821169,0.463960447567006,14,0.621014985642558,6,0.599369861479597,8,0.573236551598352,0.722608005912488,0.835264232656436,0.979313036690086,1.47365339578454,0.777451039043673,1.17704918032787,71,0.82522286675104,41,0.593251998439736,30,0.894287936197839,0.742887120742736,1.45306831036617,0.462919594067135,0.848360655737706,1.00817789474081,0.617096018735363,26,0.880164431165461,15,0.576106972337995,11,1.17355743381651,2,2,2,2,2,2,2,2,2,2,2,2,2,2,2,2,4,4,3,4,3,4,3,4,3,4,4,3,4,3,3,3
"5ca7b68facdc6c00165e4985",-0.214963105089735,-0.516927467842565,1.07953329301791,0.112070397324845,-0.148009367681499,-0.349180327868852,0.783502472027062,0.0998509687034277,-0.373711075690871,0.668428331231539,-0.248594847775175,0.407494145199063,0.111613224648926,0.0794496487119453,93,0.134415479245865,38,-0.37524242867852,55,0.664435572852248,16,-0.488739730485283,22,-0.197974387638435,26,0.146824265278003,29,1.17529714216752,-0.594503371463641,-0.0762791583354262,-0.517564402810305,-0.150819672131147,-0.408330299237315,-0.313817330210773,7,-0.420047152375168,2,-0.643013297995102,5,-0.19247358666806,0.411206701978474,-1.21424788979562,1.14597970335675,-2.27634660421546,0.181337411428482,-0.222950819672132,57,-0.156309623785712,42,0.694215969477507,15,-1.38140305758331,0.661868060882039,0.372734125304471,0.629586260733802,0.0983606557377056,0.570808948910434,0.417096018735363,24,0.5949043081236,16,0.783524912631691,8,0.136064630007711,2,1,2,1,2,1,2,2,2,2,2,2,1,1,1,2,3,2,3,2,4,2,3,3,3,3,3,3,1,2,2,3
"5caccbc4976d010014b9cd9d",0.340323153022784,0.00411706734319347,-0.272021898454003,-0.840405610080997,0.2519906323185,-0.0491803278688555,-0.105386416861826,-0.536512667660208,0.250342703123844,-0.586096639316869,0.101405152224822,-0.342505854800936,-0.144773765321101,-0.12055035128806,85,-0.203950974036283,45,0.153066388712011,40,-0.558469554768053,19,-0.0688365817584908,26,0.337057659966703,19,-0.788906500001213,21,-0.158085467478527,-1.39076554790036,-0.975803655558254,-1.0175644028103,-0.750819672131147,-1.25023357297515,-0.869372885766328,2,-1.16366296524497,0,-1.26420487773245,2,-0.958183724934471,1.2005865141665,1.32352122592897,2.31264637002342,2.22365339578454,1.27354506118757,2.27704918032787,82,1.59642696645849,49,1.4009637667419,33,1.34942613495407,-0.435575849548271,-0.985097731416556,-0.370413739266199,-0.651639344262295,-0.66701588738933,-0.482903981264637,15,-0.688766245564775,10,-0.460982729130486,5,-0.901428173801088,1,2,1,2,1,2,1,1,1,1,2,2,2,1,1,1,2,3,2,3,2,3,1,2,2,1,4,4,4,1,1,1
"5cadb2c2348e9000185f1c1f",0.178347758692481,0.426056419545439,0.0348688639886156,-0.237701571854452,0.151990632318502,0.350819672131149,0.00572469424928376,-0.172876304023844,0.304308085752962,-0.113593755930704,0.251405152224826,-0.0925058548009375,0.129479226625277,0.0794496487119417,93,0.134415479245865,48,0.379484453307952,45,-0.150834512227953,23,0.491034283210566,25,0.203299648065418,23,-0.254203205555946,22,0.00858735872722888,0.726363089575795,1.78127450786135,0.482435597189695,1.24918032786885,1.22222989264933,0.908404892011449,18,1.2159076359384,6,0.599369861479597,12,1.59418340262023,0.830821810582701,-0.100335102959414,1.47931303669008,-0.526346604215456,0.749966394774999,0.677049180327868,66,0.4746755487022,44,0.896143911553049,22,-0.319413927152108,-0.649012295947638,-0.214986204162597,-0.537080405932865,-0.151639344262295,-0.571183662524453,-0.382903981264636,16,-0.546136184043844,9,-0.668400669424183,7,-0.209766304595221,2,2,1,2,1,2,1,1,1,1,2,2,1,2,2,2,3,3,2,3,2,3,2,2,2,2,3,4,2,4,3,4
"5cb06ef941e2bb000171ea3a",-0.989604992892883,-1.06805898753259,-0.368938922976533,-0.834164368712176,-0.748009367681498,-0.749180327868854,-0.216497527972938,-0.627421758569299,-1.13495254451266,-0.636737204725871,-0.748594847775175,-0.442505854800938,-0.959800746728103,-0.595550351288057,66,-1.00757130058138,28,-1.12996931066499,38,-0.721523571784093,12,-1.04861059545434,16,-1.00052245904614,18,-0.922582323612529,20,-0.324758293684283,-0.594503371463641,-0.478039228022651,-0.517564402810305,-0.350819672131147,-0.580134231617444,-0.424928441321884,6,-0.568770314949129,2,-0.643013297995102,4,-0.44771029942353,1.66867368263186,-0.623746871918042,2.81264637002342,-0.776346604215455,1.46906369097857,1.37704918032787,73,0.965441793970576,52,1.70385567985522,21,-0.471126660070852,-1.38420202016276,-1.3859496804867,-1.03708040593287,-0.901639344262295,-1.46094713903853,-0.982903981264637,10,-1.40191655316943,6,-1.29065449030527,4,-1.24725910840402,1,1,1,1,1,1,1,1,1,1,2,2,1,1,1,1,1,1,2,1,2,1,2,1,1,1,4,4,2,2,2,2
"5cb333cfdf041e0001f1bbaa",0.769333415018467,0.0558036842875545,0.558099241381062,0.387728400100856,0.551990632318499,0.0508196721311489,0.339058027582618,0.281669150521609,0.551977233195225,0.50080208145615,0.301405152224823,0.307494145199065,0.577041261186251,0.304449648711945,102,0.515077739188281,49,0.454957141506599,53,0.501381555836208,20,0.0711311344837735,29,0.738331695670557,28,0.414175912500636,25,0.508605837344497,-0.294627256726416,-0.216264519233131,-0.267564402810304,-0.150819672131147,-0.27183954718431,-0.202706219099662,8,-0.271323989801207,3,-0.332417508126427,5,-0.19247358666806,-1.00626242516444,-1.05456458789949,-2.18735362997658,-0.776346604215455,-1.0410987870953,-1.62295081967213,43,-1.13784211432247,22,-1.32506345127791,21,-0.471126660070852,0.691064088763437,0.277627651432003,0.462919594067135,0.348360655737705,0.592817218504115,0.417096018735363,24,0.5949043081236,15,0.576106972337995,9,0.481895564610644,2,2,2,2,2,2,2,2,2,2,1,1,1,1,1,1,3,3,3,4,3,3,3,3,3,3,1,1,1,2,2,2
"5cb4b4160b74e8001569b374",-1.42228398660268,-0.995257356587187,-0.991598314257769,0.219205330794731,-1.0480093676815,-0.649180327868854,-0.772053083528493,0.190760059612521,-1.35389095651992,-0.500170474660091,-0.848594847775176,-0.242505854800937,-1.05619036386083,-0.545550351288053,68,-0.922979687260847,26,-1.28091468706229,42,-0.395415537752013,13,-0.908642879212076,13,-1.40179649475,27,0.28050008888932,15,-1.15812242471306,0.200034710071229,0.388687576412077,0.482435597189695,0.249180327868852,0.331075751595297,0.352849336455895,13,0.472291823068597,6,0.599369861479597,7,0.317999838842881,-1.33306301258312,0.18449518137675,-2.02068696330991,0.473653395784544,-1.16510016321293,-1.02295081967213,49,-0.717185332663857,23,-1.22409948024014,26,0.287437004522865,-0.137745124060692,-0.610228355360617,-0.0370804059328653,-0.401639344262296,-0.308693773415924,-0.182903981264637,18,-0.260876061001983,12,-0.046146848543094,6,-0.555597239198155,1,1,1,1,1,1,2,1,1,1,1,1,2,2,2,2,1,1,2,1,1,1,3,2,2,2,1,1,3,3,3,3
"5cc19050dfef1a00019523b6",1.01919190440176,2.09823349271639,-0.606430129878074,1.39849382488605,0.751990632318502,1.45081967213115,-0.438719750195159,0.827123695976159,1.59371745806963,0.408527866185869,1.10140515222482,0.25749414519906,1.09241518963901,0.679449648711948,117,1.14951483909231,65,1.66252015268495,52,0.419854547328188,34,2.03067916187547,31,1.00584771947313,34,1.21623085416854,18,-0.658103946095795,2.22742397015323,2.18996926921282,1.7324355971897,1.64918032786885,2.30474945914528,1.68618266978923,25,2.25696977395613,11,2.15234881082297,14,2.10465682813117,0.776482759911355,0.583395425519467,1.31264637002342,1.22365339578454,0.779179208898184,1.27704918032787,72,0.895332330360808,43,0.795179940515278,29,0.742575203279096,2.26757842546202,-1.29532038922428,1.6295862607338,-0.901639344262295,1.1423436166657,0.617096018735363,26,0.880164431165461,22,2.02803255439387,4,-1.24725910840402,2,2,2,2,1,2,2,2,2,1,2,2,2,2,2,2,4,4,3,4,2,4,4,4,4,1,4,4,3,4,4,4
"5ccc0b9078e7d000013b2dcc",-0.365260027729725,-0.891153825611049,-0.814488221682369,-0.646837832624236,-0.248009367681498,-0.649180327868854,-0.549830861306271,-0.445603576751118,-0.614416893239391,-0.784100792377896,-0.448594847775175,-0.492505854800937,-0.714073535393467,-0.470550351288058,71,-0.796092267280042,34,-0.677133181473108,37,-0.803050580292113,13,-0.908642879212076,21,-0.33173239953972,20,-0.655230676389896,17,-0.824776772301552,-1.39076554790036,-1.00393964225627,-1.0175644028103,-0.750819672131147,-1.26304277530363,-0.869372885766328,2,-1.16366296524497,0,-1.26420487773245,2,-0.958183724934471,-0.910643002902696,-1.50726675844665,-1.85402029664325,-1.77634660421546,-1.03449854719444,-1.82295081967213,41,-1.278061041542,24,-1.12313550920237,17,-1.07797759174583,-0.898400514098859,-0.2149862041626,-0.703747072599532,-0.151639344262295,-0.715210469213301,-0.482903981264637,15,-0.688766245564775,8,-0.875818609717879,7,-0.209766304595221,1,1,1,1,1,1,1,1,1,1,1,1,1,1,1,1,2,2,1,2,1,1,2,2,1,2,1,1,1,1,1,1
"5cd063ce657e300016f6c95a",-1.10562864557813,-0.900854463463829,0.334458976879804,-0.926658480781857,-0.748009367681497,-0.549180327868853,0.227946916471506,-0.627421758569302,-1.06060154292109,-0.299334742679566,-0.648594847775177,-0.242505854800935,-0.69400973913187,-0.445550351288054,72,-0.753796460619773,30,-0.979023934267697,42,-0.395415537752013,14,-0.768675162969812,16,-1.00052245904614,18,-0.922582323612529,24,0.341933011138741,-0.129739934460535,0.975521670131813,-0.0175644028103046,0.649180327868852,0.378342608241772,0.352849336455895,13,0.472291823068597,4,-0.0218217182577522,9,0.828473264353822,-1.42566504621003,-0.978773252682505,-1.68735362997658,-1.52634660421546,-1.41339540618927,-1.62295081967213,43,-1.13784211432247,25,-1.0221715381646,18,-0.926264858827082,0.17307330153356,1.11238589693418,0.129586260733801,0.848360655737705,0.565062616605351,0.417096018735363,24,0.5949043081236,13,0.161271091750602,11,1.17355743381651,1,1,1,1,2,1,1,2,2,2,1,1,1,2,2,2,2,1,2,1,3,1,1,3,3,4,1,1,1,3,3,4
"5cd168e9f651de0015a062d2",0.223760526065913,0.0509604258334431,0.983854787480387,0.851442668209692,0.151990632318502,0.0508196721311475,0.672391360915951,0.554396423248883,0.166785678005599,0.985640865692629,0.101405152224825,0.607494145199063,0.56754603981171,0.354449648711946,104,0.599669352508818,45,0.153066388712011,59,0.990543606884328,20,0.0711311344837735,25,0.203299648065418,31,0.815203383334586,28,1.00862431596177,-0.129739934460535,1.49594750738347,-0.0175644028103046,1.24918032786885,0.63751798691337,0.686182669789229,16,0.91846131079048,4,-0.0218217182577522,12,1.59418340262023,-1.33423322680813,-1.59386552559586,-2.02068696330991,-2.27634660421546,-1.4402061072259,-2.12295081967213,38,-1.48838943237131,23,-1.22409948024014,15,-1.38140305758331,0.594101509454447,0.0636440827588094,0.462919594067135,0.0983606557377049,0.472053819731454,0.317096018735363,23,0.452274246602669,15,0.576106972337995,8,0.136064630007711,2,2,2,2,2,2,2,2,2,2,1,1,1,2,2,2,3,3,4,3,4,3,4,3,3,3,1,1,1,3,3,4
"5cd2e5dc3c43570018b98f0a",-1.69255292018128,-0.157375383351805,-1.15705279120231,-1.07781749337957,-1.2480093676815,-0.149180327868854,-0.660941972417382,-0.718330849478388,-1.16863315190935,-1.22994524704437,-0.698594847775176,-0.692505854800938,-1.31539566818806,-0.695550351288058,62,-1.17675452722246,29,-1.05449662246634,33,-1.12915861432419,18,-0.208804298000755,11,-1.66931251855257,17,-1.05625814722385,16,-0.991449598507308,0.5016349197103,0.58725562014132,0.232435597189695,0.249180327868853,0.509052217940788,0.241738225344782,12,0.323568660494636,5,0.288774071610923,7,0.317999838842881,-0.12685834746395,-1.04648945852852,-0.187353629976582,-1.52634660421546,-0.220386992453074,-0.72295081967213,52,-0.506856941834553,34,-0.113495798824661,18,-0.926264858827082,-0.671594401649893,-1.20355848269982,-0.537080405932866,-0.651639344262295,-0.863039191981575,-0.582903981264637,14,-0.831396307085705,9,-0.668400669424183,5,-0.901428173801088,1,1,1,1,1,2,1,1,1,1,1,1,1,2,2,2,1,1,1,1,1,3,1,1,2,1,2,2,1,3,3,3
"5cd30b2041a6b8001874c41f",-1.1630564709632,-1.17439478680861,-1.06768451581684,-0.782662955327426,-0.848009367681499,-0.749180327868851,-0.660941972417382,-0.536512667660209,-1.26782693223596,-1.03510816607907,-0.798594847775176,-0.592505854800936,-1.2258991981773,-0.695550351288054,62,-1.17675452722246,27,-1.20544199886364,35,-0.966104597308153,12,-1.04861059545434,15,-1.13428047094743,19,-0.788906500001213,16,-0.991449598507308,-1.39076554790036,-1.66747442073302,-1.0175644028103,-1.15081967213115,-1.55549291358239,-1.09159510798855,0,-1.46110929039289,0,-1.26420487773245,0,-1.46865715044541,-0.359173821528862,-1.16604120217987,-0.0206869633099126,-1.52634660421546,-0.444015475181264,-0.622950819672131,53,-0.436747478224785,35,-0.0125318277868897,18,-0.926264858827082,-1.3312524490141,1.67600624425951,-1.03708040593287,0.598360655737705,-0.466167440071423,-0.382903981264638,16,-0.546136184043844,6,-1.29065449030527,10,0.827726499213578,1,1,1,1,1,1,1,1,1,2,1,1,1,1,1,1,1,1,1,1,1,1,2,2,1,4,2,2,1,1,1,1
"5cd7e678df739100011b1839",0.520120038504831,0.969006130136134,0.644479591677511,0.384394667265833,0.3519906323185,0.650819672131149,0.339058027582618,0.28166915052161,0.755209473909646,0.551775156691783,0.501405152224823,0.307494145199061,0.705488128761764,0.404449648711944,106,0.684260965829355,53,0.756847894301188,53,0.501381555836208,26,0.910937431937359,27,0.470815671867988,28,0.414175912500636,25,0.508605837344497,0.966398356713407,0.594190311805561,0.732435597189696,0.449180327868852,0.835485647132551,0.575071558678116,15,0.769738148216519,7,0.909965651348272,8,0.573236551598352,0.159469694645713,-0.0972112540559441,0.145979703356753,0.473653395784544,0.133925777606434,0.277049180327869,62,0.194237694263128,36,0.0884321432508812,26,0.287437004522865,0.34106049388116,0.0636440827588034,0.296252927400469,0.0983606557377049,0.269230705261786,0.217096018735363,22,0.309644185081739,14,0.368689032044298,8,0.136064630007711,2,2,2,2,2,2,2,2,2,1,2,2,1,2,2,2,3,4,3,3,3,4,3,3,3,2,3,3,2,4,4,3
"5cdeaeb3557fbd00018a2c59",-0.82039171750403,-0.607111016228119,0.768599162539112,1.62200424522205,-0.548009367681496,-0.449180327868855,0.56128024980484,1.00894187779434,-0.806260307486253,1.26177965929681,-0.498594847775175,0.807494145199064,0.113785447588796,0.154449648711941,96,0.26130289922667,33,-0.752605869671756,63,1.31665164091641,15,-0.628707446727548,18,-0.733006435243573,36,1.48358250139117,27,0.841951489756009,0.470012295013914,0.591839315150981,0.482435597189696,0.449180327868852,0.581517993778121,0.463960447567006,14,0.621014985642558,6,0.599369861479597,8,0.573236551598352,-0.0656520422256975,0.512677326410938,-0.0206869633099138,0.723653395784543,0.00499113239301234,0.277049180327869,62,0.194237694263128,35,-0.0125318277868897,27,0.439149737441609,0.861577539363727,0.190342927517605,0.629586260733803,-0.151639344262295,0.653423507235268,0.317096018735363,23,0.452274246602669,16,0.783524912631691,7,-0.209766304595221,2,1,2,1,2,1,2,2,2,2,1,1,2,2,2,2,3,2,4,1,3,2,4,3,4,3,2,2,3,3,3,3
"5ce2c3569ab6de0016fac0f3",-0.0715036602591287,-1.37670390382988,-0.0250408268570945,0.0221647407025565,-0.0480093676814995,-0.949180327868854,0.00572469424928472,0.00894187779433605,-0.615002095037023,0.00528648355181984,-0.498594847775174,0.00749414519906253,-0.341320764922885,-0.245550351288057,80,-0.415430007337625,33,-0.752605869671756,47,0.0122195047880873,10,-1.32854602793887,23,-0.0642163757371506,25,0.0131484416666867,22,0.00858735872722888,-1.39076554790036,-1.40334871528892,-1.0175644028103,-0.950819672131147,-1.43051447615966,-0.980483996877439,1,-1.31238612781893,0,-1.26420487773245,1,-1.21342043768994,-1.04927473407562,-1.55583081228821,-1.18735362997658,-2.77634660421546,-1.17196491034973,-1.82295081967213,41,-1.278061041542,28,-0.719279625051286,13,-1.6848285234208,-0.435575849548281,0.190342927517611,-0.370413739266199,-0.151639344262295,-0.303692636435756,-0.282903981264637,17,-0.403506122522914,10,-0.460982729130486,7,-0.209766304595221,1,1,1,1,1,1,2,1,1,2,1,1,1,1,1,1,2,2,2,2,2,1,3,2,2,3,1,1,1,1,1,1
"5ce6c8f448eadf00197c3748",0.59102828014911,2.11774015213385,0.888176281942867,2.1368805287996,0.451990632318501,1.45081967213115,0.56128024980484,1.3725782414307,1.29436875280111,1.61910925576839,0.951405152224824,1.00749414519906,1.50425294479803,0.979449648711944,129,1.65706451901553,62,1.43610208808901,67,1.64275967494849,34,2.03067916187547,28,0.604573683769272,40,2.01828579583644,27,0.841951489756009,2.39231129241911,1.08270933824142,1.9824355971897,0.649180327868852,1.89053208152534,1.24173822534478,21,1.66207712366028,12,2.46294460069165,9,0.828473264353822,2.03364667398716,1.89537509308819,3.31264637002342,2.97365339578454,2.09650138225905,3.17704918032787,91,2.2274121389464,55,2.00674759296853,36,1.8045643337103,1.6200089134186,1.51323784600433,0.962919594067135,1.09836065573771,1.72715657219212,1.01709601873536,30,1.45068467724918,18,1.19836079321908,12,1.51938836841944,2,2,2,2,2,2,2,2,2,2,2,2,2,2,2,2,4,4,4,3,4,4,4,4,4,4,4,4,4,4,4,4
"5ce8ef4c29ed0100014be44a",0.390568554241258,0.359605342130732,-0.143645987583595,-0.515246577437167,0.2519906323185,0.250819672131147,-0.105386416861827,-0.354694485842027,0.403728526672797,-0.359771166779375,0.251405152224824,-0.242505854800937,0.0580666744832577,0.00444964871194445,90,0.00752805926505962,48,0.379484453307952,42,-0.395415537752013,22,0.351066566968302,26,0.337057659966703,21,-0.521554852778579,21,-0.158085467478527,-0.594503371463641,-1.23757836434777,-0.517564402810305,-0.950819672131147,-0.933595878508935,-0.758261774655218,3,-1.01493980267101,2,-0.643013297995102,1,-1.21342043768994,0.181131972511186,1.35047891660313,0.479313036690087,1.97365339578454,0.344734046500695,1.07704918032787,70,0.755113403141272,38,0.290360085326423,32,1.19771340203533,0.988894814251013,-0.337207866311332,0.796252927400468,-0.151639344262295,0.602821396439221,0.417096018735363,24,0.5949043081236,17,0.990942852925387,7,-0.209766304595221,2,2,1,2,1,2,1,2,2,1,2,2,2,1,1,1,3,3,2,3,2,3,2,3,4,2,3,3,4,1,2,1
"5ceb9f99b5a9d90019c08b1c",1.43133087135057,-0.00146104887359437,1.30539879644414,0.518697007795757,1.0519906323185,-0.0491803278688542,0.783502472027061,0.28166915052161,0.943455120367432,1.00864732680879,0.501405152224822,0.507494145199064,1.09670236396441,0.504449648711943,110,0.853444192470429,53,0.756847894301188,57,0.827489589868288,19,-0.0688365817584908,34,1.40712175517698,28,0.414175912500636,29,1.17529714216752,0.559751672408065,0.412239868100432,0.732435597189696,0.0491803278688525,0.545506029602302,0.352849336455895,13,0.472291823068597,7,0.909965651348272,6,0.0627631260874107,-0.937296277876322,0.98725545082675,-2.02068696330992,1.47365339578454,-0.727022944361497,-0.62295081967213,53,-0.436747478224785,23,-1.22409948024014,30,0.894287936197839,1.05953746134671,0.743126318750353,0.796252927400469,0.598360655737705,1.05268180853823,0.717096018735363,27,1.02279449268639,17,0.990942852925387,10,0.827726499213578,2,2,2,2,2,2,2,2,2,2,1,1,2,2,2,2,4,4,4,4,4,3,3,4,4,3,2,1,4,3,3,3
"5cebd58ade266200191eaf7d",1.47583645440269,-0.195427163659392,1.73932969336944,1.1690520544038,1.0519906323185,-0.149180327868854,1.00572469424929,0.736214605067065,0.878138231986285,1.56686279067714,0.451405152224824,0.857494145199062,1.29448578303777,0.654449648711945,116,1.10721903243204,52,0.681375206102541,64,1.39817864942443,18,-0.208804298000755,34,1.40712175517698,33,1.08255503055722,31,1.50864279457903,1.83780847802185,1.63670545195398,1.2324355971897,1.04918032786885,1.76789995651796,1.13062711423367,20,1.51335396108632,9,1.53115723108562,11,1.33894668986476,-0.442911626339022,0.0162232481264806,-0.520686963309913,0.223653395784544,-0.368204968011072,-0.222950819672131,57,-0.156309623785712,32,-0.315423740900203,25,0.135724271604122,1.5587086334602,0.646887229615821,1.1295862607338,0.598360655737705,1.35365539511724,0.917096018735363,29,1.30805461572825,19,1.40577873351278,10,0.827726499213578,2,2,2,2,2,2,2,2,2,2,1,1,2,2,2,2,4,4,4,4,4,3,4,4,4,3,2,2,3,4,4,4
"5cebf1ca4a66db00197ba885",-0.485232038668339,0.134874977551625,-0.467901809845605,-0.000631147328612386,-0.348009367681499,0.15081967213115,-0.216497527972938,0.00894187779433638,-0.239735576883565,-0.261202474143837,-0.0985948477751756,-0.0925058548009372,-0.287750104867781,-0.0955503512880551,86,-0.161655167376014,41,-0.148824364082578,45,-0.150834512227953,21,0.211098850726038,20,-0.465490411441004,25,0.0131484416666867,20,-0.324758293684283,-0.594503371463642,1.37493074316446,-0.517564402810305,0.849180327868853,0.250390688261413,0.241738225344784,12,0.323568660494636,2,-0.643013297995102,10,1.08370997710929,1.99470683139175,1.89277324686496,3.14597970335675,2.72365339578454,2.06062077403027,2.97704918032787,89,2.08719321172687,54,1.90578362193076,35,1.65285160079156,-0.242085557434648,1.51323784600431,-0.203747072599531,1.09836065573771,0.432970545842952,0.317096018735363,23,0.452274246602669,11,-0.25356478883679,12,1.51938836841944,1,1,1,1,1,2,2,2,1,2,2,2,2,2,1,2,2,2,2,2,2,3,3,3,2,4,4,4,4,3,2,4
"5cec2831539ced0017fbc5f4",-1.86349714310835,0.0742412694228437,-1.97509273010074,-0.643721687307332,-1.3480093676815,0.0508196721311477,-1.21649752797294,-0.445603576751117,-1.19100895633094,-1.43470823749114,-0.648594847775175,-0.792505854800934,-1.44219985360188,-0.720550351288055,61,-1.21905033388273,30,-0.979023934267697,31,-1.29221263134023,20,0.0711311344837735,10,-1.80307053045385,20,-0.655230676389896,11,-1.82481372953609,-1.22587822563448,-0.68431454708894,-0.767564402810305,-0.350819672131148,-0.982455592523613,-0.536039552432994,5,-0.71749347752309,1,-0.953609087863776,4,-0.44771029942353,-0.0295683833064742,-0.466038459318083,-0.354020296643248,-0.776346604215457,-0.101097790326426,-0.522950819672132,54,-0.366638014615017,33,-0.214459769862432,21,-0.471126660070852,-0.409605754750366,-1.38594968048671,-0.203747072599532,-0.901639344262295,-0.794680338610227,-0.482903981264637,15,-0.688766245564775,11,-0.25356478883679,4,-1.24725910840402,1,1,1,1,1,2,1,1,1,1,1,1,1,1,1,1,1,1,1,1,1,3,2,1,2,1,2,2,2,1,1,2
"5cf9230bff7c7E0001407704",1.49858945591633,1.49253060771053,0.873846066864093,0.254666313328862,1.1519906323185,1.05081967213115,0.45016913869373,0.0998509687034252,1.66677225734548,0.625908308507732,1.10140515222482,0.257494145199065,1.29647210240475,0.679449648711944,117,1.14951483909231,65,1.66252015268495,52,0.419854547328188,30,1.47080829690642,35,1.54087976707826,26,0.146824265278003,26,0.675278663550253,0.470012295013914,-0.429474529963663,0.482435597189696,-0.350819672131148,0.107410140988006,0.0195160031225608,10,0.0261223353467146,6,0.599369861479597,4,-0.44771029942353,-1.92958403934454,0.74566357224471,-2.85402029664325,0.473653395784543,-1.66811197150264,-1.52295081967213,44,-1.0677326507127,18,-1.728919335429,26,0.287437004522865,0.318121086310816,1.73169859728758,0.129586260733802,1.09836065573771,0.833512423497567,0.517096018735363,25,0.73753436964453,13,0.161271091750602,12,1.51938836841944,2,2,2,2,2,2,2,2,2,2,1,1,2,2,2,1,4,4,3,4,4,4,3,4,3,4,1,1,3,3,3,2
"5cf9629a395fa60019ba4d37",-0.485232038668336,-0.831049440849649,-0.910166727219886,-0.300396954929278,-0.348009367681499,-0.549180327868853,-0.660941972417382,-0.263785394932935,-0.668972975600328,-0.670537857872368,-0.448594847775175,-0.442505854800936,-0.717622814497232,-0.445550351288057,72,-0.753796460619773,34,-0.677133181473108,38,-0.721523571784093,14,-0.768675162969812,20,-0.465490411441004,22,-0.387879029167263,16,-0.991449598507308,-0.819231541329136,-1.23757836434777,-0.767564402810305,-0.950819672131147,-1.0820211947861,-0.869372885766329,2,-1.16366296524497,1,-0.953609087863776,1,-1.21342043768994,0.188162480959511,0.946618891295855,0.31264637002342,1.72365339578454,0.288047727136511,0.877049180327869,68,0.614894475921736,37,0.189396114288652,31,1.04600066911658,-0.74336358791496,-0.0281178237656583,-0.537080405932865,-0.151639344262295,-0.552280239657131,-0.382903981264637,16,-0.546136184043844,9,-0.668400669424183,7,-0.209766304595221,1,1,1,1,1,1,1,1,1,1,2,2,2,1,1,1,2,2,2,2,1,2,2,2,2,2,3,3,4,1,2,1
"5cffb0be99284f00194f19bd",0.238899444005908,1.19637537491922,-0.16466654813978,-0.233173952856624,0.1519906323185,0.750819672131148,-0.105386416861827,-0.263785394932938,0.681127562321012,-0.18235766036344,0.451405152224822,-0.192505854800933,0.277006923915588,0.129449648711946,95,0.219007092566402,52,0.681375206102541,43,-0.313888529243993,27,1.05090514817962,25,0.203299648065418,22,-0.387879029167263,21,-0.158085467478527,1.10138714918475,1.26007608693689,0.732435597189696,0.849180327868852,1.21214135316804,0.797293780900339,17,1.06718447336444,7,0.909965651348272,10,1.08370997710929,0.863792803911531,0.130057797348181,1.14597970335675,0.223653395784544,0.83331360589771,0.777049180327869,67,0.544785012311968,42,0.694215969477507,25,0.135724271604122,0.296270783966865,1.05221636129604,0.129586260733801,0.598360655737705,0.5602989435415,0.317096018735363,23,0.452274246602669,13,0.161271091750602,10,0.827726499213578,2,2,1,2,1,2,1,2,2,2,2,2,2,2,2,2,3,3,2,3,2,4,2,3,3,4,4,4,3,4,4,4
"5d0e52923382180015624e11",1.52545392136803,1.1591940513829,1.17211715481659,0.704416313183445,1.1519906323185,0.85081967213115,0.783502472027061,0.463487332339792,1.55528093358086,1.02906368255332,1.00140515222483,0.607494145199064,1.40140398175205,0.804449648711944,122,1.36099387239365,63,1.51157477628766,59,0.990543606884328,28,1.19087286442189,35,1.54087976707826,30,0.681527559723269,29,1.17529714216752,2.22742397015323,1.78127450786135,1.7324355971897,1.24918032786885,2.10193571840978,1.463960447567,23,1.95952344880821,11,2.15234881082297,12,1.59418340262023,1.41153872937047,-0.856219615768641,2.14597970335675,-1.02634660421546,1.15082511812697,0.877049180327867,68,0.614894475921736,48,1.29999979570413,20,-0.622839392989595,1.24789020786594,0.677346985240082,0.962919594067135,0.348360655737706,1.08574276517695,0.717096018735363,27,1.02279449268639,18,1.19836079321908,9,0.481895564610644,2,2,2,2,2,2,2,2,2,2,2,2,1,2,2,2,4,4,4,4,4,4,3,4,4,3,4,4,1,4,4,4
"5d11095c9286a8001a6bf0b4",-1.86349714310835,-1.37670390382988,-2.16644974117578,-1.24884439094195,-1.3480093676815,-0.949180327868854,-1.43871975019516,-0.718330849478393,-1.80578134184331,-1.87617311559976,-1.14859484777518,-1.04250585480094,-1.96296528275005,-1.09555035128806,46,-1.85348743378675,20,-1.73375081625417,26,-1.69984767388033,10,-1.32854602793887,10,-1.80307053045385,17,-1.05625814722385,9,-2.1581593819476,-1.39076554790036,-1.66747442073302,-1.0175644028103,-1.15081967213115,-1.55549291358239,-1.09159510798855,0,-1.46110929039289,0,-1.26420487773245,0,-1.46865715044541,-2.28283866712967,-1.17360282956767,-3.35402029664325,-1.27634660421546,-2.23477851267609,-2.52295081967213,34,-1.76882728681038,15,-2.03181124854231,19,-0.774552125908339,-1.55584200993243,-2.25230029687519,-1.20374707259953,-1.40163934426229,-1.91283094548489,-1.28290398126464,7,-1.82980673773222,5,-1.49807243059897,2,-1.93892097760989,1,1,1,1,1,1,1,1,1,1,1,1,1,1,1,1,1,1,1,1,1,1,1,1,1,1,1,1,1,1,1,1
"5d12020e90265e00199ba8a9",1.76261649351665,1.42116172714449,0.294009130659599,1.90675887334011,1.2519906323185,0.950819672131148,0.116835805360395,1.28166915052161,1.73781598456499,1.166500365681,1.10140515222483,0.75749414519906,1.56900930852059,0.929449648711939,127,1.57247290569499,65,1.66252015268495,62,1.23512463240839,29,1.33084058066415,36,1.67463777897955,39,1.88460997222512,23,0.175260184932985,1.04154630158514,0.88645200394768,0.732435597189696,0.649180327868852,1.01249644914111,0.686182669789227,16,0.91846131079048,7,0.909965651348272,9,0.828473264353822,-1.39982631924093,-1.30384004951028,-2.35402029664325,-2.02634660421546,-1.46182019243454,-2.22295081967213,37,-1.55849889598107,21,-1.42602742231568,16,-1.22969032466457,0.600055887496103,1.51323784600431,0.462919594067136,1.09836065573771,0.963088696963788,0.717096018735363,27,1.02279449268639,15,0.576106972337995,12,1.51938836841944,2,2,2,2,2,2,2,2,2,2,1,1,1,2,2,2,4,4,4,4,3,4,4,4,3,4,1,1,1,4,4,4
"5d1626efdb7eb7001af1a833",-0.864073537339245,-1.27554934531924,-1.21344754946413,-1.76893238475684,-0.648009367681499,-0.849180327868853,-0.772053083528494,-1.17287630402385,-1.12355010771952,-1.59574228470343,-0.748594847775175,-0.992505854800936,-1.39149568992796,-0.870550351288057,55,-1.47282517384434,28,-1.12996931066499,27,-1.61832066537231,11,-1.1885783116966,17,-0.866764447144858,12,-1.72463726528043,15,-1.15812242471306,-1.39076554790036,-1.00393964225627,-1.0175644028103,-0.750819672131147,-1.26304277530363,-0.869372885766328,2,-1.16366296524497,0,-1.26420487773245,2,-0.958183724934471,0.0666551734601595,-1.18988354464762,-0.354020296643248,-1.52634660421546,-0.114464918976712,-0.822950819672132,51,-0.576966405444321,33,-0.214459769862432,18,-0.926264858827082,-1.41304821062875,-2.55691315681079,-1.03708040593287,-1.6516393442623,-1.91534258398878,-1.28290398126464,7,-1.82980673773222,6,-1.29065449030527,1,-2.28475191221282,1,1,1,1,1,1,1,1,1,1,1,1,1,1,1,1,1,1,1,1,1,1,1,1,1,1,2,2,1,1,1,1
"5d1a69d8f97a18001977e0d7",-1.71941738563299,-1.37670390382988,-1.77201331371058,-1.81201024622358,-1.2480093676815,-0.949180327868854,-1.10538641686183,-1.17287630402385,-1.72115226116436,-1.94378942445205,-1.09859484777518,-1.14250585480094,-1.92947563975053,-1.12055035128806,45,-1.89578324044702,21,-1.65827812805552,24,-1.86290169089637,10,-1.32854602793887,11,-1.66931251855257,12,-1.72463726528043,12,-1.65814090333033,-1.39076554790036,-1.4056997119435,-1.0175644028103,-0.950819672131147,-1.43484670768376,-0.980483996877439,1,-1.31238612781893,0,-1.26420487773245,1,-1.21342043768994,1.2315180212914,-0.243851144719477,1.97931303669009,-1.02634660421546,1.08745516830954,0.777049180327868,67,0.544785012311968,47,1.19903582466636,20,-0.622839392989595,-2.45567583579517,-1.6645799674081,-1.8704137392662,-1.15163934426229,-2.34845363951437,-1.58290398126464,4,-2.25769692229501,1,-2.32774419177375,3,-1.59309004300695,1,1,1,1,1,1,1,1,1,1,2,2,1,1,1,1,1,1,1,1,1,1,1,1,1,1,4,4,2,1,1,1
"5d1b5bb2e24a990001f3247d",0.784460500679379,0.057712091220717,-1.50243589267031,-0.447794796606283,0.551990632318501,0.0508196721311474,-0.883164194639605,-0.354694485842026,0.50693753881012,-1.06397247490338,0.301405152224825,-0.592505854800936,-0.179370130449618,-0.145550351288056,84,-0.246246780696551,49,0.454957141506599,35,-0.966104597308153,20,0.0711311344837735,29,0.738331695670557,21,-0.521554852778579,14,-1.32479525091882,-1.39076554790036,-1.66747442073302,-1.0175644028103,-1.15081967213115,-1.55549291358239,-1.09159510798855,0,-1.46110929039289,0,-1.26420487773245,0,-1.46865715044541,-2.09966080799207,0.0655788953495288,-2.68735362997658,0.473653395784543,-1.90800404910713,-1.42295081967213,45,-0.997623187102929,19,-1.62795536439123,26,0.287437004522865,-1.02159799653217,-1.10731939356529,-0.703747072599532,-0.651639344262296,-1.08533594297931,-0.682903981264637,13,-0.974026368606636,8,-0.875818609717879,5,-0.901428173801088,1,2,1,2,1,2,1,1,1,1,1,1,2,1,1,1,2,3,1,4,1,3,2,1,1,1,1,1,3,1,1,1
"5d1cd0923cad420019d6bfca",-1.01083337583586,-0.495855083535911,0.0094061722705557,1.47655322667392,-0.748009367681498,-0.349180327868854,0.00572469424928552,1.00894187779434,-0.905805796373252,0.790449986366436,-0.548594847775177,0.557494145199062,-0.20325193148561,0.0044496487119448,90,0.00752805926505962,32,-0.828078557870403,58,0.909016598376308,16,-0.488739730485283,16,-1.00052245904614,36,1.48358250139117,22,0.00858735872722888,0.170136180276689,0.24411852050471,0.232435597189696,0.0491803278688526,0.225338642213275,0.130627114233672,11,0.174845497920675,5,0.288774071610923,6,0.0627631260874107,0.0951554720261648,0.53703317086187,0.479313036690085,0.223653395784543,0.159146975334947,0.377049180327869,63,0.264347157872896,38,0.290360085326423,25,0.135724271604122,1.41253430951357,0.651364412225885,1.1295862607338,0.348360655737705,1.22390763202491,0.817096018735363,28,1.16542455420732,19,1.40577873351278,9,0.481895564610644,1,1,2,1,1,1,2,2,2,2,2,2,2,2,2,2,2,1,4,1,2,2,4,4,4,3,3,3,3,3,3,3
"5d1de33ace941000197fdc93",-0.127057220236902,1.04071532327831,0.00305038158007342,0.317158339450578,-0.048009367681498,0.750819672131148,-0.105386416861827,0.19076005961252,0.397110055943275,0.125412866993668,0.351405152224822,0.0574941451990626,0.251682899310963,0.204449648711942,98,0.345894512547207,50,0.530429829705247,48,0.0937465132961074,27,1.05090514817962,23,-0.0642163757371506,27,0.28050008888932,21,-0.158085467478527,1.13128567897929,1.00053407650245,0.982435597189696,0.849180327868852,1.14174229864583,0.90840489201145,18,1.2159076359384,8,1.22056144121695,10,1.08370997710929,1.81632073475513,2.46750705164575,2.81264637002342,3.47365339578454,1.98378835897311,3.07704918032787,90,2.15730267533663,52,1.70385567985522,38,2.10798979954779,0.628902077962096,0.0636440827588054,0.462919594067136,0.0983606557377049,0.481368221209475,0.317096018735363,23,0.452274246602669,15,0.576106972337995,8,0.136064630007711,2,2,2,1,1,2,2,2,2,1,2,2,2,2,2,2,3,3,3,2,2,4,3,3,3,2,4,4,4,4,4,4
"5d1e4a3ed4b9d60001ec8f1c",-0.198451999554383,-0.618565659159668,-0.632429365848392,-0.935338804329601,-0.148009367681499,-0.449180327868855,-0.43871975019516,-0.53651266766021,-0.403516543756584,-0.841884048578145,-0.298594847775176,-0.492505854800938,-0.617916204010109,-0.39555035128806,74,-0.669204847299236,37,-0.450715116877167,37,-0.803050580292113,15,-0.628707446727548,22,-0.197974387638435,19,-0.788906500001213,18,-0.658103946095795,-1.16603737803486,-1.00393964225627,-0.767564402810305,-0.750819672131147,-1.11461745902647,-0.758261774655216,3,-1.01493980267101,1,-0.953609087863776,2,-0.958183724934471,0.631074428599187,-0.731586135311773,0.812646370023419,-1.02634660421546,0.470089792791759,0.0770491803278682,60,0.0540187670435917,40,0.492288027401965,20,-0.622839392989595,-1.1573959077138,-0.985097731416559,-0.870413739266199,-0.651639344262295,-1.1620402871216,-0.782903981264637,12,-1.11665643012757,7,-1.08323655001158,5,-0.901428173801088,1,1,1,1,1,1,1,1,1,1,2,2,1,1,1,1,2,2,1,2,2,2,1,1,1,1,3,3,2,1,1,1
"5d1e57ed1e5829001bce88eb",1.4409406821487,2.43964154326321,1.59748178338916,2.06268032164688,1.0519906323185,1.65081967213115,1.00572469424928,1.3725782414307,2.02345374375837,1.95978994193836,1.35140515222482,1.20749414519906,2.06646616979662,1.27944964871194,141,2.16461419893875,70,2.03988359367819,71,1.96886770898057,36,2.31061459436,34,1.40712175517698,40,2.01828579583644,31,1.50864279457903,1.59777321088424,2.04540021330545,0.982435597189696,1.44918032786885,1.82371539269424,1.24173822534478,21,1.66207712366028,8,1.22056144121695,13,1.8494201153757,2.06815044543832,1.71918416622432,2.31264637002342,2.72365339578454,2.11654184442021,2.47704918032787,84,1.73664589367802,49,1.4009637667419,35,1.65285160079156,0.863473315834387,1.23460755908292,0.462919594067134,0.848360655737705,1.03892914597533,0.617096018735363,26,0.880164431165461,15,0.576106972337995,11,1.17355743381651,2,2,2,2,2,2,2,2,2,2,2,2,2,2,2,2,4,4,4,4,4,4,4,4,4,4,4,4,4,4,4,4
"5d20d449ebebd10001cb2740",-1.45414523254765,0.325225722401523,-1.39895010548468,2.14593069442122,-1.0480093676815,0.250819672131147,-0.994275305750715,1.3725782414307,-0.80684706674794,0.333128504844102,-0.398594847775178,0.307494145199061,-0.383221954550931,-0.0455503512880556,88,-0.0770635540554774,35,-0.601660493274461,53,0.501381555836208,22,0.351066566968302,13,-1.40179649475,40,2.01828579583644,13,-1.49146807712458,1.22346481602498,1.47093510101284,0.482435597189696,1.04918032786885,1.30363948437588,0.797293780900337,17,1.06718447336444,6,0.599369861479597,11,1.33894668986476,1.97421481802378,2.23151891254946,2.81264637002342,3.22365339578454,2.10085493461469,2.97704918032787,89,2.08719321172687,52,1.70385567985522,37,1.95627706662904,1.14093848715032,0.0636440827588132,0.796252927400468,0.0983606557377049,0.852745767434117,0.517096018735363,25,0.73753436964453,17,0.990942852925387,8,0.136064630007711,1,1,2,1,1,2,2,2,2,2,2,2,2,2,2,2,2,2,3,1,1,3,4,4,4,3,4,4,4,4,4,4
"5d20d61a7afc290015e5a7a5",2.01864584764403,0.364529711952094,1.31939536556993,0.363945402222576,1.4519906323185,0.25081967213115,0.783502472027063,0.190760059612519,1.44355393660494,0.919462595679817,0.851405152224826,0.457494145199063,1.30488607624211,0.654449648711944,116,1.10721903243204,60,1.28515671169172,56,0.745962581360268,22,0.351066566968302,38,1.94215380278212,27,0.28050008888932,29,1.17529714216752,-0.294627256726417,-0.478039228022652,-0.267564402810304,-0.350819672131147,-0.392485753082934,-0.313817330210773,7,-0.420047152375168,3,-0.332417508126427,4,-0.44771029942353,1.22096994735497,1.18456491829419,1.97931303669009,0.973653395784544,1.28897116710929,1.57704918032787,75,1.10566072119011,47,1.19903582466636,28,0.590862470360352,1.26336673228235,1.73169859728757,0.962919594067136,1.09836065573771,1.52479594484155,1.01709601873536,30,1.45068467724918,18,1.19836079321908,12,1.51938836841944,2,2,2,2,2,2,2,2,2,2,2,2,2,1,1,1,4,4,4,4,4,3,3,4,4,4,4,4,4,2,2,2
"5d24d22ea64fd20019383201",-1.59944537469438,-1.16161642925736,-0.766659731773284,-0.750242247374567,-1.1480093676815,-0.749180327868852,-0.43871975019516,-0.536512667660209,-1.54583859184631,-0.794868948495807,-0.948594847775175,-0.492505854800937,-1.26769651791377,-0.720550351288056,61,-1.21905033388273,24,-1.43186006345958,37,-0.803050580292113,12,-1.04861059545434,12,-1.53555450665128,19,-0.788906500001213,18,-0.658103946095795,-0.594503371463641,-0.21626451923313,-0.517564402810305,-0.150819672131147,-0.45948802571882,-0.313817330210773,7,-0.420047152375168,2,-0.643013297995102,5,-0.19247358666806,0.815422577370524,-0.0158161793532079,1.47931303669009,0.473653395784543,0.739158243464924,1.07704918032787,70,0.755113403141272,44,0.896143911553049,26,0.287437004522865,-0.76260260291723,-0.802706533629689,-0.537080405932865,-0.401639344262295,-0.802121975133084,-0.482903981264637,15,-0.688766245564775,9,-0.668400669424183,6,-0.555597239198155,1,1,1,1,1,1,1,1,1,1,2,2,2,1,1,1,1,1,1,1,1,1,2,1,2,2,3,4,3,2,2,2
"5d2b45b9f7ef930001c5fa2d",0.891812681100322,1.17101943121299,0.602833087551311,-0.0946799812576742,0.651990632318501,0.750819672131146,0.339058027582618,-0.0819672131147538,1.0745789698242,0.325391955226884,0.701405152224824,0.107494145199063,0.790644152476228,0.404449648711941,106,0.684260965829355,57,1.05873864709578,49,0.175273521804127,27,1.05090514817962,30,0.872089707571841,24,-0.12052738194463,25,0.508605837344497,0.966398356713406,1.16865542409818,0.732435597189696,0.849180327868852,1.09793408515394,0.797293780900338,17,1.06718447336444,7,0.909965651348272,10,1.08370997710929,0.910172727653353,1.60470565868143,1.81264637002342,1.47365339578454,1.07306856716642,1.67704918032787,76,1.17577018479988,46,1.09807185362859,30,0.894287936197839,0.785065543315363,0.0636440827588052,0.629586260733802,0.0983606557377049,0.57744283482111,0.417096018735363,24,0.5949043081236,16,0.783524912631691,8,0.136064630007711,2,2,2,2,2,2,1,2,2,1,2,2,2,2,2,2,4,4,3,4,3,4,2,3,3,2,4,4,4,4,4,4
"5d34ab54c374970001e8b76b",-0.781707717149048,-0.955803201587398,-0.00565340227209257,-1.1164598156425,-0.548009367681498,-0.649180327868853,0.00572469424928445,-0.627421758569303,-0.937350622455855,-0.561011235826182,-0.598594847775175,-0.342505854800939,-0.768895430144163,-0.470550351288056,71,-0.796092267280042,31,-0.90355124606905,40,-0.558469554768053,13,-0.908642879212076,18,-0.733006435243573,18,-0.922582323612529,22,0.00858735872722888,-0.369775201598146,-1.40334871528892,-0.267564402810305,-0.950819672131147,-0.844805259517662,-0.647150663544107,4,-0.866216640097051,3,-0.332417508126427,1,-1.21342043768994,-1.69967053997215,-0.639905631357047,-2.35402029664325,-0.526346604215455,-1.61628378049009,-1.62295081967213,43,-1.13784211432247,21,-1.42602742231568,22,-0.319413927152108,-0.555780078696993,-0.615838153232756,-0.203747072599531,-0.401639344262295,-0.598663605745276,-0.282903981264637,17,-0.403506122522914,11,-0.25356478883679,6,-0.555597239198155,1,1,1,1,1,1,1,1,1,1,1,1,1,1,1,1,2,1,2,1,2,1,1,2,2,2,1,1,2,2,2,1
"5d3522b6eac3d50017df02cb",1.3245505829106,1.11838536130929,1.27408164967159,1.20228870847881,0.9519906323185,0.750819672131148,0.783502472027063,0.736214605067065,1.32774631212885,1.3556248149791,0.851405152224824,0.757494145199062,1.43014827370151,0.804449648711944,122,1.36099387239365,60,1.28515671169172,62,1.23512463240839,27,1.05090514817962,33,1.27336374327569,33,1.08255503055722,29,1.17529714216752,0.966398356713406,1.6640688549792,0.732435597189696,1.24918032786885,1.32641729462271,1.01951600312256,19,1.36463079851236,7,0.909965651348272,12,1.59418340262023,-0.777417382105658,-0.669465168254451,-1.18735362997658,-0.526346604215456,-0.784793606040674,-0.922950819672131,50,-0.647075869054089,28,-0.719279625051286,22,-0.319413927152108,1.22907059274956,1.14845545043056,0.962919594067135,0.598360655737705,1.21773100297439,0.817096018735363,28,1.16542455420732,18,1.19836079321908,10,0.827726499213578,2,2,2,2,2,2,2,2,2,2,1,1,1,2,2,2,4,4,4,4,4,4,4,4,4,4,1,2,2,4,4,4
"5d35d5dc529c1800196c0198",-1.86349714310835,-0.910278875815608,-1.6893887682261,-0.925042218267715,-1.3480093676815,-0.649180327868853,-0.994275305750716,-0.627421758569298,-1.60074418435989,-1.42754473291644,-0.998594847775176,-0.792505854800936,-1.63740862395144,-0.895550351288055,54,-1.51512098050461,23,-1.50733275165823,31,-1.29221263134023,13,-0.908642879212076,10,-1.80307053045385,18,-0.922582323612529,13,-1.49146807712458,-1.09088943316313,-0.478039228022653,-0.767564402810304,-0.350819672131147,-0.829769653447773,-0.536039552432994,5,-0.71749347752309,1,-0.953609087863776,4,-0.44771029942353,0.304473075787683,-0.206086022113083,0.479313036690086,-0.0263466042154556,0.268576935801623,0.277049180327868,62,0.194237694263128,38,0.290360085326423,24,-0.0159884613146216,-0.743363587914955,-1.3859496804867,-0.537080405932865,-0.901639344262295,-1.01221725128724,-0.682903981264637,13,-0.974026368606636,9,-0.668400669424183,4,-1.24725910840402,1,1,1,1,1,1,1,1,1,1,2,2,1,1,1,1,1,1,1,1,1,1,1,1,2,1,3,3,2,2,1,2
"5d36e5a972282e0019605fa0",-1.73796568755471,-0.696894273780945,-1.80275789244982,-1.46854945016391,-1.2480093676815,-0.449180327868854,-1.21649752797294,-0.900149031296574,-1.4256694129776,-1.76127331242113,-0.848594847775174,-1.04250585480094,-1.72342469637841,-0.945550351288057,52,-1.59971259382514,26,-1.28091468706229,26,-1.69984767388033,15,-0.628707446727548,11,-1.66931251855257,15,-1.32360979444648,11,-1.82481372953609,-1.39076554790036,-1.28926664273415,-1.0175644028103,-0.750819672131147,-1.36982060669947,-0.869372885766328,2,-1.16366296524497,0,-1.26420487773245,2,-0.958183724934471,0.487349942406704,1.00353616590671,1.14597970335675,1.72365339578454,0.57428606432409,1.37704918032787,73,0.965441793970576,42,0.694215969477507,31,1.04600066911658,-2.06683690904025,-0.651907706729125,-1.53708040593287,-0.151639344262295,-1.59742327339602,-0.982903981264637,10,-1.40191655316943,3,-1.91290831118636,7,-0.209766304595221,1,1,1,1,1,1,1,1,1,1,2,2,2,1,1,1,1,1,1,1,1,2,1,1,1,2,3,3,4,1,1,1
"5d36f9692fd5a4001ae5929f",1.4785662528495,1.26551446339052,0.852908802887052,0.893704340746291,1.0519906323185,0.850819672131151,0.56128024980484,0.554396423248885,1.52757276392853,0.936159346579669,0.951405152224827,0.557494145199062,1.3113426305888,0.754449648711943,120,1.27640225907311,62,1.43610208808901,58,0.909016598376308,28,1.19087286442189,34,1.40712175517698,31,0.815203383334586,27,0.841951489756009,-0.294627256726418,-0.27943089707433,-0.267564402810304,-0.350819672131147,-0.31137739042036,-0.313817330210773,7,-0.420047152375168,3,-0.332417508126427,4,-0.44771029942353,0.366035072382664,0.482717742474257,-0.187353629976581,0.473653395784543,0.375746665524114,0.0770491803278685,60,0.0540187670435917,34,-0.113495798824661,26,0.287437004522865,1.52236212589729,1.33084664821744,1.1295862607338,0.848360655737705,1.56081340199231,1.01709601873536,30,1.45068467724918,19,1.40577873351278,11,1.17355743381651,2,2,2,2,2,2,2,2,2,2,2,2,2,1,1,1,4,4,4,4,4,4,4,4,4,4,3,3,3,2,2,2
"5d372b99821bda0018a8a3e8",1.38591810397714,0.348392027502258,1.26075995788837,1.72169639061273,1.0519906323185,0.250819672131148,0.894613583138173,1.00894187779434,1.08069292509913,1.60957382468116,0.651405152224823,0.957494145199062,1.42620407830723,0.804449648711943,122,1.36099387239365,56,0.98326595889713,66,1.56123266644047,22,0.351066566968302,34,1.40712175517698,36,1.48358250139117,30,1.34196996837328,-0.219479311854688,1.08960374268658,-0.267564402810304,0.849180327868852,0.370484497657439,0.352849336455895,13,0.472291823068597,3,-0.332417508126427,10,1.08370997710929,1.4802397643208,-0.347000217649908,1.97931303669009,-0.276346604215456,1.30780322251823,1.07704918032787,70,0.755113403141272,47,1.19903582466636,23,-0.167701194233365,0.917870201212396,0.83375561001277,0.629586260733801,0.598360655737705,0.954050158238527,0.617096018735363,26,0.880164431165461,16,0.783524912631691,10,0.827726499213578,2,2,2,2,2,2,2,2,2,2,2,2,1,2,2,2,4,4,4,4,4,3,4,4,4,4,4,4,2,3,3,4
"5d384c97285d1400199a2886",-0.107048260547033,-0.533456646044693,-0.222242553812861,-0.905731338430453,-0.0480093676814996,-0.349180327868852,-0.216497527972938,-0.53651266766021,-0.248847133664639,-0.606227368155677,-0.198594847775177,-0.392505854800939,-0.400138177270047,-0.295550351288057,78,-0.500021620658162,39,-0.299769740479872,39,-0.639996563276073,16,-0.488739730485283,23,-0.0642163757371506,19,-0.788906500001213,20,-0.324758293684283,-0.594503371463641,-1.00393964225627,-0.517564402810305,-0.750819672131147,-0.825758874938794,-0.647150663544107,4,-0.866216640097051,2,-0.643013297995102,2,-0.958183724934471,-1.23449215482587,1.81137817216222,-1.85402029664325,2.72365339578454,-0.881889219606019,-0.0229508196721314,59,-0.0160906965661763,24,-1.12313550920237,35,1.65285160079156,-0.0537328109154083,-0.214986204162602,-0.0370804059328649,-0.151639344262295,-0.108565045239687,-0.082903981264637,19,-0.118245999481053,12,-0.046146848543094,7,-0.209766304595221,1,1,1,1,1,1,1,1,1,1,1,1,2,1,1,1,2,2,2,2,2,2,1,2,2,2,1,1,4,2,2,1
"5d3869444a0f0500198dc192",-0.171751169305759,-0.328808991292551,-0.355524195440406,-1.15514734186847,-0.148009367681498,-0.249180327868852,-0.216497527972938,-0.80923994038748,-0.261840294581019,-0.817888126713288,-0.198594847775174,-0.542505854800936,-0.535515250442571,-0.370550351288056,75,-0.626909040638968,39,-0.299769740479872,36,-0.884577588800133,17,-0.348772014243019,22,-0.197974387638435,16,-1.18993397083516,20,-0.324758293684283,-1.39076554790036,-1.66747442073302,-1.0175644028103,-1.15081967213115,-1.55549291358239,-1.09159510798855,0,-1.46110929039289,0,-1.26420487773245,0,-1.46865715044541,0.759508337167726,-0.992052074499948,1.14597970335675,-1.27634660421546,0.562169656815348,0.177049180327868,61,0.12412823065336,42,0.694215969477507,19,-0.774552125908339,-0.341574394996339,-0.802706533629688,-0.203747072599532,-0.401639344262295,-0.502364186664162,-0.282903981264637,17,-0.403506122522914,11,-0.25356478883679,6,-0.555597239198155,1,1,1,1,1,1,1,1,1,1,2,2,1,1,1,1,2,2,1,2,2,2,1,2,2,2,3,3,1,1,1,1
"5d3873197860c8001a106e02",0.600723919515863,0.543262169439545,0.685096865552706,0.532987552340652,0.451990632318501,0.350819672131147,0.450169138693729,0.372578241430702,0.639314457372882,0.669820092614914,0.401405152224824,0.407494145199061,0.70496725269796,0.404449648711942,106,0.684260965829355,51,0.605902517903894,55,0.664435572852248,23,0.491034283210566,28,0.604573683769272,29,0.547851736111953,26,0.675278663550253,-0.519355426591912,-0.284132890383487,-0.517564402810304,-0.350819672131147,-0.468467169745724,-0.424928441321885,6,-0.568770314949129,2,-0.643013297995102,4,-0.44771029942353,0.3324004975017,0.567114710439506,0.812646370023421,0.973653395784543,0.374058074566734,0.877049180327869,68,0.614894475921736,40,0.492288027401965,28,0.590862470360352,0.897886612983676,0.0636440827587985,0.796252927400469,0.0983606557377049,0.663738613287712,0.517096018735363,25,0.73753436964453,17,0.990942852925387,8,0.136064630007711,2,2,2,2,2,2,2,2,2,1,2,2,2,1,1,1,3,3,3,3,3,3,3,3,4,2,3,3,3,2,2,2
"5d3b65136a4c6d0001cdd8ba",-0.0733728729643989,-1.04613691542217,0.0384128682503768,-0.808109380353975,-0.0480093676814983,-0.749180327868854,0.00572469424928446,-0.445603576751121,-0.527185953331224,-0.419452335542581,-0.398594847775175,-0.242505854800935,-0.469246323268783,-0.320550351288056,77,-0.542317427318431,35,-0.601660493274461,42,-0.395415537752013,12,-1.04861059545434,23,-0.0642163757371506,20,-0.655230676389896,22,0.00858735872722888,-0.294627256726416,-0.975803655558253,-0.267564402810304,-0.750819672131147,-0.6253011940758,-0.536039552432996,5,-0.71749347752309,3,-0.332417508126427,2,-0.958183724934471,-0.53210464952109,1.33680004774641,-0.68735362997658,1.97365339578454,-0.299587546377137,0.377049180327869,63,0.264347157872896,31,-0.416387711937974,32,1.19771340203533,-0.297166651024973,0.0636440827588009,-0.203747072599531,0.0983606557377049,-0.172369335453736,-0.082903981264637,19,-0.118245999481053,11,-0.25356478883679,8,0.136064630007711,1,1,1,1,2,1,1,1,1,1,1,1,2,1,1,1,2,2,2,2,3,1,2,2,2,2,2,2,4,2,2,1
"5d3f5b4e738a5b001795f529",0.898592510386702,1.09373196648147,0.463252926807049,0.250240106395146,0.6519906323185,0.750819672131151,0.227946916471507,0.190760059612518,1.07025138204935,0.368344849683538,0.701405152224822,0.207494145199063,0.785013212680198,0.454449648711945,108,0.768852579149892,57,1.05873864709578,51,0.338327538820168,27,1.05090514817962,30,0.872089707571841,27,0.28050008888932,24,0.341933011138741,0.229977027876302,-0.0762791583354282,0.232435597189696,-0.150819672131147,0.115391974108867,0.019516003122561,10,0.0261223353467146,5,0.288774071610923,5,-0.19247358666806,0.32684342067342,-0.295286635485533,0.645979703356755,-0.776346604215458,0.262834527098333,0.0770491803278688,60,0.0540187670435917,39,0.391324056364194,21,-0.471126660070852,0.794672718779081,0.0636440827588045,0.629586260733801,0.0983606557377049,0.601970459887235,0.417096018735363,24,0.5949043081236,16,0.783524912631691,8,0.136064630007711,2,2,2,2,2,2,2,2,2,1,2,2,1,2,2,2,4,4,3,4,3,4,3,3,4,2,3,3,2,3,3,3
"5d40a12f4994c40001e4b80c",-1.46176828257205,-0.949664422229502,-0.814894549703871,-0.92664880713421,-1.0480093676815,-0.649180327868854,-0.549830861306272,-0.445603576751121,-1.34091281752842,-0.940637204151007,-0.848594847775175,-0.492505854800936,-1.23011287444747,-0.670550351288055,63,-1.13445872056219,26,-1.28091468706229,37,-0.803050580292113,13,-0.908642879212076,13,-1.40179649475,20,-0.655230676389896,17,-0.824776772301552,-0.594503371463641,-1.16970999319742,-0.517564402810305,-0.750819672131147,-0.885393572224682,-0.647150663544107,4,-0.866216640097051,2,-0.643013297995102,2,-0.958183724934471,-0.82368870053173,0.594072401113677,-1.18735362997658,0.723653395784543,-0.677654097565164,-0.422950819672131,55,-0.296528551005248,28,-0.719279625051286,27,0.439149737441609,-0.701567131285253,-1.20355848269982,-0.537080405932864,-0.651639344262295,-0.888891311102331,-0.582903981264637,14,-0.831396307085705,9,-0.668400669424183,5,-0.901428173801088,1,1,1,1,1,1,1,1,1,1,1,1,2,1,1,1,1,1,1,1,1,1,1,1,2,1,2,1,3,1,2,1
"5d40a7fec857740001c8cbaf",-0.737884361236005,-0.740947003831345,-0.572018339366692,0.110817775064414,-0.548009367681498,-0.449180327868851,-0.327608639084049,0.190760059612517,-0.799465146223504,-0.241218537520914,-0.498594847775175,-0.0425058548009382,-0.578478411848934,-0.270550351288053,79,-0.457725813997894,33,-0.752605869671756,46,-0.0693075037199327,15,-0.628707446727548,18,-0.733006435243573,27,0.28050008888932,19,-0.491431119890039,1.70281968555051,0.422945383882455,1.2324355971897,0.649180327868852,1.18603541158647,0.908404892011448,18,1.2159076359384,9,1.53115723108562,9,0.828473264353822,0.335103565257763,-0.603950761592394,0.145979703356752,-0.526346604215458,0.20521230785942,-0.122950819672132,58,-0.0862001601759444,36,0.0884321432508812,22,-0.319413927152108,-0.00606700533302912,1.05221636129603,-0.0370804059328639,0.598360655737705,0.381965676641492,0.217096018735363,22,0.309644185081739,12,-0.046146848543094,10,0.827726499213578,1,1,1,1,1,1,2,2,1,2,2,2,1,2,2,2,2,2,2,2,2,2,3,3,2,4,3,3,2,4,4,3
"5d41d708128a05000183c461",-1.05501623251948,-1.20519163581663,-1.72049411444843,-1.60253009625675,-0.748009367681499,-0.849180327868853,-1.10538641686183,-0.991058122205665,-1.21170653738639,-1.78501421167952,-0.798594847775174,-1.04250585480094,-1.55491302143623,-0.920550351288058,53,-1.55741678716487,27,-1.20544199886364,26,-1.69984767388033,11,-1.1885783116966,16,-1.00052245904614,14,-1.4572856180578,12,-1.65814090333033,-1.39076554790036,-1.43383569864152,-1.0175644028103,-0.950819672131147,-1.44765591001225,-0.980483996877439,1,-1.31238612781893,0,-1.26420487773245,1,-1.21342043768994,0.581122240531108,-0.720909159717567,0.81264637002342,-1.52634660421546,0.417780841250059,-0.122950819672132,58,-0.0862001601759444,40,0.492288027401965,18,-0.926264858827082,-1.38420202016275,-0.802706533629685,-1.03708040593287,-0.401639344262295,-1.23179640375779,-0.782903981264637,12,-1.11665643012757,6,-1.29065449030527,6,-0.555597239198155,1,1,1,1,1,1,1,1,1,1,2,2,1,1,1,1,1,1,1,1,1,1,1,1,1,2,3,3,2,1,1,1
"5d45dfff082935001aed2fe7",0.611173169257294,0.466236957351168,0.414570720215108,-0.292122117124893,0.451990632318501,0.35081967213115,0.227946916471507,-0.172876304023845,0.630710002415359,0.0855188462071182,0.401405152224824,0.00749414519906216,0.423076156762066,0.204449648711947,98,0.345894512547207,51,0.605902517903894,47,0.0122195047880873,23,0.491034283210566,28,0.604573683769272,23,-0.254203205555946,24,0.341933011138741,2.00269580028773,2.10089960302868,1.4824355971897,1.64918032786885,2.12632244261076,1.57507155867812,24,2.10824661138217,10,1.8417530209543,14,2.10465682813117,-1.02490941359032,-1.75093848057169,-1.52068696330991,-2.27634660421546,-1.19163514166559,-1.82295081967213,41,-1.278061041542,26,-0.921207567126828,15,-1.38140305758331,-0.296015447780771,-0.118747115028066,-0.203747072599532,-0.151639344262295,-0.316713852207891,-0.182903981264636,18,-0.260876061001983,11,-0.25356478883679,7,-0.209766304595221,2,2,2,2,2,2,1,1,1,1,1,1,1,2,2,2,3,3,3,3,3,3,2,2,2,2,1,1,1,4,4,4
"5d4602322f66d0001a1208c7",-1.86349714310836,-0.862167099790122,-1.76789674141552,-1.30776957128218,-1.3480093676815,-0.649180327868853,-1.21649752797294,-0.809239940387483,-1.57421570754979,-1.69053641682264,-0.998594847775174,-0.992505854800937,-1.7641029021855,-0.995550351288057,50,-1.68430420714568,23,-1.50733275165823,27,-1.61832066537231,13,-0.908642879212076,10,-1.80307053045385,16,-1.18993397083516,11,-1.82481372953609,-1.39076554790036,-0.711677950114154,-1.0175644028103,-0.550819672131147,-1.12525513555242,-0.758261774655216,3,-1.01493980267101,0,-1.26420487773245,3,-0.702947012179001,1.33212839038882,1.86829544677307,2.14597970335675,2.72365339578454,1.46594109416193,2.37704918032787,83,1.66653643006826,48,1.29999979570413,35,1.65285160079156,-1.43563031633102,-2.8355434437322,-1.03708040593287,-1.9016393442623,-2.0074907125544,-1.38290398126464,6,-1.97243679925315,6,-1.29065449030527,0,-2.63058284681575,1,1,1,1,1,1,1,1,1,1,2,2,2,1,1,1,1,1,1,1,1,2,1,1,1,1,4,4,4,1,1,2
"5d475030a00a4a001a553960",0.563147730897085,1.11926778513975,0.841969141459377,2.16462255607559,0.451990632318501,0.650819672131149,0.56128024980484,1.3725782414307,0.881497189627657,1.59998110353465,0.551405152224821,1.00749414519906,1.23144148961951,0.779449648711942,121,1.31869806573338,54,0.832320582499835,67,1.64275967494849,26,0.910937431937359,28,0.604573683769272,40,2.01828579583644,27,0.841951489756009,1.61308030815636,0.416783275891017,0.982435597189696,0.249180327868853,1.06425842478811,0.575071558678114,15,0.769738148216519,8,1.22056144121695,7,0.317999838842881,0.0442848285744209,2.46750705164575,-0.520686963309916,3.47365339578454,0.36082408775343,1.07704918032787,70,0.755113403141272,32,-0.315423740900203,38,2.10798979954779,1.23713182915802,1.54930739950069,0.962919594067136,0.848360655737705,1.39172894700807,0.917096018735363,29,1.30805461572825,18,1.19836079321908,11,1.17355743381651,2,2,2,2,2,2,2,2,2,2,2,1,2,2,2,2,4,4,4,3,4,4,4,4,4,4,3,2,4,4,4,3
"5d4855cf4574f300013a7945",0.0881644043564864,-0.848509863718868,0.915587578604773,0.710470343663803,0.0519906323185018,-0.549180327868853,0.561280249804841,0.46348733233979,-0.329726696917727,0.888420349233098,-0.248594847775174,0.507494145199062,0.245454695000958,0.129449648711943,95,0.219007092566402,38,-0.37524242867852,57,0.827489589868288,14,-0.768675162969812,24,0.0695416361641339,30,0.681527559723269,27,0.841951489756009,-0.294627256726417,0.190079245463759,-0.267564402810304,0.249180327868852,-0.0733580379729061,0.0195160031225605,10,0.0261223353467146,3,-0.332417508126427,7,0.317999838842881,0.105594990919328,-0.254928167352962,-0.187353629976581,-0.776346604215456,0.0591750514160421,-0.422950819672131,55,-0.296528551005248,34,-0.113495798824661,21,-0.471126660070852,1.0440609369303,1.42147593947985,0.796252927400468,0.848360655737705,1.20593427820619,0.817096018735363,28,1.16542455420732,17,0.990942852925387,11,1.17355743381651,2,1,2,2,2,1,2,2,2,2,2,2,1,2,1,2,3,2,4,3,4,2,3,4,4,4,3,3,2,3,2,3
"5d48757e638dca0015daa427",0.0530657669105511,0.0915884450376324,0.943969400493514,1.06092281817651,0.0519906323185021,0.15081967213115,0.67239136091595,0.736214605067064,0.112679134653428,1.07040755422282,0.101405152224825,0.707494145199064,0.578048649192745,0.404449648711946,106,0.684260965829355,45,0.153066388712011,61,1.15359762390037,21,0.211098850726038,24,0.0695416361641339,33,1.08255503055722,28,1.00862431596177,0.666522241976182,0.621553714830778,0.482435597189695,0.649180327868852,0.682861569324975,0.575071558678116,15,0.769738148216519,6,0.599369861479597,9,0.828473264353822,-0.547908782630982,0.431404207349156,-0.854020296643247,1.22365339578454,-0.446255799548385,-0.0229508196721314,59,-0.0160906965661763,30,-0.517351682975745,29,0.742575203279096,0.832731348897743,0.929994699147299,0.629586260733803,0.598360655737705,0.935436582098078,0.617096018735363,26,0.880164431165461,16,0.783524912631691,10,0.827726499213578,2,2,2,2,2,2,2,2,2,2,1,1,2,2,2,2,3,3,4,3,4,3,4,4,4,4,2,2,3,3,3,3
"5d49d17b3dad1f0001e2aba1",-0.633039435958303,-0.331757963758056,-0.245959538886328,-0.456769438668686,-0.448009367681499,-0.149180327868851,-0.105386416861827,-0.263785394932936,-0.524492051261938,-0.410619332188518,-0.298594847775175,-0.192505854800937,-0.490107118378271,-0.245550351288056,80,-0.415430007337625,37,-0.450715116877167,43,-0.313888529243993,18,-0.208804298000755,19,-0.599248423342289,22,-0.387879029167263,21,-0.158085467478527,-0.069899086860922,-0.213913522578553,-0.0175644028103044,-0.150819672131147,-0.119081999383048,-0.0915951079885504,9,-0.122600827227246,4,-0.0218217182577522,5,-0.19247358666806,-0.143531677144036,0.30652681561038,-0.354020296643247,0.223653395784543,-0.0841828172492439,-0.122950819672131,58,-0.0862001601759444,33,-0.214459769862432,25,0.135724271604122,-0.406729659082275,-0.214986204162598,-0.370413739266198,-0.151639344262295,-0.345157417043291,-0.282903981264637,17,-0.403506122522914,10,-0.460982729130486,7,-0.209766304595221,1,1,1,1,1,1,1,1,1,1,1,1,2,2,2,1,2,2,2,2,2,2,2,2,2,2,2,2,3,3,3,2
"5d4dabe81025380019dc558c",-1.34341602056699,-0.499768572417362,-0.719448567280258,-0.480663303322897,-0.948009367681497,-0.349180327868854,-0.43871975019516,-0.354694485842028,-1.06904792895809,-0.671896110398781,-0.648594847775177,-0.392505854800937,-0.958116399751109,-0.520550351288055,69,-0.880683880600579,30,-0.979023934267697,39,-0.639996563276073,16,-0.488739730485283,14,-1.26803848284871,21,-0.521554852778579,18,-0.658103946095795,-0.519355426591912,-0.211562525923974,-0.517564402810304,-0.150819672131147,-0.411600400413269,-0.313817330210772,7,-0.420047152375168,2,-0.643013297995102,5,-0.19247358666806,1.62208129646764,1.48007217822457,1.31264637002342,1.47365339578454,1.6824767603798,1.37704918032787,73,0.965441793970576,43,0.795179940515278,30,0.894287936197839,0.713683628408654,-1.04526726705469,0.296252927400469,-0.901639344262295,0.0272365389954464,-0.182903981264636,18,-0.260876061001983,14,0.368689032044298,4,-1.24725910840402,1,1,1,1,1,1,1,1,2,1,2,2,2,1,1,1,1,1,2,1,1,2,2,2,3,1,4,4,4,2,2,2
"5d5051e31025380015dc59b8",0.469436520276937,-0.244952187420561,0.805912503941475,0.0312617264492679,0.351990632318502,-0.149180327868853,0.450169138693729,0.0998509687034262,0.193783181882645,0.457172961340335,0.101405152224825,0.257494145199064,0.359520828439886,0.179449648711944,97,0.303598705886939,45,0.153066388712011,52,0.419854547328188,18,-0.208804298000755,27,0.470815671867988,26,0.146824265278003,26,0.675278663550253,-0.294627256726417,-0.948440252533037,-0.267564402810304,-0.550819672131148,-0.590276793348866,-0.424928441321885,6,-0.568770314949129,3,-0.332417508126427,3,-0.702947012179001,-0.792544705848184,-0.292562833621341,-0.687353629976581,-0.0263466042154563,-0.748012712167609,-0.42295081967213,55,-0.296528551005248,31,-0.416387711937974,24,-0.0159884613146216,0.71991027922944,0.524665567467097,0.462919594067135,0.598360655737705,0.764092938831226,0.517096018735363,25,0.73753436964453,15,0.576106972337995,10,0.827726499213578,2,2,2,2,2,1,2,2,2,2,1,1,1,1,1,1,3,3,3,3,3,2,3,3,3,3,2,1,2,2,2,2
"5d5162f1b50a1000169da137",1.5337255012671,0.941365660899091,0.984261115501888,-0.690974115592863,1.1519906323185,0.650819672131149,0.672391360915952,-0.536512667660207,1.44145439920001,0.195783036266575,0.901405152224823,0.00749414519906237,0.979883389304671,0.454449648711944,108,0.768852579149892,61,1.36062939989037,47,0.0122195047880873,26,0.910937431937359,35,1.54087976707826,19,-0.788906500001213,28,1.00862431596177,-0.594503371463641,-0.973452658903674,-0.517564402810305,-0.750819672131147,-0.808617441086209,-0.647150663544107,4,-0.866216640097051,2,-0.643013297995102,2,-0.958183724934471,-1.65333982477131,-1.36375071668659,-2.68735362997658,-1.27634660421545,-1.673892531474,-2.12295081967213,38,-1.48838943237131,19,-1.62795536439123,19,-0.774552125908339,0.717298991887747,0.494955787453217,0.462919594067134,0.0983606557377062,0.631074333631432,0.317096018735363,23,0.452274246602669,15,0.576106972337995,8,0.136064630007711,2,2,2,2,2,2,1,2,2,2,1,1,1,1,1,1,4,4,3,4,4,4,2,3,3,3,1,1,1,2,2,2
"5d53be7ddaac02001566b548",-0.633860791710991,-1.20519163581662,-0.814894549703872,-1.10668014455683,-0.448009367681498,-0.849180327868853,-0.549830861306272,-0.718330849478391,-0.935745475837848,-1.0493886282181,-0.648594847775175,-0.642505854800936,-1.02796423295923,-0.645550351288055,64,-1.09216291390192,30,-0.979023934267697,34,-1.04763160581617,11,-1.1885783116966,19,-0.599248423342289,17,-1.05625814722385,17,-0.824776772301552,-1.39076554790036,-0.711677950114154,-1.0175644028103,-0.550819672131147,-1.12525513555242,-0.758261774655216,3,-1.01493980267101,0,-1.26420487773245,3,-0.702947012179001,1.63589512677834,-0.618151633129352,2.47931303669009,-1.27634660421546,1.40680518229741,0.977049180327868,69,0.685003939531504,50,1.50192773777967,19,-0.774552125908339,-1.05044418699817,0.0636440827588024,-0.703747072599532,0.0983606557377049,-0.718106666414491,-0.382903981264637,16,-0.546136184043844,8,-0.875818609717879,8,0.136064630007711,1,1,1,1,1,1,1,1,1,1,2,2,1,1,1,1,1,1,1,2,1,1,1,2,1,2,4,4,2,1,1,2
"5d5414520ad6f200185f0b8a",0.474135379150419,-1.37670390382988,0.638195574221613,-1.34136225647112,0.351990632318501,-0.949180327868854,0.450169138693729,-0.900149031296571,-0.276654461880976,-0.342817573846282,-0.298594847775176,-0.292505854800935,-0.266074190790461,-0.295550351288056,78,-0.500021620658162,37,-0.450715116877167,41,-0.476942546260033,10,-1.32854602793887,27,0.470815671867988,15,-1.32360979444648,26,0.675278663550253,-0.819231541329136,-0.859370586348904,-0.767564402810305,-0.550819672131147,-0.896348887903176,-0.647150663544107,4,-0.866216640097051,1,-0.953609087863776,3,-0.702947012179001,0.709255081172344,0.0379772463541744,1.14597970335675,-0.526346604215457,0.667186147941676,0.477049180327869,64,0.334456621482664,42,0.694215969477507,22,-0.319413927152108,1.06442649110194,0.18586574490754,0.796252927400467,0.0983606557377055,0.765367536045432,0.517096018735363,25,0.73753436964453,17,0.990942852925387,8,0.136064630007711,1,1,1,2,2,1,1,2,2,2,2,2,2,1,1,1,2,2,2,3,3,1,1,3,4,3,3,3,3,1,1,2
"5d551b477bb75a001a9a04b3",-1.10172130231868,-0.844596374837411,-1.70852944684564,-1.11388279733568,-0.748009367681498,-0.549180327868853,-1.21649752797294,-0.809239940387477,-1.04097335764481,-1.58915965424546,-0.648594847775177,-0.992505854800938,-1.38059060082278,-0.820550351288061,57,-1.3882335605238,30,-0.979023934267697,27,-1.61832066537231,14,-0.768675162969812,16,-1.00052245904614,16,-1.18993397083516,11,-1.82481372953609,-1.39076554790036,-0.377786251577285,-1.0175644028103,-0.550819672131147,-1.00165350945655,-0.758261774655216,3,-1.01493980267101,0,-1.26420487773245,3,-0.702947012179001,-2.14522618372937,-2.53182279615304,-2.52068696330991,-3.52634660421546,-2.29405989376994,-2.92295081967213,30,-2.04926514124945,20,-1.52699139335345,10,-2.13996672217703,-2.7146712294101,-0.919318397906287,-2.03708040593287,-0.401639344262297,-2.20478168606048,-1.38290398126464,6,-1.97243679925315,0,-2.53516213206745,6,-0.555597239198155,1,1,1,1,1,1,1,1,1,1,1,1,1,1,1,1,1,1,1,1,1,2,1,1,1,1,1,1,1,1,1,2
"5d55bd344ec7fa000168f311",-0.0510969312280653,0.506288462818322,0.909208553534387,0.770750670821128,-0.0480093676814981,0.250819672131148,0.561280249804841,0.463487332339791,0.12846823572079,0.909398093563675,0.101405152224826,0.507494145199066,0.480403908646618,0.304449648711946,102,0.515077739188281,45,0.153066388712011,57,0.827489589868288,22,0.351066566968302,23,-0.0642163757371506,30,0.681527559723269,27,0.841951489756009,1.10138714918475,0.0894911926057176,0.732435597189696,-0.150819672131147,0.651533734016943,0.241738225344782,12,0.323568660494636,7,0.909965651348272,5,-0.19247358666806,2.09531720048917,2.21771808805178,3.31264637002342,2.72365339578454,2.2195494826321,3.07704918032787,90,2.15730267533663,55,2.00674759296853,35,1.65285160079156,0.189016820981859,-0.341685048921414,0.296252927400469,0.0983606557377047,0.0667954440708509,0.217096018735363,22,0.309644185081739,14,0.368689032044298,8,0.136064630007711,2,2,2,1,2,2,2,1,2,1,2,2,2,2,2,2,3,3,4,2,4,3,4,2,3,2,4,4,4,3,4,3
"5d55ced455906f0001c1bdef",-1.61243423200108,-1.13239000487123,-1.53675464742879,-0.928648830246483,-1.1480093676815,-0.749180327868854,-0.883164194639605,-0.53651266766021,-1.50640749685366,-1.33596683207993,-0.948594847775177,-0.692505854800935,-1.54722237163301,-0.820550351288057,57,-1.3882335605238,24,-1.43186006345958,33,-1.12915861432419,12,-1.04861059545434,12,-1.53555450665128,19,-0.788906500001213,14,-1.32479525091882,-0.716581038303874,-0.973452658903676,-0.267564402810305,-0.750819672131147,-0.800625392619565,-0.536039552432994,5,-0.71749347752309,3,-0.332417508126427,2,-0.958183724934471,0.144129883344541,0.228247089114053,-0.187353629976582,-0.0263466042154581,0.132058008617178,-0.122950819672131,58,-0.0862001601759444,34,-0.113495798824661,24,-0.0159884613146216,-1.21621482781515,-0.0325950063757324,-0.870413739266198,0.0983606557377054,-0.85658634360521,-0.482903981264637,15,-0.688766245564775,7,-1.08323655001158,8,0.136064630007711,1,1,1,1,1,1,1,1,1,1,2,2,2,1,1,1,1,1,1,1,1,1,1,1,1,2,3,3,3,2,2,2
"5d56c12c129de8000137b9f5",-0.103671228987321,0.0350441336606908,-1.81365981783678,-1.07701231961401,-0.0480093676814983,0.0508196721311477,-1.10538641686183,-0.718330849478391,-0.0434711250385568,-1.56188652147598,0.00140515222482204,-0.892505854800937,-0.769410608079356,-0.445550351288058,72,-0.753796460619773,43,0.00212101231471628,29,-1.45526664835627,20,0.0711311344837735,23,-0.0642163757371506,17,-1.05625814722385,12,-1.65814090333033,-0.594503371463641,-1.00393964225627,-0.517564402810305,-0.750819672131147,-0.825758874938794,-0.647150663544107,4,-0.866216640097051,2,-0.643013297995102,2,-0.958183724934471,0.623935390243835,2.03108559617855,0.312646370023418,2.72365339578454,0.815347415004336,1.27704918032787,72,0.895332330360808,37,0.189396114288652,35,1.65285160079156,-0.0119363542857157,-0.397377401949477,-0.0370804059328646,-0.401639344262295,-0.178466626407849,-0.182903981264637,18,-0.260876061001983,12,-0.046146848543094,6,-0.555597239198155,1,2,1,1,1,2,1,1,1,1,2,2,2,1,1,1,2,3,1,2,1,3,1,2,2,2,4,3,4,2,2,1
"5d5a493738501c0018eff7c8",-0.910209664274129,0.4899863250275,-1.56490591806521,0.534653053046081,-0.6480093676815,0.350819672131147,-0.994275305750716,0.3725782414307,-0.313230749662849,-0.596897552489231,-0.148594847775178,-0.242505854800935,-0.52566143189641,-0.195550351288057,82,-0.330838394017088,40,-0.224297052281225,42,-0.395415537752013,23,0.491034283210566,17,-0.866764447144858,29,0.547851736111953,13,-1.49146807712458,1.59777321088424,1.95633054712132,0.982435597189696,1.44918032786885,1.79371369243688,1.24173822534478,21,1.66207712366028,8,1.22056144121695,13,1.8494201153757,0.840192848026017,0.724309621056292,1.31264637002342,1.47365339578454,0.855029142997066,1.37704918032787,73,0.965441793970576,43,0.795179940515278,30,0.894287936197839,0.983025465298326,0.464496031828943,0.796252927400468,0.348360655737705,0.832766602545331,0.617096018735363,26,0.880164431165461,17,0.990942852925387,9,0.481895564610644,1,1,1,1,1,2,2,2,2,2,2,2,2,2,2,2,2,2,2,1,1,3,3,4,4,3,4,4,3,4,4,4
"5d5afe7e2264490001e9e594",-1.44542081223978,-1.20519163581663,-1.41510681807652,-1.42687570525231,-1.0480093676815,-0.849180327868853,-0.883164194639605,-0.900149031296574,-1.48027719894255,-1.5417367152752,-0.948594847775175,-0.892505854800935,-1.59944667384296,-0.920550351288054,53,-1.55741678716487,24,-1.43186006345958,29,-1.45526664835627,11,-1.1885783116966,13,-1.40179649475,15,-1.32360979444648,14,-1.32479525091882,-1.39076554790036,-0.975803655558254,-1.0175644028103,-0.750819672131147,-1.25023357297515,-0.869372885766328,2,-1.16366296524497,0,-1.26420487773245,2,-0.958183724934471,0.2829126061061,-1.38523512421302,0.645979703356754,-2.02634660421546,0.0780407852821087,-0.422950819672131,55,-0.296528551005248,39,0.391324056364194,16,-1.22969032466457,-2.03464762787428,-1.56834087827357,-1.53708040593287,-1.1516393442623,-2.03081841253249,-1.38290398126464,6,-1.97243679925315,3,-1.91290831118636,3,-1.59309004300695,1,1,1,1,1,1,1,1,1,1,2,2,1,1,1,1,1,1,1,1,1,1,1,1,1,1,3,3,1,1,1,1
"5d5f07cdca10e90016bc0103",-1.74352513216974,-1.37670390382988,-1.16461306368394,-0.638504724814675,-1.2480093676815,-0.949180327868854,-0.660941972417382,-0.354694485842029,-1.73253546625926,-0.969567431979377,-1.09859484777518,-0.492505854800935,-1.50037655061755,-0.795550351288056,58,-1.34593775386353,21,-1.65827812805552,37,-0.803050580292113,10,-1.32854602793887,11,-1.66931251855257,21,-0.521554852778579,16,-0.991449598507308,-1.39076554790036,-1.23757836434777,-1.0175644028103,-0.950819672131147,-1.37087977887377,-0.980483996877439,1,-1.31238612781893,0,-1.26420487773245,1,-1.21342043768994,1.55664599275534,-1.3231141571557,2.64597970335675,-1.52634660421546,1.26206790057708,0.977049180327868,69,0.685003939531504,51,1.60289170881745,18,-0.926264858827082,-2.23847689880992,-1.20355848269982,-1.70374707259953,-0.651639344262295,-1.99550642740174,-1.28290398126464,7,-1.82980673773222,2,-2.12032625148006,5,-0.901428173801088,1,1,1,1,1,1,1,1,1,1,2,2,1,1,1,1,1,1,1,1,1,1,2,1,1,1,4,4,1,1,1,1
"5d61a0efd9ea5c00018755c0",-0.485232038668339,-0.52899254550875,0.816042850146045,1.52086611927528,-0.348009367681499,-0.349180327868853,0.561280249804839,1.00894187779434,-0.557132709612141,1.24285238803354,-0.348594847775176,0.807494145199064,0.244334426330721,0.229449648711945,99,0.388190319207476,36,-0.526187805075814,63,1.31665164091641,16,-0.488739730485283,20,-0.465490411441004,36,1.48358250139117,27,0.841951489756009,2.22742397015323,1.90083115739808,1.7324355971897,1.24918032786885,2.14907885251973,1.463960447567,23,1.95952344880821,11,2.15234881082297,12,1.59418340262023,0.208654469191247,1.12816964636357,0.645979703356754,1.72365339578454,0.343901992336277,1.07704918032787,70,0.755113403141272,39,0.391324056364194,31,1.04600066911658,0.638509253425808,1.05221636129603,0.462919594067136,0.598360655737705,0.820094446356597,0.517096018735363,25,0.73753436964453,15,0.576106972337995,10,0.827726499213578,2,1,2,1,2,1,2,2,2,2,2,2,2,2,2,2,3,2,4,2,3,2,4,4,3,4,3,3,4,4,4,4
"5d66f3487b64370001aedf5c",1.60324601517729,2.61774102332273,1.08717407145321,1.6856622259714,1.1519906323185,1.85081967213115,0.672391360915951,1.09985096870343,2.17718038631049,1.43617012768166,1.50140515222482,0.907494145199061,1.96235084786776,1.20444964871194,138,2.03772677895795,73,2.26630165827413,65,1.47970565793245,38,2.59055002684453,35,1.54087976707826,37,1.61725832500249,28,1.00862431596177,1.07316892628152,1.14364301772754,0.482435597189695,0.649180327868852,1.0606768792024,0.575071558678114,15,0.769738148216519,6,0.599369861479597,9,0.828473264353822,0.860987902835337,1.26920579754135,1.31264637002342,2.47365339578454,0.968873460842419,1.77704918032787,77,1.24587964840965,43,0.795179940515278,34,1.50113886787281,1.72335273510781,1.27067711257929,1.29625292740047,0.598360655737705,1.61295967759489,1.01709601873536,30,1.45068467724918,20,1.61319667380648,10,0.827726499213578,2,2,2,2,2,2,2,2,2,2,2,2,2,2,2,2,4,4,4,4,4,4,4,4,4,4,4,4,4,4,4,4
"5d67b1be141a00001627f8bf",-0.909799505062725,-0.767993032188484,-1.20623633343024,-0.775214253301391,-0.648009367681497,-0.549180327868851,-0.772053083528494,-0.445603576751117,-0.927896915774363,-1.10108715097953,-0.598594847775173,-0.592505854800939,-1.05800789201553,-0.595550351288057,66,-1.00757130058138,31,-0.90355124606905,35,-0.966104597308153,14,-0.768675162969812,17,-0.866764447144858,20,-0.655230676389896,15,-1.15812242471306,-1.09088943316313,-1.14392500315398,-0.767564402810304,-0.750819672131147,-1.12655202325063,-0.758261774655217,3,-1.01493980267101,1,-0.953609087863776,2,-0.958183724934471,-2.29670512221952,-3.27194859656253,-4.02068696330991,-4.52634660421546,-2.54429736344428,-4.22295081967213,17,-2.96068816817643,11,-2.43566713269339,6,-2.746817653852,-2.71467122941011,-1.26372801833797,-2.03708040593287,-0.901639344262295,-2.38447109666513,-1.58290398126464,4,-2.25769692229501,0,-2.53516213206745,4,-1.24725910840402,1,1,1,1,1,1,1,1,1,1,1,1,1,1,1,1,1,1,1,1,1,2,2,1,1,1,1,1,1,1,1,1
"5d67b6d92b7448000173d95a",-0.176526666072945,-0.533456646044692,0.57733518721699,-0.140856664099532,-0.148009367681498,-0.349180327868852,0.450169138693728,0.00894187779433437,-0.379834799151786,0.266642026485592,-0.248594847775176,0.207494145199063,-0.0774423414279325,-0.0205503512880554,89,-0.0347677473952089,38,-0.37524242867852,51,0.338327538820168,16,-0.488739730485283,22,-0.197974387638435,25,0.0131484416666867,26,0.675278663550253,-0.594503371463641,-1.23757836434777,-0.517564402810305,-0.950819672131147,-0.933595878508935,-0.758261774655218,3,-1.01493980267101,2,-0.643013297995102,1,-1.21342043768994,0.223945122223914,0.263410365497208,-0.0206869633099156,0.723653395784543,0.227843747508366,0.277049180327869,62,0.194237694263128,35,-0.0125318277868897,27,0.439149737441609,0.493104166780465,1.05221636129603,0.296252927400469,0.598360655737705,0.700816701733468,0.417096018735363,24,0.5949043081236,14,0.368689032044298,10,0.827726499213578,1,1,2,1,2,1,1,2,2,2,2,2,2,1,1,1,2,2,3,2,3,2,2,3,3,4,3,3,3,1,2,1
"5d6d15ce424136001af41fbc",0.530104371632157,0.71478694023415,0.0357010549521335,-0.328650724075661,0.3519906323185,0.450819672131148,0.00572469424928365,-0.172876304023845,0.650068824009028,-0.151274998034323,0.401405152224823,-0.0925058548009379,0.292494730222517,0.154449648711945,96,0.26130289922667,51,0.605902517903894,45,-0.150834512227953,24,0.63100199945283,27,0.470815671867988,23,-0.254203205555946,22,0.00858735872722888,-0.294627256726416,-0.975803655558253,-0.267564402810304,-0.750819672131147,-0.6253011940758,-0.536039552432996,5,-0.71749347752309,3,-0.332417508126427,2,-0.958183724934471,0.98326060007071,-0.16805130880543,1.81264637002342,-0.526346604215457,0.89186986928836,0.877049180327868,68,0.614894475921736,46,1.09807185362859,22,-0.319413927152108,0.628902077962096,-0.0325950063757303,0.462919594067136,0.0983606557377054,0.463490782696516,0.317096018735363,23,0.452274246602669,15,0.576106972337995,8,0.136064630007711,2,2,1,2,1,2,1,2,2,1,2,2,1,1,1,1,3,3,2,3,2,3,2,3,3,2,4,4,2,2,2,2
"5d6e9abe5e156a00018de2bc",1.48956633443361,1.32643249644927,1.45078541422549,1.30128195443387,1.0519906323185,0.850819672131148,1.00572469424928,0.827123695976154,1.53007284536059,1.51480410577666,0.951405152224824,0.907494145199062,1.59801612451984,0.929449648711941,127,1.57247290569499,62,1.43610208808901,65,1.47970565793245,28,1.19087286442189,34,1.40712175517698,34,1.21623085416854,31,1.50864279457903,-0.0698990868609219,0.447270259243615,-0.0175644028103044,0.249180327868853,0.169035907371605,0.130627114233672,11,0.174845497920675,4,-0.0218217182577522,7,0.317999838842881,0.63077131174912,0.96277765073486,1.14597970335675,1.47365339578454,0.716109758991302,1.27704918032787,72,0.895332330360808,42,0.694215969477507,30,0.894287936197839,1.69450654464182,1.91408979507445,1.29625292740047,1.34836065573771,1.87709531394474,1.31709601873536,33,1.87857486181197,20,1.61319667380648,13,1.86521930302238,2,2,2,2,2,2,2,2,2,2,2,2,2,2,2,2,4,4,4,4,4,4,4,4,4,4,3,3,4,3,3,3
"5d6ef95300c9130018c7e64c",-0.496618810204252,-0.818591893230861,-0.638516344016802,-0.371682217947284,-0.348009367681498,-0.549180327868852,-0.438719750195159,-0.263785394932935,-0.690915070348704,-0.580768562515609,-0.448594847775174,-0.342505854800939,-0.655613218425129,-0.395550351288056,74,-0.669204847299236,34,-0.677133181473108,40,-0.558469554768053,14,-0.768675162969812,20,-0.465490411441004,22,-0.387879029167263,18,-0.658103946095795,-1.39076554790036,-1.00393964225627,-1.0175644028103,-0.750819672131147,-1.26304277530363,-0.869372885766328,2,-1.16366296524497,0,-1.26420487773245,2,-0.958183724934471,1.71677882197132,1.01421314150092,2.14597970335675,1.22365339578454,1.68980944941521,1.77704918032787,77,1.24587964840965,48,1.29999979570413,29,0.742575203279096,-1.16700308317752,-0.985097731416559,-0.870413739266199,-0.651639344262295,-1.18656791218772,-0.782903981264636,12,-1.11665643012757,7,-1.08323655001158,5,-0.901428173801088,1,1,1,1,1,1,1,1,1,1,2,2,2,1,1,1,2,2,2,2,2,2,2,1,1,1,4,4,4,1,1,1
"5d6ff29b6fa93a001d61fc06",0.112341241113629,-1.04065985871237,-1.5295434313949,-1.59134510856788,0.051990632318499,-0.749180327868853,-0.883164194639605,-1.08196721311475,-0.35988055876308,-1.67659719615899,-0.348594847775177,-0.992505854800936,-1.01291257432634,-0.670550351288056,63,-1.13445872056219,36,-0.526187805075814,27,-1.61832066537231,12,-1.04861059545434,24,0.0695416361641339,13,-1.59096144166911,14,-1.32479525091882,-1.39076554790036,-1.66747442073302,-1.0175644028103,-1.15081967213115,-1.55549291358239,-1.09159510798855,0,-1.46110929039289,0,-1.26420487773245,0,-1.46865715044541,0.195765916532307,-3.68948749072654,0.645979703356751,-4.77634660421546,-0.345168599475438,-1.52295081967213,44,-1.0677326507127,39,0.391324056364194,5,-2.89853038677075,-0.105051413919851,-1.88304071869137,-0.0370804059328646,-1.15163934426229,-0.790429049505896,-0.482903981264636,15,-0.688766245564775,12,-0.046146848543094,3,-1.59309004300695,1,1,1,2,1,1,1,1,1,1,1,2,1,1,1,1,1,2,1,3,1,1,1,2,2,1,2,3,1,1,1,1
"5d7011edab15300001c19eac",1.24811323412447,1.53939815074569,1.17840314413407,0.0608695664894878,0.851990632318499,1.05081967213115,0.672391360915952,0.00894187779433568,1.4683323486287,0.719566097808041,0.951405152224826,0.307494145199063,1.16965569786515,0.629449648711943,115,1.06492322577177,62,1.43610208808901,53,0.501381555836208,30,1.47080829690642,32,1.13960573137441,25,0.0131484416666867,28,1.00862431596177,0.516942016982417,1.1177397293846,0.232435597189696,0.849180327868852,0.779927426375477,0.575071558678116,15,0.769738148216519,5,0.288774071610923,10,1.08370997710929,-0.199076922766147,-0.631308499305841,-0.187353629976583,-0.526346604215457,-0.265726224240873,-0.32295081967213,56,-0.22641908739548,34,-0.113495798824661,22,-0.319413927152108,0.923739550165079,1.70010622640126,0.629586260733802,1.09836065573771,1.28533172600712,0.817096018735362,28,1.16542455420732,16,0.783524912631691,12,1.51938836841944,2,2,2,2,2,2,2,2,2,2,1,1,1,2,2,2,4,4,3,4,4,4,3,4,4,4,2,2,2,3,3,4
"5d70fb76d1931d0018d31410",1.05910590210649,1.32601502380546,0.490572006479954,1.26539768551724,0.751990632318501,0.850819672131147,0.339058027582618,0.827123695976155,1.23889009751175,0.936446491027362,0.801405152224823,0.607494145199065,1.11829614885616,0.704449648711944,118,1.19181064575258,59,1.20968402349307,59,0.990543606884328,28,1.19087286442189,31,1.00584771947313,34,1.21623085416854,25,0.508605837344497,1.20643362385102,-0.113660546133188,0.982435597189696,-0.350819672131147,0.627963132625979,0.241738225344782,12,0.323568660494636,8,1.22056144121695,4,-0.44771029942353,-0.156017479372991,1.71110053615629,0.145979703356754,2.22365339578454,0.0868208487395956,0.977049180327869,69,0.685003939531504,36,0.0884321432508812,33,1.34942613495407,0.988894814251006,0.651364412225889,0.796252927400468,0.348360655737705,0.917019996520219,0.617096018735363,26,0.880164431165461,17,0.990942852925387,9,0.481895564610644,2,2,2,2,2,2,2,2,2,2,2,1,2,2,2,1,4,4,4,4,3,4,4,4,4,3,3,2,4,3,4,2
"5d73e916515c8b001bed0c5d",-1.04308446002459,-1.37670390382988,0.350043121438343,-0.3697201333955,-0.748009367681498,-0.949180327868854,0.227946916471507,-0.263785394932937,-1.29743151713739,-0.00634850886450417,-0.848594847775176,-0.0425058548009365,-0.742677364322841,-0.445550351288056,72,-0.753796460619773,26,-1.28091468706229,46,-0.0693075037199327,10,-1.32854602793887,16,-1.00052245904614,22,-0.387879029167263,24,0.341933011138741,-0.926002110897251,-1.43383569864152,-0.517564402810304,-0.950819672131147,-1.15223228917586,-0.758261774655216,3,-1.01493980267101,2,-0.643013297995102,1,-1.21342043768994,0.137504299930173,0.0680587859318125,0.145979703356752,0.223653395784543,0.136490076137781,0.177049180327869,61,0.12412823065336,36,0.0884321432508812,25,0.135724271604122,-1.94102813926527,-0.0325950063757227,-1.53708040593287,0.0983606557377054,-1.34802892563039,-0.882903981264637,11,-1.2592864916485,3,-1.91290831118636,8,0.136064630007711,1,1,1,1,2,1,1,1,1,1,2,2,2,1,1,1,2,1,2,1,3,1,2,1,1,2,3,3,3,1,1,1
"5d743ec4869c8f0019b35907",-1.28514314957911,-1.05591442823703,-0.536750860310873,-1.09998212242304,-0.948009367681498,-0.749180327868854,-0.327608639084049,-0.71833084947839,-1.31908344784992,-0.87519429190559,-0.848594847775174,-0.542505854800937,-1.18435671938237,-0.695550351288057,62,-1.17675452722246,26,-1.28091468706229,36,-0.884577588800133,12,-1.04861059545434,14,-1.26803848284871,17,-1.05625814722385,19,-0.491431119890039,-0.819231541329136,-0.0481431716374062,-0.767564402810305,-0.150819672131147,-0.543946413185992,-0.424928441321884,6,-0.568770314949129,1,-0.953609087863776,5,-0.19247358666806,0.816187916834064,-0.476715434912293,1.31264637002342,-0.276346604215457,0.674996479040123,0.677049180327868,66,0.4746755487022,43,0.795179940515278,23,-0.167701194233365,-1.19584927364351,-1.3859496804867,-0.870413739266199,-0.901639344262295,-1.36268797098465,-0.882903981264636,11,-1.2592864916485,7,-1.08323655001158,4,-1.24725910840402,1,1,1,1,1,1,1,1,1,1,2,2,1,1,1,2,1,1,1,1,2,1,1,1,1,1,3,4,2,2,1,3
"5d778ca177fb710001d1256a",0.767501610218037,-0.65454374893307,1.44013049800502,0.545993830044841,0.551990632318501,-0.449180327868853,0.894613583138173,0.372578241430699,0.222616214960206,1.11875888884939,0.0514051522248248,0.607494145199065,0.681011769897076,0.329449648711944,103,0.55737354584855,44,0.0775937005133635,59,0.990543606884328,15,-0.628707446727548,29,0.738331695670557,29,0.547851736111953,30,1.34196996837328,0.501634919710301,0.185495550454095,0.232435597189695,0.0491803278688526,0.337248285560659,0.13062711423367,11,0.174845497920675,5,0.288774071610923,6,0.0627631260874107,0.239183125341196,0.0817376547885384,-0.187353629976581,0.223653395784543,0.224773615391694,-0.0229508196721314,59,-0.0160906965661763,34,-0.113495798824661,25,0.135724271604122,0.308871212715179,1.33084664821743,0.296252927400468,0.848360655737705,0.69573595009003,0.517096018735363,25,0.73753436964453,14,0.368689032044298,11,1.17355743381651,2,2,2,2,2,1,2,2,2,2,2,2,2,2,2,2,3,3,4,4,4,2,3,3,3,4,3,3,3,3,3,3
"5d7c069627fe2b00019b73ec",1.04279373331292,1.79925854068248,0.447744254942501,2.0237521630095,0.751990632318502,1.25081967213115,0.339058027582618,1.19076005961252,1.4013732891212,1.32566824794638,1.00140515222482,0.807494145199063,1.39853249751181,0.904449648711943,126,1.53017709903472,63,1.51157477628766,63,1.31665164091641,32,1.75074372939094,31,1.00584771947313,38,1.7509341486138,25,0.508605837344497,2.16758312255362,2.07276361633066,1.7324355971897,1.64918032786885,2.22128838258415,1.68618266978923,25,2.25696977395613,11,2.15234881082297,14,2.10465682813117,1.23590485875842,-0.00265931317671793,2.14597970335675,-0.276346604215457,1.13101549062441,1.17704918032787,71,0.82522286675104,48,1.29999979570413,23,-0.167701194233365,1.77851885778711,1.51323784600431,1.29625292740047,1.09836065573771,1.7987803190659,1.21709601873536,32,1.73594480029104,20,1.61319667380648,12,1.51938836841944,2,2,2,2,2,2,2,2,2,2,2,2,2,2,2,2,4,4,4,4,3,4,4,4,4,4,4,4,3,4,4,4
"5d7d467f306346001a7a6844",-0.651837201651739,-0.454723798419426,-0.678924329157977,-0.11246412294041,-0.448009367681499,-0.349180327868853,-0.438719750195159,-0.172876304023842,-0.62587474190195,-0.439857673828415,-0.398594847775176,-0.292505854800938,-0.610036077871052,-0.345550351288059,76,-0.584613233978699,35,-0.601660493274461,41,-0.476942546260033,16,-0.488739730485283,19,-0.599248423342289,23,-0.254203205555946,18,-0.658103946095795,-0.519355426591912,-0.450675824997436,-0.517564402810304,-0.150819672131148,-0.505886668633161,-0.313817330210773,7,-0.420047152375168,2,-0.643013297995102,5,-0.19247358666806,-1.36145263177437,-0.238125449592768,-2.52068696330991,0.223653395784543,-1.28211513319526,-1.42295081967213,45,-0.997623187102929,20,-1.52699139335345,25,0.135724271604122,1.00775186331036,0.468973214439023,0.629586260733802,0.098360655737705,0.850173359713134,0.417096018735363,24,0.5949043081236,16,0.783524912631691,8,0.136064630007711,1,1,1,1,1,1,1,2,2,2,1,1,1,1,1,1,2,2,2,2,2,2,2,4,4,3,1,1,2,2,2,2
"5d7ebcb3026f400019f06eac",2.14510899410846,2.01874084102073,2.25766910126746,2.15301276977381,1.5519906323185,1.35081967213115,1.33905802758262,1.3725782414307,2.28093131810551,2.37961730113291,1.45140515222482,1.35749414519906,2.45080338214729,1.40444964871194,146,2.37609323224009,72,2.19082897007548,74,2.21344873450463,33,1.89071144563321,39,2.0759118146834,40,2.01828579583644,34,2.0086612731963,2.16758312255362,0.947385683433792,1.7324355971897,0.649180327868852,1.68252313203858,1.13062711423367,20,1.51335396108632,11,2.15234881082297,9,0.828473264353822,1.06571950993138,2.03616733298406,1.64597970335675,2.72365339578454,1.25371788181905,2.07704918032787,80,1.45620803923895,45,0.99710788259082,35,1.65285160079156,1.87278512066545,1.91856697768453,1.29625292740047,1.09836065573771,1.98344683768841,1.21709601873536,32,1.73594480029104,20,1.61319667380648,12,1.51938836841944,2,2,2,2,2,2,2,2,2,2,2,2,2,2,2,2,4,4,4,4,4,4,4,4,4,4,4,4,4,4,4,4
"5d80f95b43119f0015986eb1",-0.0271387498382751,-0.546614161514105,0.266111262050526,-0.602379110571776,-0.0480093676814997,-0.349180327868854,0.227946916471506,-0.354694485842028,-0.266349086315459,-0.147551548510763,-0.198594847775173,-0.0925058548009369,-0.207808882880638,-0.145550351288056,84,-0.246246780696551,39,-0.299769740479872,45,-0.150834512227953,16,-0.488739730485283,23,-0.0642163757371506,21,-0.521554852778579,24,0.341933011138741,-1.16603737803486,-1.00393964225627,-0.767564402810305,-0.750819672131147,-1.11461745902647,-0.758261774655216,3,-1.01493980267101,1,-0.953609087863776,2,-0.958183724934471,-1.64192250399221,-1.45282937441808,-2.68735362997658,-1.52634660421546,-1.6934793486795,-2.22295081967213,37,-1.55849889598107,19,-1.62795536439123,18,-0.926264858827082,0.163466126069843,0.246035280545683,0.129586260733802,0.348360655737705,0.244382166872944,0.217096018735363,22,0.309644185081739,13,0.161271091750602,9,0.481895564610644,1,1,1,2,2,1,1,2,2,2,1,1,1,1,1,1,2,2,2,3,3,2,2,3,3,3,1,1,1,1,1,1
"5d811bc0c06b21000165044e",0.514849287650377,-0.351583802640992,-0.625218149814495,-1.47534290256394,0.351990632318501,-0.249180327868855,-0.43871975019516,-0.991058122205663,0.16770872598541,-1.15343059388357,0.0514051522248249,-0.742505854800937,-0.394982349608615,-0.345550351288057,76,-0.584613233978699,44,0.0775937005133635,32,-1.21068562283221,17,-0.348772014243019,27,0.470815671867988,14,-1.4572856180578,18,-0.658103946095795,-0.594503371463641,-0.478039228022651,-0.517564402810305,-0.350819672131147,-0.580134231617444,-0.424928441321884,6,-0.568770314949129,2,-0.643013297995102,4,-0.44771029942353,0.317060686200528,1.35047891660314,0.479313036690086,1.97365339578454,0.460935930761126,1.07704918032787,70,0.755113403141272,38,0.290360085326423,32,1.19771340203533,-1.12520662654782,-0.397377401949475,-0.870413739266198,-0.401639344262295,-0.978194107202563,-0.682903981264637,13,-0.974026368606636,7,-1.08323655001158,6,-0.555597239198155,1,2,1,2,1,1,1,1,1,1,2,2,2,1,1,1,2,3,1,3,2,2,1,1,1,2,3,3,4,2,2,2
"5d88f010859c9e0001810e88",0.893033065771683,0.643648151513666,-0.632429365848389,-0.372295292732284,0.651990632318501,0.450819672131147,-0.43871975019516,-0.263785394932936,0.870984226880313,-0.548053945392693,0.551405152224824,-0.342505854800937,0.263403643175863,0.104449648711943,94,0.176711285906134,54,0.832320582499835,40,-0.558469554768053,24,0.63100199945283,30,0.872089707571841,22,-0.387879029167263,18,-0.658103946095795,0.229977027876301,1.02867006320047,0.232435597189696,0.849180327868852,0.650142632282884,0.575071558678117,15,0.769738148216519,5,0.288774071610923,10,1.08370997710929,-0.469263808249104,-1.33079774018445,-0.687353629976581,-1.77634660421546,-0.614045588490147,-1.12295081967213,48,-0.787294796273625,31,-0.416387711937974,17,-1.07797759174583,0.0820651002662267,-0.154816668524461,0.129586260733802,0.0983606557377048,0.0647530595791377,0.117096018735363,21,0.167014123560808,13,0.161271091750602,8,0.136064630007711,2,2,1,2,1,2,1,1,2,1,1,1,1,2,2,2,3,4,2,4,2,3,2,2,3,2,2,2,1,3,3,4
"5d89094bdee2770001840056",-1.14626505273782,0.545466392317126,-2.16644974117578,-0.768781399071866,-0.848009367681499,0.45081967213115,-1.43871975019516,-0.536512667660208,-0.464037478460327,-1.62483558169302,-0.198594847775175,-0.942505854800939,-1.10659410093244,-0.570550351288057,67,-0.965275493921116,39,-0.299769740479872,28,-1.53679365686429,24,0.63100199945283,15,-1.13428047094743,19,-0.788906500001213,9,-2.1581593819476,-1.16603737803486,0.0940748876153822,-0.767564402810305,0.0491803278688525,-0.610876609207831,-0.313817330210772,7,-0.420047152375168,1,-0.953609087863776,6,0.0627631260874107,0.867149189577226,1.35047891660314,1.14597970335675,1.97365339578454,0.969004384170692,1.47704918032787,74,1.03555125758034,42,0.694215969477507,32,1.19771340203533,-0.69457124316321,-0.519599064098201,-0.537080405932866,-0.401639344262295,-0.671954469082232,-0.482903981264637,15,-0.688766245564775,9,-0.668400669424183,6,-0.555597239198155,1,1,1,1,1,2,1,1,1,1,2,2,2,1,1,2,1,2,1,1,1,3,2,2,2,2,4,4,4,2,1,3
"5d8aa1e3eab19600163d9ab7",-0.335592836577947,0.637828706993793,-0.00182157518422954,0.199728531124717,-0.2480093676815,0.450819672131148,0.00572469424928446,0.190760059612518,0.0679249803114961,0.0576407991118105,0.101405152224822,0.107494145199064,0.0342944302980029,0.104449648711945,94,0.176711285906134,45,0.153066388712011,49,0.175273521804127,24,0.63100199945283,21,-0.33173239953972,27,0.28050008888932,22,0.00858735872722888,0.00524885801080712,-0.0693444666711848,-0.0175644028103041,0.0491803278688523,-0.00202353381291898,0.0195160031225609,10,0.0261223353467146,4,-0.0218217182577522,6,0.0627631260874107,-1.80420342472787,-1.65326269078899,-2.85402029664325,-2.02634660421546,-1.88324439428234,-2.52295081967213,34,-1.76882728681038,18,-1.728919335429,16,-1.22969032466457,-0.0537328109154083,-0.214986204162602,-0.0370804059328649,-0.151639344262295,-0.108565045239687,-0.082903981264637,19,-0.118245999481053,12,-0.046146848543094,7,-0.209766304595221,2,2,2,1,1,2,2,1,1,1,1,1,1,2,2,2,3,3,3,2,2,3,3,2,2,2,1,1,1,3,3,3
"5d8b66f5d189bd001a378273",-1.18360910540413,-1.05828147471773,-0.367700403991523,0.0368701674047617,-0.848009367681497,-0.749180327868854,-0.216497527972937,0.00894187779433736,-1.2290840648708,-0.188918224851458,-0.798594847775174,-0.0925058548009361,-0.817461483084209,-0.445550351288056,72,-0.753796460619773,27,-1.20544199886364,45,-0.150834512227953,12,-1.04861059545434,15,-1.13428047094743,25,0.0131484416666867,20,-0.324758293684283,0.229977027876301,2.18996926921282,0.232435597189696,1.64918032786885,1.1754082115545,1.01951600312256,19,1.36463079851236,5,0.288774071610923,14,2.10465682813117,1.64145222874287,0.778225002404628,2.64597970335675,0.973653395784544,1.59734174643748,1.97704918032787,79,1.38609857562918,51,1.60289170881745,28,0.590862470360352,1.0595374613467,0.372734125304479,0.796252927400469,0.0983606557377056,0.872824061031814,0.517096018735363,25,0.73753436964453,17,0.990942852925387,8,0.136064630007711,1,1,1,1,1,1,2,2,2,2,2,2,2,2,2,2,1,1,2,1,2,1,3,4,4,3,4,4,3,4,3,4
"5d8c96e60ef92e001a7b8876",0.45786454671186,1.50119700110234,0.42036790369583,1.2799011981224,0.351990632318501,0.950819672131148,0.227946916471506,0.827123695976157,0.97900467129581,0.9040102964192,0.651405152224823,0.557494145199062,0.974588737294783,0.604449648711942,114,1.0226274191115,56,0.98326595889713,58,0.909016598376308,29,1.33084058066415,27,0.470815671867988,34,1.21623085416854,24,0.341933011138741,-0.866161263297639,-0.742164933466753,-0.517564402810304,-0.550819672131147,-0.806322774593338,-0.536039552432994,5,-0.71749347752309,2,-0.643013297995102,3,-0.702947012179001,0.153609475831125,0.317325746845543,0.31264637002342,0.223653395784543,0.184750398109867,0.277049180327869,62,0.194237694263128,37,0.189396114288652,25,0.135724271604122,0.40583379202417,0.0636440827588045,0.296252927400469,0.0983606557377049,0.304397225860562,0.217096018735363,22,0.309644185081739,14,0.368689032044298,8,0.136064630007711,2,2,2,2,2,2,2,2,2,1,2,2,2,1,1,1,4,4,4,3,3,4,4,3,3,2,3,3,3,2,1,2
"5d9264f527fdac00158fd876",-1.57605938344479,-0.611384018347237,-1.87941422456321,-0.822240284487822,-1.1480093676815,-0.449180327868853,-1.10538641686183,-0.445603576751118,-1.32900353688216,-1.51019653262086,-0.798594847775174,-0.742505854800935,-1.51317806687094,-0.770550351288057,59,-1.30364194720326,27,-1.20544199886364,32,-1.21068562283221,15,-0.628707446727548,12,-1.53555450665128,20,-0.655230676389896,12,-1.65814090333033,-1.39076554790036,-1.43383569864152,-1.0175644028103,-0.950819672131147,-1.44765591001225,-0.980483996877439,1,-1.31238612781893,0,-1.26420487773245,1,-1.21342043768994,0.435514674611769,1.39123743177498,0.812646370023419,2.22365339578454,0.590036801756509,1.37704918032787,73,0.965441793970576,40,0.492288027401965,33,1.34942613495407,0.774307164607425,-0.57976859973636,0.629586260733803,-0.651639344262295,0.292927245290037,0.117096018735363,21,0.167014123560808,16,0.783524912631691,5,-0.901428173801088,1,1,1,1,1,1,1,2,2,1,2,2,2,1,1,1,1,1,1,1,1,2,2,3,3,2,3,3,4,1,1,1
"5d93264e3e74670014b4b981",-0.050236047327287,0.928459537333113,-0.0443002702739451,-0.44616697305964,-0.048009367681499,0.650819672131148,0.00572469424928398,-0.263785394932935,0.375321886630646,-0.2528495343141,0.301405152224824,-0.142505854800938,0.0956128161553074,0.0794496487119439,93,0.134415479245865,49,0.454957141506599,44,-0.232361520735973,26,0.910937431937359,23,-0.0642163757371506,22,-0.387879029167263,22,0.00858735872722888,-0.594503371463641,0.183144553799516,-0.517564402810305,0.0491803278688527,-0.292016324862792,-0.202706219099662,8,-0.271323989801207,2,-0.643013297995102,6,0.0627631260874107,-1.40568653805551,0.832662386433199,-2.18735362997658,1.22365339578454,-1.18163238830992,-0.822950819672131,51,-0.576966405444321,22,-1.32506345127791,29,0.742575203279096,-0.341574394996338,-1.20355848269983,-0.203747072599532,-0.651639344262295,-0.634901161268373,-0.382903981264637,16,-0.546136184043844,11,-0.25356478883679,5,-0.901428173801088,2,2,1,2,1,2,1,1,1,1,1,1,2,1,1,2,3,3,2,3,2,4,2,2,2,1,1,1,4,2,2,3
"5d959fdf9cf6ab001982afee",-0.120864785885926,-1.37670390382988,-1.01035642203863,-1.24071310164266,-0.148009367681501,-0.949180327868854,-0.660941972417382,-0.809239940387481,-0.684975907967568,-1.20070995786485,-0.548594847775175,-0.742505854800937,-0.962662647861026,-0.645550351288056,64,-1.09216291390192,32,-0.828078557870403,32,-1.21068562283221,10,-1.32854602793887,22,-0.197974387638435,16,-1.18993397083516,16,-0.991449598507308,-1.39076554790036,-0.574043585871029,-1.0175644028103,-0.550819672131147,-1.07842964059502,-0.758261774655216,3,-1.01493980267101,0,-1.26420487773245,3,-0.702947012179001,-0.116009180463974,-1.5424300348298,-0.18735362997658,-2.52634660421546,-0.325063639046405,-1.12295081967213,48,-0.787294796273625,34,-0.113495798824661,14,-1.53311579050206,-1.92508461981696,0.033184327134537,-1.3704137392662,0.348360655737704,-1.30328343660666,-0.682903981264636,13,-0.974026368606636,4,-1.70549037089266,9,0.481895564610644,1,1,1,1,1,1,1,1,1,1,1,1,1,1,1,1,1,2,1,2,1,1,1,1,1,2,2,2,1,1,1,2
"5d96151605d4d60019b1535e",0.338908284230031,0.359605342130732,0.449006008307413,-0.586654135382588,0.251990632318502,0.250819672131147,0.227946916471507,-0.445603576751118,0.36760104824948,-0.063914186602018,0.251405152224823,-0.142505854800938,0.211490558761003,0.0544496487119432,92,0.0921196725855966,48,0.379484453307952,44,-0.232361520735973,22,0.351066566968302,26,0.337057659966703,20,-0.655230676389896,24,0.341933011138741,-0.294627256726417,0.213631537152114,-0.267564402810304,0.0491803278688527,-0.0872264124756965,-0.0915951079885506,9,-0.122600827227246,3,-0.332417508126427,6,0.0627631260874107,-0.309221608324541,0.0299021169832013,-0.020686963309914,0.223653395784544,-0.258934443101832,0.0770491803278689,60,0.0540187670435917,35,-0.0125318277868897,25,0.135724271604122,0.00143331176388268,0.651364412225893,-0.0370804059328648,0.348360655737705,0.198226674959246,0.117096018735363,21,0.167014123560808,12,-0.046146848543094,9,0.481895564610644,2,2,1,2,2,2,1,2,1,2,1,1,2,2,1,2,3,3,2,3,3,3,2,3,2,3,2,2,3,3,2,3
"5d9ae3ff9d2a700014869bcb",0.893033065771675,-0.973656094409228,1.0795332930179,0.0806458829213853,0.651990632318501,-0.649180327868853,0.783502472027062,0.00894187779433747,0.186979130583928,0.641714247921878,0.00140515222482523,0.357494145199065,0.454438159508767,0.179449648711943,97,0.303598705886939,43,0.00212101231471628,54,0.582908564344228,13,-0.908642879212076,30,0.872089707571841,25,0.0131484416666867,29,1.17529714216752,-0.519355426591911,-0.106766141688025,-0.517564402810304,-0.150819672131147,-0.386248570832551,-0.313817330210773,7,-0.420047152375168,2,-0.643013297995102,5,-0.19247358666806,-0.452995353330492,0.45576005180009,-0.687353629976584,0.723653395784543,-0.354111558137351,-0.122950819672131,58,-0.0862001601759444,31,-0.416387711937974,27,0.439149737441609,-0.762602602917232,0.464496031828942,-0.537080405932865,0.348360655737705,-0.373432175862592,-0.182903981264637,18,-0.260876061001983,9,-0.668400669424183,9,0.481895564610644,2,2,2,2,2,1,2,1,1,2,1,1,2,1,1,2,3,3,3,4,4,1,3,2,2,3,2,2,3,2,2,3
"5d9cc271e64f5a00172aa239",0.766843889668445,2.5905000362044,-0.889657316983701,0.0544455626021814,0.5519906323185,1.85081967213115,-0.660941972417382,0.00894187779433495,1.63850706415226,-0.473832745517175,1.20140515222482,-0.292505854800937,0.721177420053518,0.454449648711942,108,0.768852579149892,67,1.81346552908225,41,-0.476942546260033,38,2.59055002684453,29,0.738331695670557,25,0.0131484416666867,16,-0.991449598507308,1.59777321088424,2.07276361633067,0.982435597189696,1.64918032786885,1.85873979342118,1.35284933645589,22,1.81080028623425,8,1.22056144121695,14,2.10465682813117,0.605326356057749,1.40699614417471,0.31264637002342,1.72365339578454,0.741472228477553,0.877049180327868,68,0.614894475921736,37,0.189396114288652,31,1.04600066911658,1.02369538275866,2.10095817547139,0.79625292740047,1.34836065573771,1.45163795794527,1.01709601873536,30,1.45068467724918,17,0.990942852925387,13,1.86521930302238,2,2,1,2,1,2,2,2,2,2,2,2,2,2,2,2,4,4,2,4,1,4,3,4,4,4,3,3,4,4,4,4
"5d9d0150c17dcf0016529af7",-0.341152281192968,0.55676126380892,-0.173059011584924,0.358219009577178,-0.248009367681499,0.450819672131148,-0.105386416861826,0.190760059612519,0.0374241516663509,0.0924955113062782,0.101405152224822,0.0574941451990639,0.0438255151926347,0.0794496487119446,93,0.134415479245865,45,0.153066388712011,48,0.0937465132961074,24,0.63100199945283,21,-0.33173239953972,27,0.28050008888932,21,-0.158085467478527,-0.294627256726417,0.711395964687715,-0.267564402810304,0.449180327868853,0.14558902851717,0.130627114233672,11,0.174845497920675,3,-0.332417508126427,8,0.573236551598352,0.679088938647225,1.05745154725504,1.31264637002342,1.22365339578454,0.769103421046307,1.27704918032787,72,0.895332330360808,43,0.795179940515278,29,0.742575203279096,-0.286408272317047,-0.33720786631133,-0.203747072599532,-0.151639344262295,-0.32810944106944,-0.182903981264637,18,-0.260876061001983,11,-0.25356478883679,7,-0.209766304595221,2,2,2,1,1,2,2,1,1,1,2,2,2,2,1,2,3,3,3,2,2,3,3,2,2,2,4,3,4,3,2,3
"5da0f6e6b16ded001628cfd7",0.936975984702039,0.0990035932730253,1.44367450226678,0.760566706039028,0.651990632318501,0.0508196721311477,0.894613583138174,0.46348733233979,0.625822426060227,1.21598276951529,0.351405152224825,0.657494145199064,0.965887326274031,0.504449648711947,110,0.853444192470429,50,0.530429829705247,60,1.07207061539235,20,0.0711311344837735,30,0.872089707571841,30,0.681527559723269,30,1.34196996837328,2.22742397015323,0.301928619663441,1.7324355971897,0.249180327868852,1.43040552858257,0.908404892011448,18,1.2159076359384,11,2.15234881082297,7,0.317999838842881,-0.126557254400407,-0.11361392477686,-0.187353629976581,-0.276346604215457,-0.129048581546869,-0.222950819672131,57,-0.156309623785712,34,-0.113495798824661,23,-0.167701194233365,0.460914885614488,1.73169859728758,0.296252927400468,1.09836065573771,0.945660321084925,0.617096018735363,26,0.880164431165461,14,0.368689032044298,12,1.51938836841944,2,2,2,2,2,2,2,2,2,2,1,1,1,2,2,2,4,3,4,4,4,3,4,4,3,4,2,2,2,4,4,3
"5dac7eaa59f37100128372d5",-1.71941738563299,-1.37670390382988,-1.43395796161029,-1.42458318707021,-1.2480093676815,-0.949180327868854,-0.883164194639604,-0.900149031296574,-1.72115226116436,-1.52799379276801,-1.09859484777518,-0.892505854800937,-1.73325410524184,-0.995550351288056,50,-1.68430420714568,21,-1.65827812805552,29,-1.45526664835627,10,-1.32854602793887,11,-1.66931251855257,15,-1.32360979444648,14,-1.32479525091882,-1.39076554790036,-1.43383569864152,-1.0175644028103,-0.950819672131147,-1.44765591001225,-0.980483996877439,1,-1.31238612781893,0,-1.26420487773245,1,-1.21342043768994,0.607830189206642,-0.47983928381576,0.145979703356751,-1.27634660421546,0.48704667270739,-0.422950819672131,55,-0.296528551005248,36,0.0884321432508812,19,-0.774552125908339,-1.78486467391201,-0.985097731416555,-1.3704137392662,-0.651639344262295,-1.62684345884861,-1.08290398126464,9,-1.54454661469036,4,-1.70549037089266,5,-0.901428173801088,1,1,1,1,1,1,1,1,1,1,2,2,1,1,1,1,1,1,1,1,1,1,1,1,1,1,3,3,2,1,1,1
"5dac841d79d2ea001600357e",-0.203722750408835,0.841596013149424,-0.450370510014408,0.132994644912702,-0.148009367681498,0.650819672131147,-0.327608639084049,0.0998509687034281,0.224039580871316,-0.188783105759729,0.251405152224823,-0.0925058548009372,0.030803735913732,0.0794496487119452,93,0.134415479245865,48,0.379484453307952,45,-0.150834512227953,26,0.910937431937359,22,-0.197974387638435,26,0.146824265278003,19,-0.491431119890039,-0.819231541329136,-1.23757836434777,-0.767564402810305,-0.950819672131147,-1.0820211947861,-0.869372885766329,2,-1.16366296524497,1,-0.953609087863776,1,-1.21342043768994,-2.03166571573052,-1.11383979745167,-3.02068696330991,-0.0263466042154552,-2.0021625446808,-1.82295081967213,41,-1.278061041542,17,-1.82988330646677,24,-0.0159884613146216,-0.658993972901588,-1.38594968048671,-0.370413739266199,-0.901639344262295,-0.938707145299075,-0.582903981264637,14,-0.831396307085705,10,-0.460982729130486,4,-1.24725910840402,2,2,1,1,1,2,2,1,1,1,1,1,1,1,1,1,3,3,2,2,2,4,3,1,2,1,1,1,1,1,2,1
"5daedef18484bc0014bd0e4d",-0.0848186192312374,-0.179790984921832,-0.670981226235763,0.122061921748867,-0.0480093676815008,-0.14918032786885,-0.327608639084049,0.0998509687034301,-0.100746536604312,-0.312641366721342,-0.0985948477751786,-0.0925058548009376,-0.225637204259984,-0.0955503512880547,86,-0.161655167376014,41,-0.148824364082578,45,-0.150834512227953,18,-0.208804298000755,23,-0.0642163757371506,26,0.146824265278003,19,-0.491431119890039,-0.369775201598147,-0.167699821174138,-0.267564402810305,-0.150819672131148,-0.294238914741616,-0.202706219099662,8,-0.271323989801207,3,-0.332417508126427,5,-0.19247358666806,-0.397244417281595,-1.01093463580315,-0.18735362997658,-1.77634660421546,-0.488786714859362,-0.822950819672131,51,-0.576966405444321,34,-0.113495798824661,17,-1.07797759174583,-0.57759294709798,0.0941038383830678,-0.370413739266199,-0.151639344262294,-0.413632225564654,-0.282903981264637,17,-0.403506122522914,10,-0.460982729130486,7,-0.209766304595221,1,1,1,1,1,2,2,1,1,2,1,1,1,1,1,1,2,2,2,2,2,3,3,2,2,3,2,2,1,2,2,2
"5db48848cbe43e000c3c6c2d",-1.41036140478271,-1.20519163581663,-1.09664817929524,-1.14611434447472,-1.0480093676815,-0.849180327868853,-0.772053083528492,-0.718330849478392,-1.46963310417154,-1.25427738585112,-0.948594847775175,-0.742505854800937,-1.47030875097173,-0.845550351288055,56,-1.43052936718407,24,-1.43186006345958,32,-1.21068562283221,11,-1.1885783116966,13,-1.40179649475,17,-1.05625814722385,15,-1.15812242471306,-1.39076554790036,-1.66747442073302,-1.0175644028103,-1.15081967213115,-1.55549291358239,-1.09159510798855,0,-1.46110929039289,0,-1.26420487773245,0,-1.46865715044541,-1.0454014269583,0.353124480852828,-1.85402029664325,0.973653395784543,-0.945661349007183,-0.722950819672131,52,-0.506856941834553,24,-1.12313550920237,28,0.590862470360352,-1.14145238826551,-1.26372801833798,-0.703747072599532,-0.901639344262295,-1.29698420870252,-0.782903981264637,12,-1.11665643012757,8,-0.875818609717879,4,-1.24725910840402,1,1,1,1,1,1,1,1,1,1,1,1,2,1,1,1,1,1,1,1,1,1,1,1,1,1,1,1,3,1,1,1
"5db782f5e757dd000d27a3f0",-0.473832592822028,0.31323930480784,0.815210659182538,0.60082338639033,-0.348009367681498,0.250819672131147,0.56128024980484,0.372578241430701,-0.195133945636393,0.781643056621876,-0.0485948477751755,0.457494145199063,0.243573960020859,0.204449648711944,98,0.345894512547207,42,-0.0733516758839309,56,0.745962581360268,22,0.351066566968302,20,-0.465490411441004,29,0.547851736111953,27,0.841951489756009,0.394864350142183,0.526321940655204,0.482435597189696,0.249180327868852,0.49842475676062,0.352849336455895,13,0.472291823068597,6,0.599369861479597,7,0.317999838842881,-1.93263730816017,-2.20923588990754,-3.18735362997658,-2.77634660421546,-2.06877352154646,-3.02295081967213,29,-2.11937460485922,16,-1.93084727750454,13,-1.6848285234208,0.0532189098002246,0.0636440827588013,0.129586260733802,0.0983606557377049,0.057093189314097,0.117096018735363,21,0.167014123560808,13,0.161271091750602,8,0.136064630007711,2,1,2,1,2,2,2,1,2,1,1,1,1,2,2,2,3,2,4,2,3,3,3,2,3,2,1,1,1,3,3,3
"5dbc5b2c55b8621fff2121d3",-1.45052792789116,-1.37670390382988,-1.97509273010073,-1.72649679744238,-1.0480093676815,-0.949180327868854,-1.21649752797294,-1.17287630402384,-1.54881634248118,-2.00540260934729,-0.998594847775175,-1.19250585480094,-1.85066866351487,-1.09555035128806,46,-1.85348743378675,23,-1.50733275165823,23,-1.94442869940439,10,-1.32854602793887,13,-1.40179649475,12,-1.72463726528043,11,-1.82481372953609,-1.39076554790036,-1.40334871528892,-1.0175644028103,-0.950819672131147,-1.43051447615966,-0.980483996877439,1,-1.31238612781893,0,-1.26420487773245,1,-1.21342043768994,-1.097128039165,-2.36643080052433,-1.52068696330992,-3.27634660421546,-1.33957618540714,-2.22295081967213,37,-1.55849889598107,26,-0.921207567126828,11,-1.98825398925829,-1.55584200993243,-2.25230029687519,-1.20374707259953,-1.40163934426229,-1.91283094548489,-1.28290398126464,7,-1.82980673773222,5,-1.49807243059897,2,-1.93892097760989,1,1,1,1,1,1,1,1,1,1,1,1,1,1,1,1,1,1,1,1,1,1,1,1,1,1,1,1,1,1,1,1
"5dbd96bc80dbee2c71a8c9d6",1.19113738570164,0.704682305847716,0.301378741106348,0.103333979030134,0.8519906323185,0.55081967213115,0.227946916471506,0.0998509687034263,1.09102362063496,0.228045834306425,0.701405152224824,0.157494145199066,0.760810994191049,0.429449648711947,107,0.726556772489624,57,1.05873864709578,50,0.256800530312148,25,0.770969715695095,32,1.13960573137441,26,0.146824265278003,24,0.341933011138741,-0.129739934460536,1.02408636819081,-0.0175644028103046,0.649180327868852,0.395166402941814,0.352849336455895,13,0.472291823068597,4,-0.0218217182577522,9,0.828473264353822,-0.113969669123802,-0.3088435487013,-0.187353629976581,-0.276346604215457,-0.143426245793208,-0.22295081967213,57,-0.156309623785712,34,-0.113495798824661,23,-0.167701194233365,0.649267632133733,-2.06543191647824,0.462919594067135,-1.40163934426229,-0.289639018476628,-0.282903981264637,17,-0.403506122522914,15,0.576106972337995,2,-1.93892097760989,2,2,2,2,2,2,2,1,2,1,1,1,1,2,2,2,4,4,3,4,3,3,3,2,3,1,2,2,2,3,3,4
"5dc26d240016bb192e1482f0",-0.512096504120046,-0.340022305921027,0.672630862313923,0.118267912449217,-0.348009367681498,-0.249180327868852,0.450169138693729,0.00894187779433654,-0.481098982521262,0.439661284155233,-0.298594847775177,0.207494145199066,-0.0714079947297889,-0.0455503512880554,88,-0.0770635540554774,37,-0.450715116877167,51,0.338327538820168,17,-0.348772014243019,20,-0.465490411441004,25,0.0131484416666867,26,0.675278663550253,-0.022969364892418,-1.00393964225627,-0.267564402810305,-0.750819672131147,-0.536900290851116,-0.536039552432997,5,-0.71749347752309,3,-0.332417508126427,2,-0.958183724934471,-1.73697579626134,-0.0839324322384989,-2.68735362997658,0.223653395784544,-1.58010302021205,-1.52295081967213,44,-1.0677326507127,19,-1.62795536439123,25,0.135724271604122,-0.633535771531233,0.464496031828949,-0.537080405932865,0.348360655737705,-0.26449912056231,-0.182903981264637,18,-0.260876061001983,9,-0.668400669424183,9,0.481895564610644,1,1,2,1,2,1,2,1,1,2,1,1,1,1,2,1,2,2,3,2,3,2,3,2,2,3,1,1,2,2,3,1
"5dc486da84799a35fbede98d",0.631732960789843,1.40766292289863,1.53840428350696,1.67772743266415,0.451990632318501,0.950819672131148,1.00572469424928,1.09985096870343,1.01057756791678,1.74824886901184,0.701405152224823,1.05749414519906,1.38558562812144,0.879449648711945,125,1.48788129237446,57,1.05873864709578,68,1.72428668345651,29,1.33084058066415,28,0.604573683769272,37,1.61725832500249,31,1.50864279457903,2.39231129241911,2.18996926921282,1.9824355971897,1.64918032786885,2.41252460144716,1.79729378090034,26,2.40569293653009,12,2.46294460069165,14,2.10465682813117,2.25876841085857,2.10688543209259,3.47931303669009,3.22365339578454,2.33830726226085,3.37704918032787,93,2.36763106616594,56,2.1077115640063,37,1.95627706662904,0.893766820529721,1.91408979507445,0.629586260733803,1.34836065573771,1.342891930618,0.917096018735363,29,1.30805461572825,16,0.783524912631691,13,1.86521930302238,2,2,2,2,2,2,2,2,2,2,2,2,2,2,2,2,4,4,4,3,4,4,4,4,4,4,4,4,4,4,4,4
"5dc52848b63adf3bbb43f869",1.01922224187492,-1.24632292093311,0.915005737015119,-0.103050287728289,0.751990632318501,-0.849180327868854,0.56128024980484,-0.0819672131147554,0.136072013293869,0.462900313240944,-0.0485948477751752,0.207494145199065,0.368174990283202,0.0794496487119431,93,0.134415479245865,42,-0.0733516758839309,51,0.338327538820168,11,-1.1885783116966,31,1.00584771947313,24,-0.12052738194463,27,0.841951489756009,-0.294627256726417,-0.0998314500237823,-0.267564402810304,0.0491803278688524,-0.206813446200014,-0.0915951079885504,9,-0.122600827227246,3,-0.332417508126427,6,0.0627631260874107,1.73064527706117,1.22584543614627,2.81264637002342,1.97365339578454,1.73444640997467,2.47704918032787,84,1.73664589367802,52,1.70385567985522,32,1.19771340203533,0.191892916649935,0.282104834042071,0.129586260733802,0.098360655737705,0.226477083608178,0.117096018735363,21,0.167014123560808,13,0.161271091750602,8,0.136064630007711,2,2,2,2,2,1,1,2,2,2,2,2,2,1,1,2,3,3,3,4,4,1,2,3,3,3,4,4,4,2,2,3
"5dc57803c19a5c3e7ae8f683",-1.12851600744352,-1.37670390382988,-0.0866786612884754,-0.957704271546848,-0.748009367681497,-0.949180327868854,-0.105386416861826,-0.6274217585693,-1.29307429225196,-0.547229838779192,-0.848594847775176,-0.392505854800935,-0.97683217069233,-0.620550351288055,65,-1.04986710724165,26,-1.28091468706229,39,-0.639996563276073,10,-1.32854602793887,16,-1.00052245904614,18,-0.922582323612529,21,-0.158085467478527,-0.294627256726417,-1.23757836434777,-0.267564402810304,-0.950819672131147,-0.745947399974425,-0.647150663544107,4,-0.866216640097051,3,-0.332417508126427,1,-1.21342043768994,0.328212894641846,0.0405790925774117,0.145979703356756,-0.276346604215456,0.308730741303444,-0.0229508196721323,59,-0.0160906965661763,36,0.0884321432508812,23,-0.167701194233365,-0.76260260291723,0.0636440827588044,-0.537080405932865,0.0983606557377049,-0.505969150466803,-0.282903981264637,17,-0.403506122522914,9,-0.668400669424183,8,0.136064630007711,1,1,1,1,1,1,1,1,1,1,2,2,2,1,1,1,1,1,2,1,2,1,1,2,2,2,3,3,3,2,2,1
"5dc5d1f10a493f450cbc6303",-0.443240487555726,1.01079913790071,-0.0896139861722877,-0.107869287074036,-0.348009367681498,0.650819672131148,0.0057246942492836,-0.0819672131147523,0.145798907341325,-0.110500069654177,0.151405152224826,-0.042505854800937,-0.011234485515503,0.0544496487119409,92,0.0921196725855966,46,0.228539076910658,46,-0.0693075037199327,26,0.910937431937359,20,-0.465490411441004,24,-0.12052738194463,22,0.00858735872722888,-0.294627256726418,0.762311659401286,-0.267564402810304,0.449180327868852,0.166745054741314,0.130627114233672,11,0.174845497920675,3,-0.332417508126427,8,0.573236551598352,0.791008073480484,-1.51234849525217,0.812646370023418,-1.77634660421546,0.49703992723296,-0.222950819672131,57,-0.156309623785712,40,0.492288027401965,17,-1.07797759174583,0.295501546665585,1.33084664821743,0.296252927400469,0.848360655737705,0.711809234065751,0.517096018735362,25,0.73753436964453,14,0.368689032044298,11,1.17355743381651,1,2,1,1,1,2,1,2,2,2,2,2,1,2,1,2,2,3,2,2,2,4,2,3,3,4,3,4,1,3,2,4
"5dc891a9deac8260bc0095de",-0.998363110465153,0.414775472531383,-1.25331313832948,-0.478000863917453,-0.748009367681498,0.35081967213115,-0.772053083528495,-0.354694485842027,-0.491205570318289,-0.921091338242892,-0.198594847775175,-0.542505854800934,-0.75572599334158,-0.370550351288054,75,-0.626909040638968,39,-0.299769740479872,36,-0.884577588800133,23,0.491034283210566,16,-1.00052245904614,21,-0.521554852778579,15,-1.15812242471306,-1.39076554790036,-1.40334871528892,-1.0175644028103,-0.950819672131147,-1.43051447615966,-0.980483996877439,1,-1.31238612781893,0,-1.26420487773245,1,-1.21342043768994,-0.822679590720406,2.02288851116662,-1.35402029664325,2.97365339578454,-0.485187681048463,0.37704918032787,63,0.264347157872896,27,-0.820243596089057,36,1.8045643337103,-0.902138340609872,-1.73110927652876,-0.703747072599531,-0.651639344262296,-1.12190159147308,-0.682903981264637,13,-0.974026368606636,8,-0.875818609717879,5,-0.901428173801088,1,1,1,1,1,2,1,1,1,1,1,1,2,1,1,1,2,2,1,1,1,3,2,1,1,1,2,1,4,1,1,1
"5dcb191c8549368037ceac8a",1.30044283637385,0.263535370377285,1.36096136374246,1.07367438467084,0.951990632318501,0.150819672131148,0.894613583138173,0.736214605067065,0.949223657441215,1.31237084553263,0.551405152224824,0.807494145199062,1.20419130264448,0.679449648711944,117,1.14951483909231,54,0.832320582499835,63,1.31665164091641,21,0.211098850726038,33,1.27336374327569,33,1.08255503055722,30,1.34196996837328,0.801511034447525,0.855965020595084,0.482435597189696,0.649180327868852,0.848356710729299,0.575071558678116,15,0.769738148216519,6,0.599369861479597,9,0.828473264353822,-0.733325362579684,-0.251926274090449,-1.02068696330991,-0.276346604215457,-0.698435443108056,-0.722950819672131,52,-0.506856941834553,29,-0.618315654013515,23,-0.167701194233365,0.241104661287579,0.929994699147308,0.129586260733801,0.598360655737705,0.531614272594132,0.317096018735363,23,0.452274246602669,13,0.161271091750602,10,0.827726499213578,2,2,2,2,2,2,2,2,2,2,1,1,1,2,2,2,4,4,4,4,4,3,4,3,3,4,2,2,2,4,4,4
"5dcc8459bfb31a920381996e",-1.86349714310835,-1.37670390382988,-2.16644974117578,-1.39356566121806,-1.3480093676815,-0.949180327868854,-1.43871975019516,-0.809239940387485,-1.80578134184331,-1.92200573509951,-1.14859484777518,-1.09250585480094,-1.97793278969348,-1.12055035128806,45,-1.89578324044702,20,-1.73375081625417,25,-1.78137468238835,10,-1.32854602793887,10,-1.80307053045385,16,-1.18993397083516,9,-2.1581593819476,-1.16603737803486,-1.43383569864152,-0.767564402810305,-0.950819672131147,-1.29923059373509,-0.869372885766328,2,-1.16366296524497,1,-0.953609087863776,1,-1.21342043768994,0.581122240531108,0.46943892065681,0.81264637002342,0.723653395784543,0.580858456386431,0.777049180327869,67,0.544785012311968,40,0.492288027401965,27,0.439149737441609,-2.22886972334622,-1.44611921612484,-1.70374707259953,-1.15163934426229,-2.14616054827397,-1.48290398126464,5,-2.11506686077408,2,-2.12032625148006,3,-1.59309004300695,1,1,1,1,1,1,1,1,1,1,2,2,2,1,1,1,1,1,1,1,1,1,1,1,1,1,3,3,3,1,1,1
"5dcccec0092079953154f997",-0.48843525566325,-0.744001360008757,-1.29314125374258,-0.771355381146257,-0.348009367681498,-0.549180327868853,-0.772053083528494,-0.44560357675112,-0.67869522679983,-1.11451221425797,-0.448594847775173,-0.592505854800935,-0.907727979268251,-0.520550351288056,69,-0.880683880600579,34,-0.677133181473108,35,-0.966104597308153,14,-0.768675162969812,20,-0.465490411441004,20,-0.655230676389896,15,-1.15812242471306,-0.716581038303874,-0.994653953937452,-0.267564402810305,-0.550819672131148,-0.782424786592674,-0.424928441321883,6,-0.568770314949129,3,-0.332417508126427,3,-0.702947012179001,-1.40146095581963,-0.485312566963497,-2.18735362997658,-0.276346604215455,-1.31210134232408,-1.42295081967213,45,-0.997623187102929,22,-1.32506345127791,23,-0.167701194233365,-1.02159799653217,0.246035280545677,-0.703747072599532,0.348360655737705,-0.57790982154524,-0.282903981264637,17,-0.403506122522914,8,-0.875818609717879,9,0.481895564610644,1,1,1,1,1,1,1,1,1,2,1,1,1,1,1,1,1,2,1,2,1,2,2,2,1,3,1,1,2,2,2,1
"5dccf219aa4314964f7461d9",0.262196965082703,-1.37670390382988,-0.442403909511276,-1.2920066575325,0.151990632318502,-0.949180327868854,-0.327608639084049,-0.809239940387483,-0.47966360780356,-0.91497160306937,-0.398594847775174,-0.592505854800937,-0.661681690859998,-0.495550351288056,70,-0.83838807394031,35,-0.601660493274461,35,-0.966104597308153,10,-1.32854602793887,25,0.203299648065418,16,-1.18993397083516,19,-0.491431119890039,-0.819231541329135,-1.43383569864152,-0.767564402810305,-0.950819672131147,-1.15879732592457,-0.869372885766329,2,-1.16366296524497,1,-0.953609087863776,1,-1.21342043768994,1.01506135403829,-0.0297389594918417,1.47931303669009,-0.526346604215457,0.931521014991581,0.677049180327869,66,0.4746755487022,44,0.896143911553049,22,-0.319413927152108,-0.989408715366195,-0.985097731416564,-0.703747072599532,-0.651639344262295,-1.06510561312235,-0.682903981264636,13,-0.974026368606636,8,-0.875818609717879,5,-0.901428173801088,1,1,1,2,1,1,1,1,1,1,2,2,1,1,1,1,2,2,1,3,2,1,1,1,1,1,4,4,2,1,2,1
"5dcef784e6e6d8000cc6095e",0.117229701397655,0.0346244461924815,0.204868044605322,-1.02588673510417,0.0519906323185004,0.0508196721311484,0.116835805360396,-0.627421758569301,0.0887548848998649,-0.423078017971317,0.0514051522248268,-0.292505854800938,-0.145761184266853,-0.120550351288057,85,-0.203950974036283,44,0.0775937005133635,41,-0.476942546260033,20,0.0711311344837735,24,0.0695416361641339,18,-0.922582323612529,23,0.175260184932985,0.00524885801080722,-0.0481431716374082,-0.0175644028103041,-0.150819672131147,-0.0202241398398105,-0.0915951079885505,9,-0.122600827227246,4,-0.0218217182577522,5,-0.19247358666806,-0.347756500749754,0.56139751600986,-0.0206869633099128,0.973653395784544,-0.216791590108402,0.37704918032787,63,0.264347157872896,35,-0.0125318277868897,28,0.590862470360352,-0.412217042092043,0.773586074374615,-0.203747072599533,0.348360655737706,-0.0767992248074665,0.0170960187353631,20,0.0243840620398779,11,-0.25356478883679,9,0.481895564610644,1,2,1,2,2,2,1,1,1,2,1,1,2,2,2,2,2,3,2,3,3,3,1,2,2,3,2,2,3,3,3,3
"5dcf055ff290e70579808e50",0.47130573298221,0.676914070595949,1.14990363581383,1.3509951980447,0.351990632318501,0.550819672131148,0.783502472027062,0.918032786885245,0.641051619928838,1.36360247975836,0.451405152224825,0.857494145199063,1.01175058666382,0.654449648711944,116,1.10721903243204,52,0.681375206102541,64,1.39817864942443,25,0.770969715695095,27,0.470815671867988,35,1.34990667777985,29,1.17529714216752,1.53793236328463,1.40229414618968,0.982435597189696,1.04918032786885,1.49462967281176,1.01951600312256,19,1.36463079851236,8,1.22056144121695,11,1.33894668986476,0.418576232593892,-0.387758732821756,0.312646370023423,-0.526346604215456,0.336908437562134,-0.0229508196721324,59,-0.0160906965661763,37,0.189396114288652,22,-0.319413927152108,0.447927185507822,1.51323784600431,0.462919594067135,1.09836065573771,0.915098726390111,0.717096018735363,27,1.02279449268639,15,0.576106972337995,12,1.51938836841944,2,2,2,2,2,2,2,2,2,2,2,2,1,2,2,2,4,3,4,3,4,3,4,4,3,4,3,3,2,4,4,4
"5dcf0761523df0058e0ce496",0.0718169340242233,0.883495874702425,-0.268794788696206,0.498566528654876,0.0519906323185008,0.650819672131148,-0.216497527972939,0.372578241430699,0.433342780112337,0.126893324201135,0.351405152224824,0.107494145199062,0.308719265875456,0.229449648711943,99,0.388190319207476,50,0.530429829705247,49,0.175273521804127,26,0.910937431937359,24,0.0695416361641339,29,0.547851736111953,20,-0.324758293684283,0.154829083004573,-0.711677950114154,0.232435597189696,-0.550819672131147,-0.203472124098752,-0.202706219099662,8,-0.271323989801207,5,0.288774071610923,3,-0.702947012179001,-0.295868683584397,0.626633831273595,-0.187353629976581,1.22365339578454,-0.183052692578722,0.377049180327869,63,0.264347157872896,34,-0.113495798824661,29,0.742575203279096,-0.772209778380947,-0.337207866311332,-0.537080405932865,-0.151639344262295,-0.663033750137139,-0.382903981264637,16,-0.546136184043844,9,-0.668400669424183,7,-0.209766304595221,2,2,2,2,1,2,2,1,1,1,1,1,2,1,2,1,3,3,3,3,2,4,3,2,2,2,2,2,3,2,3,2
"5dcff490b043890effa91b55",-0.697069010093645,-1.27554934531925,0.868510773705523,0.441507045360088,-0.548009367681499,-0.849180327868853,0.56128024980484,0.19076005961252,-1.01035007863945,0.739755091281897,-0.698594847775173,0.357494145199064,-0.243312980746037,-0.170550351288055,83,-0.28854258735682,29,-1.05449662246634,54,0.582908564344228,11,-1.1885783116966,18,-0.733006435243573,27,0.28050008888932,27,0.841951489756009,-1.39076554790036,-0.742164933466752,-1.0175644028103,-0.550819672131147,-1.14239656940501,-0.758261774655216,3,-1.01493980267101,0,-1.26420487773245,3,-0.702947012179001,2.01168127927162,-1.27987575140157,3.31264637002342,-1.52634660421546,1.67926024370902,1.37704918032787,73,0.965441793970576,55,2.00674759296853,18,-0.926264858827082,-0.908007689562571,-1.97367000995378,-0.703747072599532,-1.1516393442623,-1.33221208051375,-0.882903981264636,11,-1.2592864916485,8,-0.875818609717879,3,-1.59309004300695,1,1,2,1,2,1,2,1,1,1,2,2,1,1,1,1,2,1,3,2,4,1,3,1,1,1,4,4,1,1,1,2
"5dd2d77151c6d22ef3f861a4",-0.724776696283357,-0.886079290340469,-1.65178563213607,-0.899305594504304,-0.548009367681501,-0.649180327868854,-1.10538641686183,-0.536512667660211,-0.8521274332208,-1.39987902966652,-0.598594847775175,-0.792505854800936,-1.16985949311848,-0.695550351288059,62,-1.17675452722246,31,-0.90355124606905,31,-1.29221263134023,13,-0.908642879212076,18,-0.733006435243573,19,-0.788906500001213,12,-1.65814090333033,-1.39076554790036,-1.66747442073302,-1.0175644028103,-1.15081967213115,-1.55549291358239,-1.09159510798855,0,-1.46110929039289,0,-1.26420487773245,0,-1.46865715044541,2.02222932807181,-0.867418594043083,3.31264637002342,-1.27634660421546,1.73238646066757,1.47704918032787,74,1.03555125758034,55,2.00674759296853,19,-0.774552125908339,-1.05044418699816,-2.37452195902392,-0.703747072599532,-1.4016393442623,-1.55760882644252,-0.982903981264637,10,-1.40191655316943,8,-0.875818609717879,2,-1.93892097760989,1,1,1,1,1,1,1,1,1,1,2,2,1,1,1,1,1,1,1,2,1,1,1,1,1,1,4,4,1,1,1,1
"5dd5105a82569a4c04723f7e",-1.03866876218721,-0.282521614042167,-0.467901809845602,-0.0640150283110493,-0.748009367681498,-0.249180327868854,-0.216497527972938,-0.0819672131147545,-0.842449312855325,-0.26118653370459,-0.498594847775176,-0.14250585480094,-0.619498604419634,-0.320550351288059,77,-0.542317427318431,33,-0.752605869671756,44,-0.232361520735973,17,-0.348772014243019,16,-1.00052245904614,24,-0.12052738194463,20,-0.324758293684283,-0.86616126329764,-0.279430897074332,-0.517564402810304,-0.350819672131147,-0.600235974508038,-0.424928441321883,6,-0.568770314949129,2,-0.643013297995102,4,-0.44771029942353,1.25348344114318,-0.525557580152173,1.97931303669009,-1.02634660421546,1.04517058319131,0.777049180327868,67,0.544785012311968,47,1.19903582466636,20,-0.622839392989595,1.14093848715033,0.342274369680223,0.796252927400468,0.348360655737704,0.967236966623611,0.617096018735363,26,0.880164431165461,17,0.990942852925387,9,0.481895564610644,1,1,1,1,1,1,2,2,2,2,2,2,1,1,1,1,2,1,2,1,2,2,3,4,4,3,4,4,2,2,1,2
"5dd5810df83335000cdf2e20",1.09351648152966,-0.301568004174215,0.107527678584243,0.0929945762935163,0.751990632318501,-0.249180327868851,0.00572469424928416,0.00894187779433604,0.532078296568825,0.0977090918233067,0.251405152224826,0.00749414519906684,0.382066969185879,0.129449648711947,95,0.219007092566402,48,0.379484453307952,47,0.0122195047880873,17,-0.348772014243019,31,1.00584771947313,25,0.0131484416666867,22,0.00858735872722888,0.848440756416028,0.323129914697222,0.232435597189695,0.0491803278688527,0.52450704832858,0.130627114233669,11,0.174845497920675,5,0.288774071610923,6,0.0627631260874107,0.486070972048493,-0.989450228276708,0.479313036690087,-1.02634660421546,0.350873098769518,-0.122950819672131,58,-0.0862001601759444,38,0.290360085326423,20,-0.622839392989595,-0.791448793383232,0.282104834042067,-0.537080405932866,0.098360655737705,-0.513629020731843,-0.282903981264637,17,-0.403506122522914,9,-0.668400669424183,8,0.136064630007711,2,2,2,2,2,1,2,1,1,2,2,2,1,2,2,2,3,3,3,4,3,2,3,2,1,3,3,3,1,3,4,3
"5dd5db1ded7ea4574c7bc996",-0.743443805851033,-1.24632292093311,-0.243080297933104,-0.841004211493017,-0.548009367681497,-0.849180327868854,-0.105386416861827,-0.536512667660209,-1.04801429063279,-0.570295228853909,-0.698594847775175,-0.342505854800934,-0.860868728125334,-0.520550351288055,69,-0.880683880600579,29,-1.05449662246634,40,-0.558469554768053,11,-1.1885783116966,18,-0.733006435243573,19,-0.788906500001213,21,-0.158085467478527,-1.09088943316313,-0.702432549014417,-0.767564402810304,-0.350819672131147,-0.91935498691473,-0.536039552432993,5,-0.71749347752309,1,-0.953609087863776,4,-0.44771029942353,1.16592495399484,-0.111012078553623,1.64597970335675,-0.0263466042154563,1.05613887142221,0.977049180327868,69,0.685003939531504,45,0.99710788259082,24,-0.0159884613146216,-1.47521022143009,-0.985097731416566,-1.03708040593286,-0.651639344262295,-1.40002992219004,-0.882903981264636,11,-1.2592864916485,6,-1.29065449030527,5,-0.901428173801088,1,1,1,1,1,1,1,1,1,1,2,2,1,1,1,1,1,1,2,2,2,1,1,1,1,1,4,4,2,1,1,2
"5dd6f1d7c5faa268624c5037",2.2712981702117,2.24336450010503,0.98385478748039,1.50606239826179,1.6519906323185,1.55081967213115,0.672391360915951,0.918032786885248,2.46384924770574,1.3300687871122,1.60140515222482,0.807494145199061,2.0670226410547,1.20444964871194,138,2.03772677895795,75,2.41724703467143,63,1.31665164091641,35,2.17064687811774,40,2.20966982658469,35,1.34990667777985,28,1.00862431596177,1.89764932562147,2.04540021330545,1.2324355971897,1.44918032786885,2.01136387122875,1.35284933645589,22,1.81080028623425,9,1.53115723108562,13,1.8494201153757,-0.341130942471626,0.374364977097349,-0.354020296643247,0.723653395784544,-0.258744436326071,0.0770491803278689,60,0.0540187670435917,33,-0.214459769862432,27,0.439149737441609,1.12807325007559,1.51323784600431,0.796252927400469,1.09836065573771,1.32552280624848,0.917096018735363,29,1.30805461572825,17,0.990942852925387,12,1.51938836841944,2,2,2,2,2,2,2,2,2,2,1,1,2,2,2,2,4,4,4,4,4,4,4,4,4,4,2,2,3,4,4,4
"5dd733664524e76dc4537fe2",-0.863415816789644,-0.634611204555331,-0.90747841150256,-0.787828341372814,-0.648009367681498,-0.449180327868853,-0.549830861306271,-0.536512667660209,-0.862292813259378,-0.941071722037104,-0.548594847775176,-0.542505854800938,-0.932923528242399,-0.545550351288054,68,-0.922979687260847,32,-0.828078557870403,36,-0.884577588800133,15,-0.628707446727548,17,-0.866764447144858,19,-0.788906500001213,17,-0.824776772301552,-0.294627256726417,-0.80768230796253,-0.267564402810304,-0.750819672131147,-0.561334265265811,-0.536039552432996,5,-0.71749347752309,3,-0.332417508126427,2,-0.958183724934471,-0.229406344308926,1.78129663258458,0.145979703356752,1.97365339578454,0.0296354134248381,0.877049180327869,68,0.614894475921736,36,0.0884321432508812,32,1.19771340203533,0.630028617131466,-0.92492819577841,0.462919594067134,-0.401639344262296,0.149438656056518,0.117096018735363,21,0.167014123560808,15,0.576106972337995,6,-0.555597239198155,1,1,1,1,1,1,1,2,2,1,1,1,2,1,1,1,1,1,1,1,1,2,2,3,3,1,2,2,4,2,2,2
"5dd808ba7df2197a216ea3c8",-0.482391905063422,-1.25155767313952,-0.368106732013022,-1.40933451836562,-0.3480093676815,-0.849180327868854,-0.216497527972938,-0.900149031296574,-0.823366154712361,-0.947355236392363,-0.598594847775175,-0.592505854800936,-0.908061234261713,-0.595550351288056,66,-1.00757130058138,31,-0.90355124606905,35,-0.966104597308153,11,-1.1885783116966,20,-0.465490411441004,15,-1.32360979444648,20,-0.324758293684283,-1.39076554790036,-1.66747442073302,-1.0175644028103,-1.15081967213115,-1.55549291358239,-1.09159510798855,0,-1.46110929039289,0,-1.26420487773245,0,-1.46865715044541,1.02474020626828,0.190212375806395,1.47931303669009,0.473653395784543,0.934541853654075,1.07704918032787,70,0.755113403141272,44,0.896143911553049,26,0.287437004522865,-1.24840410898113,-1.3859496804867,-0.870413739266198,-0.901639344262295,-1.36619701948153,-0.882903981264637,11,-1.2592864916485,7,-1.08323655001158,4,-1.24725910840402,1,1,1,1,1,1,1,1,1,1,2,2,2,1,1,1,1,1,1,2,2,1,1,1,1,1,4,4,3,1,1,1
"5ddbf093c5fa30b39100b0fa",0.492923954168934,1.63980682380672,0.766122124569083,-0.264476735777531,0.3519906323185,1.15081967213115,0.561280249804839,-0.172876304023843,1.05468051304308,0.284972991591675,0.751405152224824,0.157494145199062,0.746754414785952,0.454449648711943,108,0.768852579149892,58,1.13421133529442,50,0.256800530312148,31,1.61077601314868,27,0.470815671867988,23,-0.254203205555946,27,0.841951489756009,1.53793236328463,0.738759367712931,0.982435597189696,0.649180327868852,1.20217953453301,0.797293780900337,17,1.06718447336444,8,1.22056144121695,9,0.828473264353822,-1.03515442094917,0.374243021456396,-1.85402029664325,0.223653395784543,-0.878744031374325,-1.02295081967213,49,-0.717185332663857,24,-1.12313550920237,25,0.135724271604122,1.21831221404164,0.464496031828938,0.962919594067135,0.348360655737705,1.04139506999614,0.717096018735363,27,1.02279449268639,18,1.19836079321908,9,0.481895564610644,2,2,2,2,2,2,1,2,2,2,1,1,2,2,2,2,4,4,3,3,3,4,2,4,4,3,1,1,3,4,4,3
"5ddd675deb3973cbee9e415c",-0.754804021708479,-0.259719033673868,-0.670032501938419,0.51231278649306,-0.548009367681498,-0.14918032786885,-0.327608639084049,0.281669150521611,-0.635833512924302,-0.0917559591307451,-0.348594847775173,0.00749414519906294,-0.441856147956695,-0.170550351288055,83,-0.28854258735682,36,-0.526187805075814,47,0.0122195047880873,18,-0.208804298000755,18,-0.733006435243573,28,0.414175912500636,19,-0.491431119890039,-1.16603737803486,-0.54355660251843,-0.767564402810305,-0.550819672131147,-0.912862890465274,-0.647150663544105,4,-0.866216640097051,1,-0.953609087863776,3,-0.702947012179001,-1.33306298744688,-2.51554208107308,-2.02068696330991,-3.27634660421546,-1.55846161999118,-2.52295081967213,34,-1.76882728681038,23,-1.22409948024014,11,-1.98825398925829,-1.35201273899677,1.51323784600431,-1.03708040593286,1.09836065573771,-0.408155464702228,-0.182903981264637,18,-0.260876061001983,6,-1.29065449030527,12,1.51938836841944,1,1,1,1,1,1,2,1,1,2,1,1,1,1,1,1,2,2,2,2,2,2,3,2,1,4,1,1,1,1,1,2
"5dde6acfcaee3edc541ad36b",0.190967589210146,-0.129365819796955,0.538305488774551,-0.185911292709143,0.151990632318503,-0.149180327868851,0.339058027582618,-0.172876304023845,0.0254758076464293,0.1926794478816,0.00140515222482412,0.057494145199065,0.12496556575252,0.0294496487119437,91,0.0498238659253281,43,0.00212101231471628,48,0.0937465132961074,18,-0.208804298000755,25,0.203299648065418,23,-0.254203205555946,25,0.508605837344497,0.801511034447525,0.447270259243616,0.482435597189696,0.249180327868853,0.645542969993794,0.352849336455893,13,0.472291823068597,6,0.599369861479597,7,0.317999838842881,0.927751335174351,0.512555370769981,1.64597970335675,0.223653395784543,0.907470680074558,1.07704918032787,70,0.755113403141272,45,0.99710788259082,25,0.135724271604122,0.477627642364065,-0.214986204162598,0.296252927400468,-0.151639344262295,0.212470534294538,0.117096018735363,21,0.167014123560808,14,0.368689032044298,7,-0.209766304595221,2,2,2,2,2,2,1,2,2,1,2,2,2,2,2,2,3,3,3,3,3,3,2,3,3,2,4,4,3,3,4,3
"5ddeab4e2b033be1f013d5b2",0.648217657302197,-0.423211884415916,0.134091373787902,-0.944435790076305,0.4519906323185,-0.349180327868853,0.116835805360395,-0.6274217585693,0.219246898008765,-0.435359974917114,0.0514051522248263,-0.292505854800937,-0.0474529481646308,-0.120550351288058,85,-0.203950974036283,44,0.0775937005133635,41,-0.476942546260033,16,-0.488739730485283,28,0.604573683769272,18,-0.922582323612529,23,0.175260184932985,-0.819231541329135,-0.742164933466751,-0.767564402810305,-0.550819672131147,-0.853537985317331,-0.647150663544107,4,-0.866216640097051,1,-0.953609087863776,3,-0.702947012179001,0.0290981080571324,-0.954017361192295,0.312646370023419,-1.77634660421546,-0.101344418673299,-0.522950819672131,54,-0.366638014615017,37,0.189396114288652,17,-1.07797759174583,1.22752465369431,-0.615838153232746,0.962919594067136,-0.401639344262295,0.655560134950069,0.417096018735363,24,0.5949043081236,18,1.19836079321908,6,-0.555597239198155,1,2,1,2,2,1,1,2,2,1,1,1,1,1,1,1,2,3,2,3,3,2,1,3,4,2,2,2,1,2,2,2
"5de00d05988d7c0877eaa15a",2.01161781416342,0.288214352253722,2.43561138480638,1.14455724416965,1.4519906323185,0.25081967213115,1.56128024980484,0.736214605067062,1.46950169224595,1.95685530837767,0.851405152224824,1.10749414519907,1.83435996702312,0.979449648711949,129,1.65706451901553,60,1.28515671169172,69,1.80581369196453,22,0.351066566968302,38,1.94215380278212,33,1.08255503055722,36,2.34200692560781,2.39231129241911,1.10845404106578,1.9824355971897,0.649180327868853,1.88191868255343,1.24173822534478,21,1.66207712366028,12,2.46294460069165,9,0.828473264353822,-2.05771483106301,-3.27194859656253,-3.52068696330991,-4.52634660421546,-2.32392908652736,-3.92295081967213,20,-2.75035977734713,14,-2.13277521958008,6,-2.746817653852,0.926615645833177,2.96283160924984,0.462919594067135,2.09836065573771,1.80022119589098,1.11709601873536,31,1.59331473877011,15,0.576106972337995,16,2.90271210683118,2,2,2,2,2,2,2,2,2,2,1,1,1,2,2,2,4,4,4,4,4,3,4,4,4,4,1,1,1,4,4,4
"5de0803843e90d0fcc462b13",-1.74230474749838,-0.792948239565922,-1.08377584803496,-0.986423335819022,-1.2480093676815,-0.449180327868852,-0.772053083528492,-0.627421758569301,-1.44357404538782,-1.12128505503788,-0.848594847775176,-0.692505854800936,-1.39416512197778,-0.770550351288054,59,-1.30364194720326,26,-1.28091468706229,33,-1.12915861432419,15,-0.628707446727548,11,-1.66931251855257,18,-0.922582323612529,15,-1.15812242471306,-1.16603737803487,0.362902586368639,-0.767564402810305,0.249180327868852,-0.477233708736903,-0.20270621909966,8,-0.271323989801207,1,-0.953609087863776,7,0.317999838842881,-1.04278903876614,-0.39544231585051,-1.35402029664325,-0.776346604215458,-0.998712212292213,-1.12295081967213,48,-0.787294796273625,27,-0.820243596089057,21,-0.471126660070852,-1.8534004626409,-0.579768599736349,-1.3704137392662,-0.651639344262295,-1.53636120560529,-1.08290398126464,9,-1.54454661469036,4,-1.70549037089266,5,-0.901428173801088,1,1,1,1,1,1,1,1,1,1,1,1,1,1,1,2,1,1,1,1,1,2,1,1,1,2,1,1,2,2,1,3
"5de7d87f1a7af87458d8bf85",0.38298110391478,0.402856687323295,0.424890804012396,0.395052063587699,0.251990632318501,0.350819672131149,0.116835805360396,0.281669150521609,0.453200981781256,0.446436546445813,0.301405152224826,0.207494145199062,0.465859035086683,0.254449648711943,100,0.430486125867744,49,0.454957141506599,51,0.338327538820168,23,0.491034283210566,26,0.337057659966703,28,0.414175912500636,23,0.175260184932985,0.454705197741796,1.02408636819081,0.482435597189696,0.649180327868852,0.771890371728771,0.575071558678117,15,0.769738148216519,6,0.599369861479597,9,0.828473264353822,1.29874570003041,0.11377708226822,2.14597970335675,-0.026346604215456,1.21212581307115,1.27704918032787,72,0.895332330360808,48,1.29999979570413,24,-0.0159884613146216,0.0268989775869177,0.966064252643682,0.129586260733802,0.348360655737705,0.32549965589158,0.217096018735363,22,0.309644185081739,13,0.161271091750602,9,0.481895564610644,2,2,2,2,2,2,2,2,1,2,2,2,2,2,2,2,3,3,3,3,3,3,3,3,2,4,4,4,3,3,3,4
"5de93d9ae045e206b871af2c",-0.270274377021859,-1.11594193803635,0.623853648107497,1.62725276055932,-0.148009367681497,-0.749180327868854,0.339058027582618,1.00894187779434,-0.658857624489654,1.19555126468351,-0.448594847775177,0.707494145199062,0.22727812376633,0.129449648711945,95,0.219007092566402,34,-0.677133181473108,61,1.15359762390037,12,-1.04861059545434,22,-0.197974387638435,36,1.48358250139117,25,0.508605837344497,1.62767174067878,0.58490462348674,1.2324355971897,0.249180327868853,1.15755417138528,0.686182669789225,16,0.91846131079048,9,1.53115723108562,7,0.317999838842881,-0.400399469144872,-0.170931246426985,-1.02068696330992,-0.526346604215456,-0.385294058489353,-0.82295081967213,51,-0.576966405444321,29,-0.618315654013515,22,-0.319413927152108,0.667620252218216,1.45754549297625,0.296252927400468,0.598360655737705,0.980306109123194,0.417096018735362,24,0.5949043081236,14,0.368689032044298,10,0.827726499213578,2,1,2,1,2,1,2,2,2,2,1,1,1,2,2,2,3,2,4,2,3,1,4,4,3,4,2,2,2,4,4,3
"5dea138ae045e21318b70c90",0.10812757507097,-1.10403707730599,-0.591812091973199,-0.763070368789871,0.0519906323185004,-0.749180327868852,-0.32760863908405,-0.53651266766021,-0.409131271468334,-0.692134807334281,-0.348594847775173,-0.442505854800935,-0.552942956101286,-0.395550351288057,74,-0.669204847299236,36,-0.526187805075814,38,-0.721523571784093,12,-1.04861059545434,24,0.0695416361641339,19,-0.788906500001213,19,-0.491431119890039,-0.594503371463641,-0.0504941682919849,-0.517564402810305,-0.150819672131147,-0.399853328432932,-0.313817330210773,7,-0.420047152375168,2,-0.643013297995102,5,-0.19247358666806,0.312673873869745,-1.41479466111043,0.31264637002342,-2.02634660421546,0.0741090690991115,-0.622950819672132,53,-0.436747478224785,37,0.189396114288652,16,-1.22969032466457,-1.32903589748346,-0.706467444495148,-1.03708040593287,-0.401639344262295,-1.20328006971218,-0.782903981264636,12,-1.11665643012757,6,-1.29065449030527,6,-0.555597239198155,1,1,1,2,1,1,1,1,1,1,2,2,1,1,1,2,2,2,2,3,2,1,2,1,1,2,3,3,1,2,2,3
"5dea40ce11744715c8ea2855",0.480924436296028,1.01476173272439,0.809007147680306,-0.410999744378145,0.3519906323185,0.650819672131148,0.56128024980484,-0.354694485842026,0.741625119986134,0.223887754066635,0.501405152224823,0.0574941451990636,0.523072179212677,0.279449648711942,101,0.472781932528013,53,0.756847894301188,48,0.0937465132961074,26,0.910937431937359,27,0.470815671867988,21,-0.521554852778579,27,0.841951489756009,-0.294627256726416,-1.66747442073302,-0.267564402810304,-1.15081967213115,-0.930560534683038,-0.758261774655218,3,-1.01493980267101,3,-0.332417508126427,0,-1.46865715044541,-0.182471519739446,0.0681807415727692,-0.520686963309914,0.723653395784544,-0.1626514373955,-0.0229508196721321,59,-0.0160906965661763,32,-0.315423740900203,27,0.439149737441609,0.0114224531705232,-0.214986204162609,0.129586260733802,-0.151639344262295,-0.0841101893837711,0.0170960187353631,20,0.0243840620398779,13,0.161271091750602,7,-0.209766304595221,2,2,2,2,2,2,1,1,1,1,1,1,2,1,2,1,3,3,3,3,3,4,2,2,2,2,2,2,3,1,3,1
"5deb9c5a4de9422935efe5e7",-0.520949166675018,-0.744243664512154,-0.740191044184111,-0.945324191703288,-0.348009367681499,-0.549180327868854,-0.43871975019516,-0.627421758569299,-0.624379284716351,-0.924024671861445,-0.448594847775176,-0.542505854800937,-0.815480940262631,-0.495550351288059,70,-0.83838807394031,34,-0.677133181473108,36,-0.884577588800133,14,-0.768675162969812,20,-0.465490411441004,18,-0.922582323612529,18,-0.658103946095795,-1.39076554790036,-1.4056997119435,-1.0175644028103,-0.950819672131147,-1.43484670768376,-0.980483996877439,1,-1.31238612781893,0,-1.26420487773245,1,-1.21342043768994,-1.93233629050535,-2.48598254417567,-3.18735362997658,-3.27634660421546,-2.09419040773247,-3.22295081967213,27,-2.25959353207875,16,-1.93084727750454,11,-1.98825398925829,-0.898400514098855,-0.706467444495147,-0.703747072599532,-0.401639344262295,-0.87899465617713,-0.582903981264637,14,-0.831396307085705,8,-0.875818609717879,6,-0.555597239198155,1,1,1,1,1,1,1,1,1,1,1,1,1,1,1,1,1,2,1,2,1,2,1,1,1,2,1,1,1,1,1,1
"5debbccc6ce4012b64c26e30",1.4633891516038,1.8718975033973,1.08281767434946,1.12229419099907,1.0519906323185,1.35081967213115,0.672391360915951,0.736214605067064,1.76789326728491,1.19099786719755,1.20140515222482,0.707494145199064,1.58030334250217,0.954449648711945,128,1.61476871235526,67,1.81346552908225,61,1.15359762390037,33,1.89071144563321,34,1.40712175517698,33,1.08255503055722,28,1.00862431596177,1.70281968555051,0.736408371058351,1.2324355971897,0.649180327868852,1.30562244531078,0.908404892011448,18,1.2159076359384,9,1.53115723108562,9,0.828473264353822,-0.872006327429834,-1.00821083393895,-1.35402029664325,-1.02634660421546,-0.933036900058182,-1.22295081967213,47,-0.857404259883393,27,-0.820243596089057,20,-0.622839392989595,0.56786660633012,0.833755610012762,0.462919594067135,0.598360655737705,0.713875968727834,0.517096018735363,25,0.73753436964453,15,0.576106972337995,10,0.827726499213578,2,2,2,2,2,2,2,2,2,2,1,1,1,2,2,2,4,4,4,4,4,4,4,3,3,4,1,1,1,4,4,3
"5dedf0483711364928753ecd",0.20379735535143,-1.27554934531924,0.802628122609919,-0.705253921206498,0.151990632318503,-0.849180327868853,0.56128024980484,-0.445603576751118,-0.459818560889854,0.0774368857520272,-0.348594847775174,0.00749414519906509,-0.159651317271788,-0.170550351288054,83,-0.28854258735682,36,-0.526187805075814,47,0.0122195047880873,11,-1.1885783116966,25,0.203299648065418,20,-0.655230676389896,27,0.841951489756009,-1.16603737803486,-0.54355660251843,-0.767564402810305,-0.550819672131147,-0.912862890465274,-0.647150663544105,4,-0.866216640097051,1,-0.953609087863776,3,-0.702947012179001,-1.26389763068783,1.20956472106631,-2.35402029664325,1.72365339578454,-1.00159314315997,-0.72295081967213,52,-0.506856941834553,21,-1.42602742231568,31,1.04600066911658,-1.15405281701381,0.246035280545684,-0.870413739266199,0.348360655737705,-0.714058470852711,-0.382903981264637,16,-0.546136184043844,7,-1.08323655001158,9,0.481895564610644,1,1,2,2,2,1,1,1,1,2,1,1,2,1,1,1,2,2,3,3,3,1,2,2,1,3,1,1,4,1,1,2
"5dee5e827d91c34eceb20319",-0.476584256254168,-0.447203556595639,-0.76571100747594,-0.304488658049873,-0.348009367681499,-0.349180327868852,-0.43871975019516,-0.263785394932935,-0.509908377253571,-0.575019490394725,-0.348594847775175,-0.342505854800936,-0.605931093544205,-0.345550351288057,76,-0.584613233978699,36,-0.526187805075814,40,-0.558469554768053,16,-0.488739730485283,20,-0.465490411441004,22,-0.387879029167263,18,-0.658103946095795,-0.0698990868609218,-0.739813936812174,-0.0175644028103044,-0.550819672131147,-0.364706642704397,-0.313817330210773,7,-0.420047152375168,4,-0.0218217182577522,3,-0.702947012179001,-1.09876265060746,0.932818066798176,-1.35402029664325,1.22365339578454,-0.868257441508911,-0.32295081967213,56,-0.22641908739548,27,-0.820243596089057,29,0.742575203279096,0.513469720952113,0.0636440827588173,0.296252927400468,0.0983606557377049,0.387942595707102,0.217096018735363,22,0.309644185081739,14,0.368689032044298,8,0.136064630007711,1,1,1,1,1,1,1,2,2,2,1,1,2,1,2,1,2,2,2,2,1,2,2,3,3,3,1,1,4,2,3,2
"5def63ad2ae0425e87244bff",-1.29841180813069,-0.647389562106584,-1.10347656488855,-1.21886203062231,-0.948009367681498,-0.449180327868852,-0.660941972417382,-0.809239940387482,-1.1376392451801,-1.27091803391391,-0.698594847775176,-0.742505854800936,-1.27764601566802,-0.720550351288056,61,-1.21905033388273,29,-1.05449662246634,32,-1.21068562283221,15,-0.628707446727548,14,-1.26803848284871,16,-1.18993397083516,16,-0.991449598507308,-0.594503371463641,-1.09300930844041,-0.517564402810305,-0.750819672131148,-0.855760575196156,-0.647150663544107,4,-0.866216640097051,2,-0.643013297995102,2,-0.958183724934471,0.0785859994527332,0.138254882360107,0.479313036690087,-0.0263466042154562,0.102879397581578,0.277049180327869,62,0.194237694263128,38,0.290360085326423,24,-0.0159884613146216,-0.484368194300025,-0.980620548806489,-0.370413739266198,-0.901639344262295,-0.758614954732017,-0.582903981264637,14,-0.831396307085705,10,-0.460982729130486,4,-1.24725910840402,1,1,1,1,1,1,1,1,1,1,2,1,2,1,1,1,1,1,1,1,1,2,1,2,2,1,3,2,3,2,2,1
"5df0c64767a23610ed01d9c7",-0.0345858256927096,1.22598164831822,-0.803647267328585,1.16903488617594,-0.0480093676814988,0.850819672131149,-0.549830861306272,0.827123695976153,0.465577873728271,0.230995236755032,0.401405152224822,0.207494145199063,0.379047131756878,0.304449648711948,102,0.515077739188281,51,0.605902517903894,51,0.338327538820168,28,1.19087286442189,23,-0.0642163757371506,34,1.21623085416854,17,-0.824776772301552,-1.22587822563448,-1.23376725301092,-0.767564402810305,-0.550819672131148,-1.21421186134217,-0.647150663544105,4,-0.866216640097051,1,-0.953609087863776,3,-0.702947012179001,-0.36513587366358,0.260808519273971,-0.354020296643247,0.473653395784542,-0.299285578797083,-0.022950819672132,59,-0.0160906965661763,33,-0.214459769862432,26,0.287437004522865,2.19954706570799,0.591194876587743,1.6295862607338,0.0983606557377057,1.67632818780276,1.01709601873536,30,1.45068467724918,22,2.02803255439387,8,0.136064630007711,2,2,2,2,1,2,2,2,2,2,1,1,2,1,1,1,3,3,3,3,1,4,4,4,4,3,2,2,3,1,1,1
"5df2235d5a34251266ea645e",-0.0884159010793082,-1.01845708880934,1.61589083472228,1.04493502017292,-0.0480093676814973,-0.649180327868853,0.894613583138174,0.554396423248886,-0.538971767780914,1.39004600507871,-0.348594847775177,0.707494145199064,0.384952238195225,0.179449648711946,97,0.303598705886939,36,-0.526187805075814,61,1.15359762390037,13,-0.908642879212076,23,-0.0642163757371506,31,0.815203383334586,30,1.34196996837328,1.94285495268812,1.54216120878789,1.4824355971897,1.24918032786885,1.81857395993744,1.35284933645589,22,1.81080028623425,10,1.8417530209543,12,1.59418340262023,-1.15069962604132,-1.2759603091166,-2.18735362997658,-1.27634660421546,-1.25919853040164,-1.82295081967213,41,-1.278061041542,22,-1.32506345127791,19,-0.774552125908339,-0.303515764877673,1.20862498606871,-0.203747072599531,0.848360655737704,0.241745959402456,0.217096018735363,22,0.309644185081739,11,-0.25356478883679,11,1.17355743381651,2,1,2,1,2,1,2,2,1,2,1,1,1,2,2,2,3,2,4,2,4,1,4,3,2,4,1,1,1,4,4,4
"5df78b5e01423f525d88cde8",0.497680461565419,-0.10099552531586,0.637268375643624,0.228999829213786,0.351990632318501,0.0508196721311495,0.339058027582618,0.281669150521609,0.302091809009022,0.476304404971872,0.201405152224827,0.307494145199062,0.442234604125845,0.254449648711948,100,0.430486125867744,47,0.304011765109305,53,0.501381555836208,20,0.0711311344837735,27,0.470815671867988,28,0.414175912500636,25,0.508605837344497,1.47809151568502,0.657356689646761,0.982435597189695,0.649180327868852,1.12323190048099,0.797293780900337,17,1.06718447336444,8,1.22056144121695,9,0.828473264353822,0.455741625914438,1.62970546145355,0.812646370023421,2.22365339578454,0.628659661275956,1.37704918032787,73,0.965441793970576,40,0.492288027401965,33,1.34942613495407,0.571629096915991,1.05221636129603,0.462919594067135,0.598360655737705,0.709198273613662,0.517096018735363,25,0.73753436964453,15,0.576106972337995,10,0.827726499213578,2,2,2,2,2,2,2,2,2,2,2,2,2,2,2,2,3,3,3,3,3,3,3,3,3,4,3,3,4,4,4,3
"5dfae1f373d7248254527108",-0.225067001234372,2.32403149708463,-0.666959661555182,0.976853253161107,-0.148009367681499,1.55081967213115,-0.549830861306271,0.645305514157973,0.86848099302741,0.112567166223877,0.701405152224821,0.107494145199062,0.515279419109504,0.40444964871194,106,0.684260965829355,57,1.05873864709578,49,0.175273521804127,35,2.17064687811774,22,-0.197974387638435,32,0.948879206945903,17,-0.824776772301552,1.49268294820744,1.90083115739808,1.23243559718969,1.24918032786885,1.69390855921807,1.24173822534478,21,1.66207712366028,9,1.53115723108562,12,1.59418340262023,1.94083212766537,2.83073051742213,2.81264637002342,3.97365339578454,2.13904419810859,3.27704918032787,92,2.29752160255617,52,1.70385567985522,40,2.41141526538527,1.64855286161519,0.869825163509148,1.29625292740047,0.348360655737705,1.41993093661716,0.917096018735363,29,1.30805461572825,20,1.61319667380648,9,0.481895564610644,2,2,2,1,1,2,2,2,2,2,2,2,2,2,2,2,3,4,3,2,2,4,4,4,4,4,4,4,4,4,4,4
"5dfb6b624098ff000df6910f",1.99203084596403,1.70240296318248,1.49424300537001,2.16092592133838,1.4519906323185,1.15081967213115,0.894613583138174,1.3725782414307,2.03978496407505,1.95083351072535,1.30140515222482,1.15749414519906,2.1088669456442,1.22944964871194,139,2.08002258561822,69,1.96441090547954,70,1.88734070047255,31,1.61077601314868,38,1.94215380278212,40,2.01828579583644,30,1.34196996837328,2.39231129241911,2.18996926921282,1.9824355971897,1.64918032786885,2.41252460144716,1.79729378090034,26,2.40569293653009,12,2.46294460069165,14,2.10465682813117,2.35000097051705,2.19076039737761,3.64597970335675,2.97365339578454,2.44425403644629,3.37704918032787,93,2.36763106616594,57,2.20867553504407,36,1.8045643337103,2.1728077336088,1.45754549297623,1.6295862607338,0.598360655737705,2.00462758042048,1.21709601873536,32,1.73594480029104,22,2.02803255439387,10,0.827726499213578,2,2,2,2,2,2,2,2,2,2,2,2,2,2,2,2,4,4,4,4,4,4,4,4,4,4,4,4,4,4,4,4
"5dfcc5cf7dd4779b542dc38d",-1.31200761503082,-0.891153825611047,-1.12487995588532,-1.2942991757146,-0.948009367681498,-0.649180327868854,-0.772053083528493,-0.809239940387483,-1.26234569947256,-1.30728792524034,-0.798594847775175,-0.792505854800935,-1.35752973433431,-0.795550351288056,58,-1.34593775386353,27,-1.20544199886364,31,-1.29221263134023,13,-0.908642879212076,14,-1.26803848284871,16,-1.18993397083516,15,-1.15812242471306,-1.16603737803486,-1.00393964225627,-0.767564402810305,-0.750819672131147,-1.11461745902647,-0.758261774655216,3,-1.01493980267101,1,-0.953609087863776,2,-0.958183724934471,-0.321917773780654,-1.1466451388935,-0.687353629976581,-1.52634660421546,-0.45103761577545,-1.02295081967213,49,-0.717185332663857,31,-0.416387711937974,18,-0.926264858827082,-1.12520662654782,-1.56834087827357,-0.870413739266198,-1.1516393442623,-1.3890064679601,-0.982903981264637,10,-1.40191655316943,7,-1.08323655001158,3,-1.59309004300695,1,1,1,1,1,1,1,1,1,1,1,1,1,1,1,1,1,1,1,1,1,1,1,1,1,1,2,2,1,1,1,1
"5dfe08627f08edaa7de5963f",-0.112319011401491,0.234067617688075,0.274077862553665,0.285134318812702,-0.0480093676814982,0.150819672131149,0.227946916471507,0.19076005961252,0.0486434484702135,0.311948893355545,0.0514051522248243,0.207494145199061,0.160925470730626,0.129449648711942,95,0.219007092566402,44,0.0775937005133635,51,0.338327538820168,21,0.211098850726038,23,-0.0642163757371506,27,0.28050008888932,24,0.341933011138741,-1.16603737803486,0.690194669653938,-0.767564402810305,0.649180327868852,-0.312717428078127,0.0195160031225629,10,0.0261223353467146,1,-0.953609087863776,9,0.828473264353822,-0.471502554196447,-1.10600857936261,-0.18735362997658,-1.77634660421546,-0.562898013633635,-0.822950819672131,51,-0.576966405444321,34,-0.113495798824661,17,-1.07797759174583,-0.273543035242336,0.408803678800873,-0.203747072599532,-0.151639344262294,-0.136566065794133,-0.182903981264637,18,-0.260876061001983,11,-0.25356478883679,7,-0.209766304595221,2,2,2,1,2,2,2,1,1,2,1,1,1,1,1,2,3,3,3,2,3,3,3,2,2,3,2,2,1,2,1,3
"5dfe7de0bf3d4eb1cc979a7a",-1.58950056971515,-0.502797626651759,-0.806870677626971,0.931824673662544,-1.1480093676815,-0.249180327868852,-0.54983086130627,0.645305514157974,-1.26354677095052,-0.00102459542579569,-0.698594847775175,0.107494145199062,-0.805007422354574,-0.295550351288054,78,-0.500021620658162,29,-1.05449662246634,49,0.175273521804127,17,-0.348772014243019,12,-1.53555450665128,32,0.948879206945903,17,-0.824776772301552,0.00524885801080648,0.508244225948811,-0.0175644028103041,0.249180327868852,0.242541937334124,0.130627114233672,11,0.174845497920675,4,-0.0218217182577522,7,0.317999838842881,-0.974249208774463,-0.0596985434285214,-1.68735362997658,-0.776346604215457,-0.876381872343291,-1.32295081967213,46,-0.927513723493161,25,-1.0221715381646,21,-0.471126660070852,-0.520714701862932,-0.579768599736354,-0.370413739266197,-0.651639344262295,-0.618459037242487,-0.482903981264637,15,-0.688766245564775,10,-0.460982729130486,5,-0.901428173801088,1,1,1,1,1,1,2,1,1,1,1,1,1,2,2,2,1,1,2,1,1,2,4,2,2,2,1,1,2,3,3,3
"5e010ae14cac68cfeaa8612a",0.780112548220018,0.934094735744797,0.107506956020564,0.288613189956274,0.5519906323185,0.650819672131149,-0.105386416861826,0.190760059612518,0.939028739943669,0.177445292631752,0.601405152224825,0.0574941451990598,0.638243725315679,0.329449648711942,103,0.55737354584855,55,0.907793270698482,48,0.0937465132961074,26,0.910937431937359,29,0.738331695670557,27,0.28050008888932,21,-0.158085467478527,0.559751672408066,0.502769648966847,0.732435597189696,0.449180327868852,0.620068273565287,0.575071558678117,15,0.769738148216519,7,0.909965651348272,8,0.573236551598352,-0.94010322787528,-1.61002428503486,-1.52068696330991,-2.02634660421546,-1.08187276380877,-1.72295081967213,42,-1.20795157793223,26,-0.921207567126828,16,-1.22969032466457,0.348056382003199,0.372734125304481,0.296252927400468,0.0983606557377056,0.353798909579431,0.217096018735363,22,0.309644185081739,14,0.368689032044298,8,0.136064630007711,2,2,2,2,2,2,2,2,2,2,1,1,1,2,2,2,3,4,3,4,3,4,3,3,3,3,1,1,1,3,3,3
"5e03d667783225eb127c4541",-0.359042862565096,-0.157375383351805,-0.718809716144846,-0.71238114849181,-0.248009367681498,-0.149180327868854,-0.43871975019516,-0.445603576751117,-0.310565339483857,-0.756521515108908,-0.198594847775176,-0.442505854800939,-0.535504163128809,-0.320550351288058,77,-0.542317427318431,39,-0.299769740479872,38,-0.721523571784093,18,-0.208804298000755,21,-0.33173239953972,20,-0.655230676389896,18,-0.658103946095795,-0.594503371463641,0.0197251995129498,-0.517564402810305,0.0491803278688526,-0.347318790624578,-0.202706219099661,8,-0.271323989801207,2,-0.643013297995102,6,0.0627631260874107,-1.03622282699029,-0.967696230049019,-1.35402029664325,-1.77634660421546,-1.07632979055346,-1.52295081967213,44,-1.0677326507127,27,-0.820243596089057,17,-1.07797759174583,-0.348570283118387,1.14397826782049,-0.203747072599531,0.848360655737705,0.155956008369682,0.217096018735364,22,0.309644185081739,11,-0.25356478883679,11,1.17355743381651,1,1,1,1,1,2,1,2,1,2,1,1,1,1,1,2,2,2,1,2,1,3,2,3,2,4,1,1,1,2,2,3
"5e03ed9c6a5bffeccec824c3",-0.735044227631088,-0.305721346264313,-0.4981989999235,-0.819935248494566,-0.5480093676815,-0.249180327868853,-0.43871975019516,-0.536512667660208,-0.610437684861447,-0.744241531262943,-0.398594847775176,-0.492505854800938,-0.732331453309477,-0.445550351288056,72,-0.753796460619773,35,-0.601660493274461,37,-0.803050580292113,17,-0.348772014243019,18,-0.733006435243573,19,-0.788906500001213,18,-0.658103946095795,-0.819231541329135,-1.66747442073302,-0.767564402810305,-1.15081967213115,-1.26663432949471,-0.980483996877441,1,-1.31238612781893,1,-0.953609087863776,0,-1.46865715044541,-0.74678691777182,0.225253696548598,-1.52068696330991,0.723653395784544,-0.632450293563696,-0.62295081967213,53,-0.436747478224785,26,-0.921207567126828,27,0.439149737441609,-0.837365042466884,-0.214986204162598,-0.703747072599531,-0.151639344262295,-0.669442830578338,-0.482903981264637,15,-0.688766245564775,8,-0.875818609717879,7,-0.209766304595221,1,1,1,1,1,1,1,1,1,1,1,1,2,1,1,1,2,2,2,2,2,2,2,2,1,2,2,2,3,1,2,1
"5e07f4fe94d5ee154c71a1ce",-0.485232038668339,-0.352858411318468,0.59036708431253,0.733266231694972,-0.348009367681499,-0.249180327868854,0.339058027582618,0.46348733233979,-0.434726302205977,0.733611291738192,-0.298594847775177,0.407494145199064,0.0788881077399433,0.0544496487119442,92,0.0921196725855966,37,-0.450715116877167,55,0.664435572852248,17,-0.348772014243019,20,-0.465490411441004,30,0.681527559723269,25,0.508605837344497,2.00269580028774,0.407537874791277,1.4824355971897,0.0491803278688527,1.30220721326397,0.686182669789225,16,0.91846131079048,10,1.8417530209543,6,0.0627631260874107,0.283215722956166,-0.381641491352832,0.312646370023421,-0.276346604215458,0.19748757465695,0.077049180327869,60,0.0540187670435917,37,0.189396114288652,23,-0.167701194233365,1.24454711716596,0.955977272161491,0.962919594067135,0.598360655737706,1.24163249411691,0.817096018735362,28,1.16542455420732,18,1.19836079321908,10,0.827726499213578,2,1,2,1,2,1,2,2,2,2,2,2,1,2,2,2,3,2,3,2,3,2,3,4,4,4,3,3,2,4,4,3
"5e0b3d5dbf3d4e3868abc3ea",-0.171530450866986,0.586975278008537,0.639667419476216,0.698424193150231,-0.0480093676814967,0.450819672131146,0.227946916471507,0.463487332339792,0.131779956612883,0.72971389744509,0.201405152224825,0.357494145199059,0.429276500578233,0.279449648711942,101,0.472781932528013,47,0.304011765109305,54,0.582908564344228,24,0.63100199945283,23,-0.0642163757371506,30,0.681527559723269,24,0.341933011138741,1.67292115575597,0.0073562180858294,0.982435597189696,0.0491803278688521,0.941400426202635,0.463960447567002,14,0.621014985642558,8,1.22056144121695,6,0.0627631260874107,-0.486541372979041,-0.251804318449494,-0.520686963309913,0.223653395784544,-0.469638060790387,-0.222950819672132,57,-0.156309623785712,32,-0.315423740900203,25,0.135724271604122,-0.4419496274758,-0.0630547619999837,-0.3704137392662,0.348360655737704,-0.211334905651192,-0.0829039812646374,19,-0.118245999481053,10,-0.460982729130486,9,0.481895564610644,2,2,2,1,2,2,2,1,1,1,1,1,1,2,2,2,3,3,3,2,3,3,3,2,2,2,2,2,2,4,4,3
"5e0e467513ec50593127942c",0.217715888620062,-0.58948940022276,1.00935268781471,-0.715016666872271,0.151990632318502,-0.449180327868854,0.56128024980484,-0.445603576751117,-0.151344149132574,0.178411793830754,-0.148594847775177,0.00749414519906347,0.0435561006860614,-0.0705503512880553,87,-0.119359360715746,40,-0.224297052281225,47,0.0122195047880873,15,-0.628707446727548,25,0.203299648065418,20,-0.655230676389896,27,0.841951489756009,-0.294627256726416,-0.216264519233131,-0.267564402810304,-0.150819672131147,-0.27183954718431,-0.202706219099662,8,-0.271323989801207,3,-0.332417508126427,5,-0.19247358666806,-1.0712401539274,-0.129772684215866,-1.18735362997658,-0.026346604215457,-0.994884733577492,-0.722950819672131,52,-0.506856941834553,28,-0.719279625051286,24,-0.0159884613146216,0.121250269554248,-0.706467444495151,0.129586260733802,-0.401639344262295,-0.158016780173909,-0.0829039812646368,19,-0.118245999481053,13,0.161271091750602,6,-0.555597239198155,2,1,2,2,2,1,1,1,2,1,1,1,1,1,1,1,3,2,3,3,4,2,2,2,3,2,1,1,2,2,2,2
"5e0f5f8658a5c768bf461df8",0.721516950863638,0.45649158042349,0.367125060746606,-1.10813657210495,0.551990632318502,0.250819672131146,0.227946916471507,-0.71833084947839,0.661545781816301,-0.374803967820276,0.401405152224821,-0.292505854800936,0.241338191599686,0.0544496487119438,92,0.0921196725855966,51,0.605902517903894,41,-0.476942546260033,22,0.351066566968302,29,0.738331695670557,17,-1.05625814722385,24,0.341933011138741,-1.39076554790036,-1.00393964225627,-1.0175644028103,-0.750819672131147,-1.26304277530363,-0.869372885766328,2,-1.16366296524497,0,-1.26420487773245,2,-0.958183724934471,0.677345772161499,1.00353616590671,0.812646370023421,1.72365339578454,0.750700790195042,1.17704918032787,71,0.82522286675104,40,0.492288027401965,31,1.04600066911658,-0.636411867199332,-0.397377401949486,-0.370413739266198,-0.401639344262295,-0.646851615841954,-0.382903981264637,16,-0.546136184043844,10,-0.460982729130486,6,-0.555597239198155,2,2,1,2,2,2,1,1,1,1,2,2,2,1,1,1,3,3,2,3,3,3,1,2,2,2,3,3,4,1,1,1
"5e1103e212e922000bc4bdf9",2.01161781416342,1.27739402719578,1.58862984538706,1.08833883658014,1.4519906323185,0.850819672131148,1.00572469424928,0.736214605067062,1.86400209151679,1.47675373705348,1.15140515222483,0.857494145199065,1.82382772443689,1.00444964871194,130,1.6993603256758,66,1.7379928408836,64,1.39817864942443,28,1.19087286442189,38,1.94215380278212,33,1.08255503055722,31,1.50864279457903,0.966398356713407,0.711395964687714,0.732435597189696,0.449180327868853,0.878296549718396,0.575071558678116,15,0.769738148216519,7,0.909965651348272,8,0.573236551598352,-0.788370355939805,-0.417074358437249,-1.35402029664325,0.473653395784544,-0.781518995955918,-0.622950819672131,53,-0.436747478224785,27,-0.820243596089057,26,0.287437004522865,2.0925579110494,-0.124356912900195,1.6295862607338,-0.151639344262294,1.42731423994214,0.917096018735363,29,1.30805461572825,22,2.02803255439387,7,-0.209766304595221,2,2,2,2,2,2,2,2,2,1,1,1,1,2,2,2,4,4,4,4,4,4,4,4,4,2,2,1,2,4,4,3
"5e132591ef7f5e96237dacde",1.30567795034609,0.673462611199941,1.29169427422035,0.901479337247188,0.951990632318499,0.450819672131152,0.783502472027061,0.55439642324888,1.22990453997869,1.20834360617388,0.701405152224823,0.657494145199065,1.28368551305871,0.679449648711949,117,1.14951483909231,57,1.05873864709578,60,1.07207061539235,24,0.63100199945283,33,1.27336374327569,31,0.815203383334586,29,1.17529714216752,-0.145047031732652,1.90083115739808,-0.0175644028103048,1.24918032786885,0.792865964137085,0.686182669789229,16,0.91846131079048,4,-0.0218217182577522,12,1.59418340262023,0.489690471401696,-0.786145474981302,1.14597970335675,-1.77634660421546,0.347494489041829,-0.022950819672131,59,-0.0160906965661763,42,0.694215969477507,17,-1.07797759174583,0.978905672844363,1.45306831036617,0.629586260733802,0.848360655737706,1.16827798540538,0.717096018735363,27,1.02279449268639,16,0.783524912631691,11,1.17355743381651,2,2,2,2,2,2,2,2,2,2,2,2,1,2,2,2,4,4,4,4,4,3,4,4,4,4,3,3,2,3,3,4
"5e1488478d257baa8c55f136",-1.86349714310835,-1.37670390382988,-2.16644974117578,-1.09969948126835,-1.3480093676815,-0.949180327868854,-1.43871975019516,-0.718330849478391,-1.80578134184331,-1.79458254122407,-1.14859484777518,-1.04250585480094,-1.94091410974895,-1.09555035128806,46,-1.85348743378675,20,-1.73375081625417,26,-1.69984767388033,10,-1.32854602793887,10,-1.80307053045385,17,-1.05625814722385,9,-2.1581593819476,-1.16603737803486,-0.742164933466752,-0.767564402810305,-0.550819672131147,-0.993971253127848,-0.647150663544105,4,-0.866216640097051,1,-0.953609087863776,3,-0.702947012179001,-1.28087207856769,-1.67502518971374,-2.52068696330991,-2.52634660421546,-1.42597286239976,-2.52295081967213,34,-1.76882728681038,20,-1.52699139335345,14,-1.53311579050206,-2.71467122941011,-2.8355434437322,-2.03708040593287,-1.9016393442623,-2.92782043202688,-1.98290398126464,0,-2.82821716837873,0,-2.53516213206745,0,-2.63058284681575,1,1,1,1,1,1,1,1,1,1,1,1,1,1,1,1,1,1,1,1,1,1,1,1,1,1,1,1,1,1,1,2
"5e15aae07bf572b8f97a847d",1.32705783805384,1.38430052244591,1.89438358056302,0.922474683491364,0.951990632318501,0.95081967213115,1.1168358053604,0.463487332339792,1.45607467567248,1.55574257933339,0.951405152224826,0.757494145199065,1.601671987487,0.854449648711944,124,1.44558548571419,62,1.43610208808901,62,1.23512463240839,29,1.33084058066415,33,1.27336374327569,30,0.681527559723269,32,1.67531562078479,0.966398356713407,1.78127450786135,0.732435597189696,1.24918032786885,1.36922819720855,1.01951600312256,19,1.36463079851236,7,0.909965651348272,12,1.59418340262023,0.524139518878463,0.694350037119609,0.979313036690088,1.22365339578454,0.571840964737451,1.07704918032787,70,0.755113403141272,41,0.593251998439736,29,0.742575203279096,0.910369884115482,1.73169859728758,0.629586260733802,1.09836065573771,1.28820357303794,0.817096018735363,28,1.16542455420732,16,0.783524912631691,12,1.51938836841944,2,2,2,2,2,2,2,2,2,2,2,2,2,2,2,2,4,4,4,4,4,4,4,4,4,4,3,3,3,4,4,4
"5e175ec08e55e10643ad375c",-1.2903893938441,-1.24632292093311,-0.690215200210123,-1.34304783691854,-0.948009367681498,-0.849180327868854,-0.438719750195159,-0.809239940387484,-1.40665967016705,-1.07334050757042,-0.898594847775176,-0.642505854800938,-1.3070900222932,-0.770550351288056,59,-1.30364194720326,25,-1.35638737526093,34,-1.04763160581617,11,-1.1885783116966,14,-1.26803848284871,16,-1.18993397083516,18,-0.658103946095795,-0.941309208169368,-1.66747442073302,-0.517564402810305,-1.15081967213115,-1.25864228102807,-0.869372885766328,2,-1.16366296524497,2,-0.643013297995102,0,-1.46865715044541,-1.70629612338652,-0.325246219422217,-2.02068696330991,-1.02634660421546,-1.57679410004252,-1.62295081967213,43,-1.13784211432247,23,-1.22409948024014,20,-0.622839392989595,-0.649012295947651,0.00795172973073732,-0.537080405932865,-0.401639344262295,-0.582749558400739,-0.482903981264637,15,-0.688766245564775,9,-0.668400669424183,6,-0.555597239198155,1,1,1,1,1,1,1,1,1,1,1,1,1,1,1,1,1,1,1,1,2,1,1,2,2,2,1,1,2,1,1,1
"5e19711e0432d32175901193",-0.485232038668339,-1.27554934531924,-0.632429365848393,-1.12129238353883,-0.348009367681499,-0.849180327868853,-0.43871975019516,-0.718330849478392,-0.855740814483051,-0.939954033854325,-0.598594847775175,-0.592505854800935,-0.925170742379448,-0.595550351288055,66,-1.00757130058138,31,-0.90355124606905,35,-0.966104597308153,11,-1.1885783116966,20,-0.465490411441004,17,-1.05625814722385,18,-0.658103946095795,-1.39076554790036,-1.66747442073302,-1.0175644028103,-1.15081967213115,-1.55549291358239,-1.09159510798855,0,-1.46110929039289,0,-1.26420487773245,0,-1.46865715044541,-1.85532590242969,-0.186811914467671,-2.85402029664325,-0.526346604215457,-1.72016332191715,-1.92295081967213,40,-1.34817050515177,18,-1.728919335429,22,-0.319413927152108,-1.27725029944713,-0.985097731416566,-0.870413739266199,-0.651639344262295,-1.27724312907003,-0.782903981264636,12,-1.11665643012757,7,-1.08323655001158,5,-0.901428173801088,1,1,1,1,1,1,1,1,1,1,1,1,1,1,1,1,1,1,1,2,2,1,1,1,1,1,1,1,2,1,1,1
"5e19e3a846ef8226677f05ab",0.636041683260343,0.993239130618936,0.901591009478992,1.03566731486812,0.451990632318502,0.650819672131148,0.56128024980484,0.736214605067062,0.827724094118496,1.07221261851034,0.551405152224823,0.657494145199063,0.991630152727567,0.604449648711946,114,1.0226274191115,54,0.832320582499835,60,1.07207061539235,26,0.910937431937359,28,0.604573683769272,33,1.08255503055722,27,0.841951489756009,0.906557509113794,1.23417279859395,0.732435597189696,1.04918032786885,1.10115398593881,0.90840489201145,18,1.2159076359384,7,0.909965651348272,11,1.33894668986476,-0.250928834614475,0.16821446629679,-0.354020296643243,0.223653395784544,-0.185693979741776,-0.122950819672131,58,-0.0862001601759444,33,-0.214459769862432,25,0.135724271604122,1.10509640856228,0.0636440827588084,0.796252927400469,0.0983606557377049,0.791764905211048,0.517096018735363,25,0.73753436964453,17,0.990942852925387,8,0.136064630007711,2,2,2,2,2,2,2,2,2,2,1,1,2,2,2,2,4,4,4,3,4,4,4,3,4,3,2,2,3,4,4,4
"5e1ba3fc17aea03d2c51f466",-1.86349714310835,-1.37670390382988,-1.80604227378138,-0.612382040314389,-1.3480093676815,-0.949180327868854,-1.10538641686183,-0.263785394932939,-1.80578134184331,-1.3368865788543,-1.14859484777518,-0.642505854800937,-1.72092641896128,-0.895550351288057,54,-1.51512098050461,20,-1.73375081625417,34,-1.04763160581617,10,-1.32854602793887,10,-1.80307053045385,22,-0.387879029167263,12,-1.65814090333033,-1.16603737803486,-0.213913522578553,-0.767564402810305,-0.150819672131147,-0.744014378282397,-0.424928441321882,6,-0.568770314949129,1,-0.953609087863776,5,-0.19247358666806,2.3535185611414,-0.965094383825781,3.81264637002342,-1.52634660421546,2.01878552382808,1.67704918032787,76,1.17577018479988,58,2.30963950608184,18,-0.926264858827082,-2.20002353288022,-2.8355434437322,-1.70374707259953,-1.9016393442623,-2.54931303876646,-1.78290398126464,2,-2.54295704533687,2,-2.12032625148006,0,-2.63058284681575,1,1,1,1,1,1,1,1,1,1,2,2,1,1,1,1,1,1,1,1,1,1,2,1,1,1,4,4,1,2,1,2
"5e1dff99f0b71e166a571d7f",0.22852157750007,0.526814102604667,-0.766253403751776,0.700667367453228,0.151990632318501,0.350819672131148,-0.43871975019516,0.463487332339793,0.381683378336717,-0.0457592604857734,0.251405152224824,0.0574941451990609,0.142314687828316,0.154449648711942,96,0.26130289922667,48,0.379484453307952,48,0.0937465132961074,23,0.491034283210566,25,0.203299648065418,30,0.681527559723269,18,-0.658103946095795,-0.294627256726417,-0.739813936812173,-0.267564402810304,-0.550819672131147,-0.513131958981559,-0.424928441321884,6,-0.568770314949129,3,-0.332417508126427,3,-0.702947012179001,0.845484837652747,0.612833006775916,1.14597970335675,0.723653395784543,0.853963526620899,0.977049180327868,69,0.685003939531504,42,0.694215969477507,27,0.439149737441609,-0.658993972901589,-0.214986204162613,-0.370413739266199,-0.151639344262295,-0.527894784541541,-0.282903981264637,17,-0.403506122522914,10,-0.460982729130486,7,-0.209766304595221,2,2,1,2,1,2,2,1,1,1,2,2,2,1,1,1,3,3,2,3,1,3,3,2,2,2,4,4,3,2,2,2
"5e1ee56584352721e325d527",0.134149063710902,-0.962280111550179,0.509341825296155,0.785420151093974,0.0519906323185005,-0.649180327868854,0.227946916471507,0.554396423248882,-0.388820684599757,0.68489410569031,-0.298594847775174,0.407494145199064,0.104570538205681,0.0544496487119454,92,0.0921196725855966,37,-0.450715116877167,55,0.664435572852248,13,-0.908642879212076,24,0.0695416361641339,31,0.815203383334586,24,0.341933011138741,-0.819231541329135,-1.4056997119435,-0.767564402810305,-0.950819672131147,-1.14598812359609,-0.86937288576633,2,-1.16366296524497,1,-0.953609087863776,1,-1.21342043768994,-0.192614618369438,0.404194104696015,-0.354020296643247,-0.776346604215459,-0.150408593080926,-0.52295081967213,54,-0.366638014615017,33,-0.214459769862432,21,-0.471126660070852,0.105041941779527,1.05221636129602,0.129586260733802,0.598360655737705,0.423329214678213,0.317096018735363,23,0.452274246602669,13,0.161271091750602,10,0.827726499213578,2,1,2,2,2,1,2,2,2,2,1,1,2,1,1,1,3,2,3,3,3,1,4,3,3,4,2,2,3,1,2,1
"5e1f8b86d3ba572bf0c66650",-0.369027195692418,-1.20519163581663,0.810528440010947,0.319120424002355,-0.248009367681498,-0.849180327868853,0.450169138693729,0.190760059612518,-0.775496299387663,0.626237051706827,-0.548594847775174,0.307494145199064,-0.12646296386037,-0.120550351288056,85,-0.203950974036283,32,-0.828078557870403,53,0.501381555836208,11,-1.1885783116966,21,-0.33173239953972,27,0.28050008888932,26,0.675278663550253,-0.59450337146364,-1.66747442073302,-0.517564402810305,-1.15081967213115,-1.11820901321755,-0.86937288576633,2,-1.16366296524497,2,-0.643013297995102,0,-1.46865715044541,-0.313549074153042,1.15276940209642,-0.520686963309917,2.22365339578454,-0.147875228391084,0.577049180327868,65,0.404566085092432,32,-0.315423740900203,33,1.34942613495407,0.296270783966876,0.24603528054569,0.129586260733801,0.348360655737705,0.342714104137038,0.217096018735363,22,0.309644185081739,13,0.161271091750602,9,0.481895564610644,1,1,2,1,2,1,2,2,2,2,1,1,2,1,1,1,2,2,3,2,3,1,3,3,3,3,2,2,4,1,2,1
"5e243a5263251a6ba4cbe759",-0.343334694248285,-0.403478184587145,-0.52428485707209,-1.17688574285216,-0.248009367681497,-0.249180327868853,-0.327608639084049,-0.809239940387481,-0.436696998539533,-0.905394822017896,-0.248594847775175,-0.592505854800936,-0.639744929800023,-0.420550351288056,73,-0.711500653959505,38,-0.37524242867852,35,-0.966104597308153,17,-0.348772014243019,21,-0.33173239953972,16,-1.18993397083516,19,-0.491431119890039,-1.39076554790036,0.447270259243615,-1.0175644028103,0.249180327868853,-0.604321787804905,-0.313817330210771,7,-0.420047152375168,0,-1.26420487773245,7,0.317999838842881,0.927751234629386,1.11697066808913,1.64597970335676,1.47365339578454,1.03204269086335,1.57704918032787,75,1.10566072119011,45,0.99710788259082,30,0.894287936197839,-0.778079127333636,-0.985097731416563,-0.537080405932866,-0.651639344262295,-0.958392103978058,-0.582903981264636,14,-0.831396307085705,9,-0.668400669424183,5,-0.901428173801088,1,1,1,1,1,1,1,1,1,1,2,2,2,1,1,2,2,2,1,2,2,2,1,1,2,1,4,4,4,2,1,3
"5e24c30506121f736cefccc0",0.778901056064346,0.70491358266419,1.07953329301791,0.348596743041494,0.551990632318502,0.550819672131149,0.783502472027062,0.281669150521609,0.776060043218069,0.794671478201185,0.551405152224826,0.507494145199064,0.860737968877682,0.529449648711946,111,0.895739999130698,54,0.832320582499835,57,0.827489589868288,25,0.770969715695095,29,0.738331695670557,28,0.414175912500636,29,1.17529714216752,-0.129739934460535,1.14129202107296,-0.0175644028103046,0.649180327868852,0.437977305527659,0.352849336455895,13,0.472291823068597,4,-0.0218217182577522,9,0.828473264353822,-0.64928451632818,0.233450781560524,-0.854020296643245,0.473653395784543,-0.555776404660175,-0.322950819672131,56,-0.22641908739548,30,-0.517351682975745,26,0.287437004522865,0.411703140976852,1.2346075590829,0.296252927400469,0.848360655737705,0.750338329720409,0.517096018735363,25,0.73753436964453,14,0.368689032044298,11,1.17355743381651,2,2,2,2,2,2,2,2,2,2,1,1,2,2,2,2,4,4,4,4,4,3,3,3,3,4,2,2,3,3,3,4
"5e25529eab132b7bb83842f1",0.413690582543928,-0.712894128615696,0.984261115501891,1.44414684568956,0.351990632318502,-0.449180327868853,0.672391360915952,0.827123695976158,0.0150256508767718,1.29704287096168,-0.0485948477751764,0.757494145199063,0.640660044009957,0.354449648711945,104,0.599669352508818,42,-0.0733516758839309,62,1.23512463240839,15,-0.628707446727548,27,0.470815671867988,34,1.21623085416854,28,1.00862431596177,0.57678286458203,-0.567108894206785,0.232435597189696,-0.350819672131148,0.054019609281893,-0.0915951079885525,9,-0.122600827227246,5,0.288774071610923,4,-0.44771029942353,-1.52403669449634,-0.168051308805429,-2.35402029664325,-0.526346604215457,-1.39404397216976,-1.62295081967213,43,-1.13784211432247,21,-1.42602742231568,22,-0.319413927152108,0.638509253425815,1.91408979507445,0.462919594067136,1.34836065573771,1.16373638082684,0.817096018735363,28,1.16542455420732,15,0.576106972337995,13,1.86521930302238,2,2,2,2,2,1,2,2,2,2,1,1,1,2,2,1,3,3,4,3,4,2,4,4,3,4,1,1,2,3,3,2
"5e2a0c147554ec075dcd5030",-0.0913400922302184,0.858977930589577,0.00262081917866774,0.630777481797127,-0.0480093676814982,0.65081967213115,0.00572469424928425,0.372578241430702,0.313211893207615,0.342554603662449,0.301405152224825,0.207494145199064,0.31606339774351,0.254449648711948,100,0.430486125867744,49,0.454957141506599,51,0.338327538820168,26,0.910937431937359,23,-0.0642163757371506,29,0.547851736111953,22,0.00858735872722888,-0.776421885903487,-1.25877965938155,-0.267564402810305,-0.750819672131148,-0.948053397990684,-0.536039552432994,5,-0.71749347752309,3,-0.332417508126427,2,-0.958183724934471,0.234493120751622,-0.129772684215861,-0.0206869633099137,-0.026346604215457,0.204583570029348,-0.0229508196721317,59,-0.0160906965661763,35,-0.0125318277868897,24,-0.0159884613146216,-0.736367699792904,0.833755610012768,-0.537080405932866,0.598360655737705,-0.191240527156536,-0.0829039812646372,19,-0.118245999481053,9,-0.668400669424183,10,0.827726499213578,2,2,2,1,1,2,2,1,1,2,2,2,1,1,1,1,3,3,3,2,2,4,3,2,2,4,3,3,2,1,2,1
"5e2d295390840b3279624b90",0.425627961698335,-0.643089106001519,-0.367700403991517,-0.964269721940133,0.251990632318499,-0.449180327868853,-0.216497527972937,-0.627421758569301,-0.0190387141807212,-0.694625759767549,-0.0985948477751743,-0.442505854800936,-0.321207899019935,-0.270550351288058,79,-0.457725813997894,41,-0.148824364082578,38,-0.721523571784093,15,-0.628707446727548,26,0.337057659966703,18,-0.922582323612529,20,-0.324758293684283,-0.219479311854687,-0.742164933466753,-0.267564402810304,-0.550819672131147,-0.478241028248311,-0.424928441321884,6,-0.568770314949129,3,-0.332417508126427,3,-0.702947012179001,-0.658764108814765,0.694228081478656,-1.35402029664325,0.723653395784543,-0.508670173673048,-0.52295081967213,54,-0.366638014615017,27,-0.820243596089057,27,0.439149737441609,-0.681201577113622,-0.397377401949473,-0.537080405932866,-0.401639344262295,-0.669981977643238,-0.482903981264637,15,-0.688766245564775,9,-0.668400669424183,6,-0.555597239198155,1,2,1,2,1,1,1,1,1,1,1,1,2,1,2,1,2,3,2,3,2,2,1,2,2,2,2,2,3,2,3,2
"5e302a1b1d1be6020f98b214",-1.60812550953058,-0.747192636977663,-0.415340850533209,0.153153695832143,-1.1480093676815,-0.449180327868853,-0.105386416861827,0.190760059612518,-1.34198266666345,-0.117960517964414,-0.798594847775177,0.0574941451990604,-0.874175671827122,-0.370550351288057,75,-0.626909040638968,27,-1.20544199886364,48,0.0937465132961074,15,-0.628707446727548,12,-1.53555450665128,27,0.28050008888932,21,-0.158085467478527,-0.819231541329136,-1.00393964225627,-0.767564402810305,-0.750819672131147,-0.974184191215955,-0.758261774655218,3,-1.01493980267101,1,-0.953609087863776,2,-0.958183724934471,-0.583831261727792,-0.455361483723877,-0.354020296643248,-1.27634660421546,-0.592075357667266,-0.722950819672131,52,-0.506856941834553,33,-0.214459769862432,19,-0.774552125908339,0.228239424212843,-0.118747115028064,0.129586260733801,-0.151639344262295,0.086321166118648,0.0170960187353631,20,0.0243840620398779,13,0.161271091750602,7,-0.209766304595221,1,1,1,1,1,1,2,1,2,1,1,1,1,1,1,1,1,1,2,1,2,2,3,2,3,2,2,2,2,1,2,1
"5e3056fa23a9e80286bbb370",-0.0813952872509933,-1.11086740276577,0.157016057115308,-0.947123619449769,-0.048009367681498,-0.749180327868854,0.116835805360395,-0.627421758569298,-0.53597867467962,-0.419558729148153,-0.398594847775176,-0.292505854800937,-0.475456896908739,-0.345550351288056,76,-0.584613233978699,35,-0.601660493274461,41,-0.476942546260033,12,-1.04861059545434,23,-0.0642163757371506,18,-0.922582323612529,23,0.175260184932985,-1.39076554790036,-1.43383569864152,-1.0175644028103,-0.950819672131147,-1.44765591001225,-0.980483996877439,1,-1.31238612781893,0,-1.26420487773245,1,-1.21342043768994,0.720672452223935,0.106215454880421,1.14597970335675,0.223653395784543,0.652771771966187,0.777049180327869,67,0.544785012311968,42,0.694215969477507,25,0.135724271604122,-0.218376912563024,-0.80270653362968,-0.203747072599532,-0.401639344262295,-0.428559874466193,-0.282903981264637,17,-0.403506122522914,11,-0.25356478883679,6,-0.555597239198155,1,1,1,1,2,1,1,1,1,1,2,2,2,1,1,1,2,2,2,2,3,1,1,2,2,2,3,3,3,1,1,1
"5e306dbd001ff8069617732a",0.801335333594712,0.191843894768362,0.89623591819892,0.189202281662856,0.551990632318499,0.150819672131148,0.67239136091595,0.0998509687034282,0.628619556737382,0.599591890731152,0.351405152224826,0.357494145199064,0.629451705957039,0.354449648711943,104,0.599669352508818,50,0.530429829705247,54,0.582908564344228,21,0.211098850726038,29,0.738331695670557,26,0.146824265278003,28,1.00862431596177,-0.294627256726416,0.155008567101496,-0.267564402810304,0.0491803278688527,-0.117177048656765,-0.0915951079885504,9,-0.122600827227246,3,-0.332417508126427,6,0.0627631260874107,0.174970736041779,-0.127292793633584,0.645979703356751,-0.276346604215457,0.151323728129347,0.277049180327869,62,0.194237694263128,39,0.391324056364194,23,-0.167701194233365,1.33190252101124,0.063644082758809,0.962919594067136,0.0983606557377049,0.958134782523773,0.617096018735363,26,0.880164431165461,18,1.19836079321908,8,0.136064630007711,2,2,2,2,2,2,2,2,2,2,2,2,1,2,1,2,3,3,3,4,4,3,3,4,4,3,3,3,2,3,2,3
"5e32bfd1eef5b328e3e95a22",2.27129817021169,1.31963166873628,1.88821583323993,2.33170161965934,1.6519906323185,0.950819672131152,1.2279469164715,1.46348733233979,2.09034504264335,2.24664616549229,1.30140515222482,1.35749414519906,2.32386580901179,1.32944964871195,143,2.24920581225929,69,1.96441090547954,74,2.21344873450463,29,1.33084058066415,40,2.20966982658469,41,2.15196161944775,33,1.84198844699055,2.39231129241911,2.04540021330545,1.9824355971897,1.44918032786885,2.33468929813438,1.68618266978923,25,2.25696977395613,12,2.46294460069165,13,1.8494201153757,1.47800101837346,2.73305472763944,2.47931303669009,3.72365339578454,1.71812052808516,2.97704918032787,89,2.08719321172687,50,1.50192773777967,39,2.25970253246653,1.79215333216311,-0.671530506260798,1.1295862607338,-0.901639344262295,0.915898920057291,0.317096018735363,23,0.452274246602669,19,1.40577873351278,4,-1.24725910840402,2,2,2,2,2,2,2,2,2,1,2,2,2,2,2,2,4,4,4,4,4,4,4,4,4,2,4,4,4,4,4,4
"5e34b2c59202d9491ddab0a1",1.20212857477005,0.762472165648055,-0.465548326551443,0.270743476244214,0.8519906323185,0.450819672131149,-0.32760863908405,0.190760059612518,1.10643653500763,-0.13539249243385,0.651405152224823,-0.0425058548009356,0.572139938595291,0.304449648711942,102,0.515077739188281,56,0.98326595889713,46,-0.0693075037199327,24,0.63100199945283,32,1.13960573137441,27,0.28050008888932,19,-0.491431119890039,0.501634919710301,0.281499908302471,0.232435597189695,0.249180327868853,0.398259794173396,0.241738225344782,12,0.323568660494636,5,0.288774071610923,7,0.317999838842881,0.0588593255482953,-1.49618973581316,-0.0206869633099136,-2.02634660421546,-0.149271388508526,-0.822950819672131,51,-0.576966405444321,35,-0.0125318277868897,16,-1.22969032466457,0.558259430866401,0.464496031828942,0.462919594067135,0.348360655737705,0.543609932112597,0.417096018735363,24,0.5949043081236,15,0.576106972337995,9,0.481895564610644,2,2,1,2,1,2,2,2,2,2,1,1,1,2,2,2,3,4,2,4,2,4,3,3,3,3,2,2,1,3,3,3
"5e351fbb5aa7004e016178f4",2.139838243254,1.68451940956789,0.918007345001037,1.90675282900175,1.5519906323185,1.25081967213115,0.561280249804841,1.09985096870343,2.14757391720286,1.49835982198722,1.40140515222482,0.857494145199063,1.97046102430779,1.12944964871194,135,1.91083935897714,71,2.11535628187684,64,1.39817864942443,32,1.75074372939094,39,2.0759118146834,37,1.61725832500249,27,0.841951489756009,1.26627447145063,1.47093510101284,0.982435597189696,1.04918032786885,1.4194066751444,1.01951600312256,19,1.36463079851236,8,1.22056144121695,11,1.33894668986476,0.298112604711105,2.83073051742213,1.14597970335675,3.97365339578454,0.667623683928809,2.27704918032787,82,1.59642696645849,42,0.694215969477507,40,2.41141526538527,2.18617739965839,2.13702772896778,1.6295862607338,1.09836065573771,2.23558247023847,1.41709601873536,34,2.02120492333291,22,2.02803255439387,12,1.51938836841944,2,2,2,2,2,2,2,2,2,2,2,2,2,2,2,2,4,4,4,4,4,4,4,4,4,4,3,3,4,4,4,4
"5e35e63e2289675a2527225b",0.173210305567939,0.20818165951975,-0.0984127776389331,-0.806392640230151,0.151990632318503,0.0508196721311478,0.0057246942492836,-0.536512667660207,0.199603599845003,-0.472866967887472,0.101405152224825,-0.292505854800938,-0.0934945708846695,-0.0955503512880597,86,-0.161655167376014,45,0.153066388712011,41,-0.476942546260033,20,0.0711311344837735,25,0.203299648065418,19,-0.788906500001213,22,0.00858735872722888,-0.594503371463641,-0.449903241324631,-0.517564402810305,-0.350819672131147,-0.567325029288961,-0.424928441321885,6,-0.568770314949129,2,-0.643013297995102,4,-0.44771029942353,-0.201793243473686,0.16013083622876,-0.854020296643247,-0.276346604215457,-0.175097406487091,-0.622950819672131,53,-0.436747478224785,30,-0.517351682975745,23,-0.167701194233365,0.05321890980022,-0.118747115028073,0.129586260733802,-0.151639344262295,-0.0395205713624394,0.0170960187353632,20,0.0243840620398779,13,0.161271091750602,7,-0.209766304595221,1,2,1,2,1,2,1,1,1,1,1,1,2,1,1,1,2,3,2,3,2,3,2,2,2,2,2,2,3,2,2,2
"5e370958fbc3bf68f59c8998",0.457787908818153,0.666180658358718,0.359626021886608,1.16758168416402,0.3519906323185,0.450819672131148,0.227946916471507,0.736214605067064,0.635647143386612,0.824240466436458,0.401405152224823,0.507494145199064,0.704023250841158,0.454449648711942,108,0.768852579149892,51,0.605902517903894,57,0.827489589868288,24,0.63100199945283,27,0.470815671867988,33,1.08255503055722,24,0.341933011138741,0.529853142613526,0.360551589714059,0.482435597189696,0.249180327868852,0.518663395707366,0.352849336455895,13,0.472291823068597,6,0.599369861479597,7,0.317999838842881,-0.148522674252188,-0.184210068244434,-0.187353629976582,-0.276346604215457,-0.153073058390349,-0.222950819672131,57,-0.156309623785712,34,-0.113495798824661,23,-0.167701194233365,0.803885158431748,0.159883171893341,0.629586260733802,0.0983606557377044,0.613578111752039,0.417096018735363,24,0.5949043081236,16,0.783524912631691,8,0.136064630007711,2,2,2,2,2,2,2,2,2,2,1,1,1,2,2,2,3,3,4,3,3,3,4,3,4,3,2,2,2,3,3,3
"5e3d8d90de328d044e7c6ffb",-1.41490534486718,-0.386238177794699,-1.33951797505779,-1.10138623897817,-1.0480093676815,-0.249180327868854,-0.772053083528494,-0.718330849478391,-1.06751881380953,-1.31689526685955,-0.648594847775177,-0.742505854800937,-1.27685897746948,-0.695550351288056,62,-1.17675452722246,30,-0.979023934267697,32,-1.21068562283221,17,-0.348772014243019,13,-1.40179649475,17,-1.05625814722385,15,-1.15812242471306,-0.594503371463641,-0.975803655558252,-0.517564402810305,-0.750819672131147,-0.81294967261031,-0.647150663544107,4,-0.866216640097051,2,-0.643013297995102,2,-0.958183724934471,0.208654469191248,-1.66446166906343,0.645979703356754,-2.27634660421546,-0.0314682281057691,-0.522950819672132,54,-0.366638014615017,39,0.391324056364194,15,-1.38140305758331,-0.96904316119455,-2.25230029687519,-0.703747072599533,-1.40163934426229,-1.49247091833821,-0.982903981264637,10,-1.40191655316943,8,-0.875818609717879,2,-1.93892097760989,1,1,1,1,1,1,1,1,1,1,1,2,1,1,1,1,1,1,1,1,1,2,1,1,1,1,2,3,1,2,2,2
"5e3fd6c0598f3f215c110c59",-0.290442427877145,0.652440235686265,-0.943270460574273,-1.52019074960191,-0.148009367681496,0.350819672131147,-0.549830861306272,-0.991058122205665,0.0738789083152722,-1.28613449881473,0.101405152224824,-0.792505854800936,-0.545625287500401,-0.345550351288061,76,-0.584613233978699,45,0.153066388712011,31,-1.29221263134023,23,0.491034283210566,22,-0.197974387638435,14,-1.4572856180578,17,-0.824776772301552,-1.39076554790036,-0.545907599173009,-1.0175644028103,-0.550819672131147,-1.06562043826654,-0.758261774655217,3,-1.01493980267101,0,-1.26420487773245,3,-0.702947012179001,-1.11965958900939,-1.87297011480532,-1.85402029664325,-2.02634660421546,-1.2814580029685,-1.92295081967213,40,-1.34817050515177,24,-1.12313550920237,16,-1.22969032466457,0.00842919988593063,0.651364412225897,-0.0370804059328659,0.348360655737705,0.2156244529896,0.117096018735363,21,0.167014123560808,12,-0.046146848543094,9,0.481895564610644,1,2,1,1,1,2,1,2,1,2,1,1,1,1,1,1,2,3,1,2,1,3,1,3,2,3,1,1,1,1,1,2
"5e3fec8950dbf322b311f3d2",1.00935407478939,0.169939683449997,1.44734171403892,2.44377477934799,0.751990632318502,0.150819672131147,0.894613583138174,1.55439642324888,0.75285576213613,2.09742923663204,0.451405152224827,1.25749414519906,1.45526557401291,0.854449648711942,124,1.44558548571419,52,0.681375206102541,72,2.05039471748859,21,0.211098850726038,31,1.00584771947313,42,2.28563744305907,30,1.34196996837328,2.39231129241911,2.33453832512018,1.9824355971897,1.84918032786885,2.49035990475994,1.90840489201145,27,2.55441609910405,12,2.46294460069165,15,2.35989354088664,1.00002458417846,1.95164840937786,0.812646370023418,1.72365339578454,1.20335123906709,1.17704918032787,71,0.82522286675104,40,0.492288027401965,31,1.04600066911658,1.41253430951357,2.10095817547139,1.1295862607338,1.34836065573771,1.74921119197194,1.21709601873536,32,1.73594480029104,19,1.40577873351278,13,1.86521930302238,2,2,2,2,2,2,2,2,2,2,2,2,2,2,2,2,4,4,4,4,4,3,4,4,4,4,4,4,4,4,4,4
"5e409e03bf231d2e7c0f6bd3",-1.18581843892758,-0.973656094409227,-0.239231457368206,-1.19213323429436,-0.848009367681497,-0.649180327868853,-0.105386416861828,-0.718330849478393,-1.20861243946551,-0.75488390816508,-0.748594847775174,-0.442505854800937,-1.02594220620603,-0.595550351288055,66,-1.00757130058138,28,-1.12996931066499,38,-0.721523571784093,13,-0.908642879212076,15,-1.13428047094743,17,-1.05625814722385,21,-0.158085467478527,-1.39076554790036,-1.66747442073302,-1.0175644028103,-1.15081967213115,-1.55549291358239,-1.09159510798855,0,-1.46110929039289,0,-1.26420487773245,0,-1.46865715044541,0.8132744607146,0.279169077896935,0.812646370023421,0.223653395784544,0.793872718227911,0.577049180327869,65,0.404566085092432,40,0.492288027401965,25,0.135724271604122,-0.979801539902481,-0.397377401949482,-0.703747072599532,-0.401639344262295,-0.858916362579433,-0.582903981264637,14,-0.831396307085705,8,-0.875818609717879,6,-0.555597239198155,1,1,1,1,1,1,1,1,1,1,2,2,2,1,1,1,1,1,1,1,2,1,1,1,1,2,4,4,3,1,1,1
"5e41d817cfafb807ef94486a",0.167919531905054,-0.777220909549163,-1.60260208990815,-1.20893700229229,0.1519906323185,-0.549180327868854,-0.994275305750715,-0.718330849478393,-0.153421178604266,-1.52011864386652,-0.198594847775178,-0.842505854800934,-0.794545841438582,-0.520550351288056,69,-0.880683880600579,39,-0.299769740479872,30,-1.37373963984825,14,-0.768675162969812,25,0.203299648065418,17,-1.05625814722385,13,-1.49146807712458,-0.294627256726417,-1.23757836434777,-0.267564402810304,-0.950819672131147,-0.745947399974425,-0.647150663544107,4,-0.866216640097051,3,-0.332417508126427,1,-1.21342043768994,-0.162036879359709,1.36363578277963,-0.187353629976577,1.22365339578454,0.0757388633077588,0.37704918032787,63,0.264347157872896,34,-0.113495798824661,29,0.742575203279096,-0.477372306177978,0.190342927517611,-0.370413739266199,-0.151639344262295,-0.330404815944129,-0.282903981264637,17,-0.403506122522914,10,-0.460982729130486,7,-0.209766304595221,1,1,1,2,1,1,1,1,1,2,2,1,2,1,1,1,1,2,1,3,1,2,1,2,2,3,3,2,4,2,2,1
"5e45608245097f000aa1d16b",0.725567317046734,0.039006459160864,0.719532153645016,1.43826761723254,0.551990632318501,0.050819672131145,0.450169138693729,0.918032786885248,0.533185480094711,1.14868170044531,0.301405152224823,0.707494145199062,0.85904996281725,0.504449648711942,110,0.853444192470429,49,0.454957141506599,61,1.15359762390037,20,0.0711311344837735,29,0.738331695670557,35,1.34990667777985,26,0.675278663550253,1.76266053315012,1.3818654348287,1.2324355971897,1.04918032786885,1.63904039671736,1.13062711423367,20,1.51335396108632,9,1.53115723108562,11,1.33894668986476,0.581122215394866,0.835142277015481,0.81264637002342,0.973653395784543,0.653714545005796,0.877049180327869,68,0.614894475921736,40,0.492288027401965,28,0.590862470360352,0.930470629960705,0.3682569426944,0.796252927400468,0.348360655737706,0.811380115535493,0.617096018735363,26,0.880164431165461,17,0.990942852925387,9,0.481895564610644,2,2,2,2,2,2,2,2,2,2,2,2,2,2,2,2,4,3,4,3,3,3,4,4,4,3,3,3,4,4,4,4
"5e4576781c49060228befc03",-0.194315804802657,-0.30285540073864,0.0379635077274465,-0.348586068003601,-0.148009367681499,-0.149180327868852,0.116835805360395,-0.172876304023845,-0.225561245512864,-0.163490879560463,-0.148594847775173,-0.0425058548009376,-0.197780504800207,-0.095550351288056,86,-0.161655167376014,40,-0.224297052281225,46,-0.0693075037199327,18,-0.208804298000755,22,-0.197974387638435,23,-0.254203205555946,23,0.175260184932985,-0.594503371463641,-1.00393964225627,-0.517564402810305,-0.750819672131147,-0.825758874938794,-0.647150663544107,4,-0.866216640097051,2,-0.643013297995102,2,-0.958183724934471,-0.656314974504022,0.0380992019951281,-0.687353629976579,-0.0263466042154565,-0.593962683856488,-0.422950819672131,55,-0.296528551005248,31,-0.416387711937974,24,-0.0159884613146216,-1.38420202016276,-0.214986204162602,-1.03708040593287,-0.151639344262295,-1.050134778281,-0.682903981264637,13,-0.974026368606636,6,-1.29065449030527,7,-0.209766304595221,1,1,1,1,1,1,1,1,1,1,1,1,2,1,1,1,2,2,2,2,2,2,2,1,1,2,2,2,3,2,2,1
"5e45c6a821fc4a089b895774",0.400148027566222,-0.649435798654825,0.14572518606317,0.247634030189931,0.251990632318499,-0.449180327868853,0.116835805360395,0.190760059612516,-0.0220608331049847,0.207823190705497,-0.098594847775176,0.157494145199064,0.101160677764097,0.0294496487119453,91,0.0498238659253281,41,-0.148824364082578,50,0.256800530312148,15,-0.628707446727548,26,0.337057659966703,27,0.28050008888932,23,0.175260184932985,-0.294627256726417,0.215982533806692,-0.267564402810304,0.0491803278688525,-0.0828941809515953,-0.0915951079885503,9,-0.122600827227246,3,-0.332417508126427,6,0.0627631260874107,0.928980946174129,-0.368484625176341,1.31264637002342,-1.02634660421546,0.793974498578791,0.377049180327868,63,0.264347157872896,43,0.795179940515278,20,-0.622839392989595,0.499835246576092,0.185865744907525,0.462919594067135,0.0983606557377055,0.39048094132391,0.317096018735363,23,0.452274246602669,15,0.576106972337995,8,0.136064630007711,2,2,2,2,2,1,2,2,2,2,2,2,1,2,1,2,3,3,3,3,3,2,3,3,3,3,4,4,2,3,2,3
"5e45dd10f354ca0c7f4225c7",-0.264511555769744,-0.49655199350545,-0.75064972427274,-1.59798277165801,-0.148009367681497,-0.24918032786885,-0.43871975019516,-1.08196721311475,-0.393467106140262,-1.25454129169596,-0.198594847775176,-0.792505854800936,-0.780954370626772,-0.495550351288051,70,-0.83838807394031,39,-0.299769740479872,31,-1.29221263134023,17,-0.348772014243019,22,-0.197974387638435,13,-1.59096144166911,18,-0.658103946095795,-0.86616126329764,-1.09300930844041,-0.517564402810304,-0.750819672131148,-0.956970680749323,-0.647150663544105,4,-0.866216640097051,2,-0.643013297995102,2,-0.958183724934471,-1.60074396572194,-1.63710393134998,-3.02068696330991,-2.27634660421546,-1.68478060889084,-2.72295081967213,32,-1.90904621402991,17,-1.82988330646677,15,-1.38140305758331,-1.03419842528047,-0.620315335842803,-0.870413739266199,-0.151639344262295,-0.895008453570556,-0.582903981264637,14,-0.831396307085705,7,-1.08323655001158,7,-0.209766304595221,1,1,1,1,1,1,1,1,1,1,1,1,1,1,1,1,1,2,1,2,1,2,1,1,1,2,1,1,1,1,1,1
"5e469f9ef0d398000b1f13f2",-1.16054921581995,-1.37670390382988,-0.632429365848394,-0.208707180740308,-0.848009367681498,-0.949180327868854,-0.43871975019516,-0.172876304023844,-1.38413706952821,-0.465143470729811,-0.898594847775175,-0.292505854800937,-1.02117072721146,-0.595550351288056,66,-1.00757130058138,25,-1.35638737526093,41,-0.476942546260033,10,-1.32854602793887,15,-1.13428047094743,23,-0.254203205555946,18,-0.658103946095795,-1.39076554790036,-1.66747442073302,-1.0175644028103,-1.15081967213115,-1.55549291358239,-1.09159510798855,0,-1.46110929039289,0,-1.26420487773245,0,-1.46865715044541,-0.7262948792676,-2.90872513078615,-1.18735362997658,-4.02634660421546,-1.06290438070431,-2.32295081967213,36,-1.62860835959084,28,-0.719279625051286,8,-2.44339218801452,-2.71467122941012,-1.44611921612484,-2.03708040593287,-1.15163934426229,-2.48108485734167,-1.68290398126464,3,-2.40032698381594,0,-2.53516213206745,3,-1.59309004300695,1,1,1,1,1,1,1,1,1,1,1,1,1,1,1,1,1,1,2,1,2,1,2,1,1,1,1,2,1,1,1,1
"5e49b17151537d426b519572",1.88015788720572,1.45171723573568,0.722646595505371,1.52119375711024,1.3519906323185,1.05081967213115,0.56128024980484,1.00894187779434,1.8606708906379,1.22250268749979,1.20140515222483,0.807494145199066,1.6909012023756,1.00444964871195,130,1.6993603256758,67,1.81346552908225,63,1.31665164091641,30,1.47080829690642,37,1.80839579088083,36,1.48358250139117,27,0.841951489756009,1.47809151568502,0.58490462348674,0.982435597189695,0.249180327868853,1.04835201736547,0.575071558678114,15,0.769738148216519,8,1.22056144121695,7,0.317999838842881,-1.12257299485638,0.38752184327384,-2.35402029664325,-0.0263466042154561,-0.977996570909797,-1.42295081967213,45,-0.997623187102929,21,-1.42602742231568,24,-0.0159884613146216,0.93556327715941,1.14845545043056,0.629586260733804,0.598360655737705,1.04383961416909,0.617096018735363,26,0.880164431165461,16,0.783524912631691,10,0.827726499213578,2,2,2,2,2,2,2,2,2,2,1,1,2,2,2,2,4,4,4,4,3,4,4,4,4,4,1,1,3,4,4,3
"5e4a0a67110b3747ea173d60",1.47235798020057,-0.505956457717482,1.39622884279828,0.0221647407025584,1.0519906323185,-0.349180327868854,0.894613583138174,0.00894187779433605,0.713512594441666,0.776428787332284,0.351405152224825,0.407494145199065,0.835614405683932,0.379449648711943,105,0.641965159169087,50,0.530429829705247,55,0.664435572852248,16,-0.488739730485283,34,1.40712175517698,25,0.0131484416666867,30,1.34196996837328,1.17821540094779,0.467698970604588,0.732435597189695,0.249180327868852,0.817892636245112,0.463960447567003,14,0.621014985642558,7,0.909965651348272,7,0.317999838842881,0.326298657807058,0.813901780770959,0.645979703356749,1.22365339578454,0.378423969612067,0.877049180327868,68,0.614894475921736,39,0.391324056364194,29,0.742575203279096,-0.325328633278664,0.77358607437463,-0.370413739266199,0.348360655737706,0.0161333157273024,-0.0829039812646371,19,-0.118245999481053,10,-0.460982729130486,9,0.481895564610644,2,2,2,2,2,1,2,1,1,2,2,2,2,2,2,2,4,3,4,4,4,2,3,2,2,4,3,3,4,4,4,3
"5e4abb57efda1d000da4b483",1.99203084596403,1.81801300936105,2.35334760680499,0.836253420801492,1.4519906323185,1.25081967213115,1.45016913869373,0.463487332339792,2.09302331982801,1.74431336629485,1.35140515222482,0.907494145199065,2.07483873570681,1.12944964871194,135,1.91083935897714,70,2.03988359367819,65,1.47970565793245,32,1.75074372939094,38,1.94215380278212,30,0.681527559723269,35,2.17533409940206,0.966398356713407,0.736408371058351,0.732435597189696,0.649180327868852,0.908988718921229,0.686182669789227,16,0.91846131079048,7,0.909965651348272,9,0.828473264353822,1.13284535535026,-0.0865342784617347,1.31264637002342,-0.0263466042154566,1.01481477376544,0.777049180327868,67,0.544785012311968,43,0.795179940515278,24,-0.0159884613146216,0.829473287286724,1.05221636129602,0.629586260733803,0.598360655737705,0.925483461446253,0.617096018735363,26,0.880164431165461,16,0.783524912631691,10,0.827726499213578,2,2,2,2,2,2,2,2,2,2,2,2,1,2,2,2,4,4,4,4,4,4,4,4,4,4,4,4,2,4,4,3
"5e4bba54757d5e000a965824",0.893033065771676,-1.05591442823703,0.719125825623513,-0.76867880974537,0.651990632318501,-0.749180327868854,0.450169138693728,-0.445603576751122,0.120589718186422,0.00998528399721019,-0.0485948477751757,-0.0425058548009352,0.139916007917304,-0.0455503512880583,88,-0.0770635540554774,42,-0.0733516758839309,46,-0.0693075037199327,12,-1.04861059545434,30,0.872089707571841,20,-0.655230676389896,26,0.675278663550253,0.094988235404959,2.04540021330545,0.232435597189695,1.44918032786885,1.01769957200909,0.908404892011452,18,1.2159076359384,5,0.288774071610923,13,1.8494201153757,-0.569571060496456,0.0680587859318136,-1.18735362997658,0.223653395784543,-0.510922075227998,-0.622950819672131,53,-0.436747478224785,28,-0.719279625051286,25,0.135724271604122,-0.795568585837187,-0.214986204162598,-0.703747072599531,-0.151639344262295,-0.642730651069964,-0.482903981264637,15,-0.688766245564775,8,-0.875818609717879,7,-0.209766304595221,2,2,1,2,2,1,1,1,1,1,1,1,2,2,2,2,3,3,2,4,3,1,2,2,1,2,2,2,3,4,3,4
"5e4d7143c5482e041124617f",0.363415395028983,-1.08641546130064,1.17849617988698,0.118737259782232,0.2519906323185,-0.749180327868852,0.783502472027062,0.099850968703427,-0.259465454385613,0.737734426992324,-0.248594847775175,0.407494145199065,0.253775759193027,0.0794496487119464,93,0.134415479245865,38,-0.37524242867852,55,0.664435572852248,12,-1.04861059545434,26,0.337057659966703,26,0.146824265278003,29,1.17529714216752,0.276906749844806,-0.0504941682919843,-0.0175644028103046,-0.150819672131147,0.0766537341892561,-0.0915951079885525,9,-0.122600827227246,4,-0.0218217182577522,5,-0.19247358666806,-1.28973635765692,-0.368362669535388,-1.68735362997658,-0.526346604215457,-1.2245797268782,-1.22295081967213,47,-0.857404259883393,25,-1.0221715381646,22,-0.319413927152108,0.314740561667861,0.250512463155748,0.296252927400469,0.0983606557377049,0.351299544794426,0.217096018735363,22,0.309644185081739,14,0.368689032044298,8,0.136064630007711,2,1,2,2,2,1,2,2,2,2,1,1,1,2,2,2,3,2,3,3,4,1,3,3,3,3,1,1,2,3,3,3
"5e4d7cc649ce3604356ac4d5",-0.242447883186197,-0.19691109521492,1.0974709208706,0.260793893831034,-0.148009367681499,-0.149180327868852,0.672391360915951,0.190760059612517,-0.224617274541843,0.781635734334949,-0.148594847775173,0.407494145199065,0.247320011204,0.129449648711943,95,0.219007092566402,40,-0.224297052281225,55,0.664435572852248,18,-0.208804298000755,22,-0.197974387638435,27,0.28050008888932,28,1.00862431596177,0.906557509113795,0.709044968033134,0.732435597189696,0.449180327868853,0.83331414421901,0.575071558678116,15,0.769738148216519,7,0.909965651348272,8,0.573236551598352,0.722911173035037,-1.1466451388935,0.645979703356753,-1.52634660421546,0.496961725763766,-0.222950819672132,57,-0.156309623785712,39,0.391324056364194,18,-0.926264858827082,-0.293139352112681,0.378343923176619,-0.370413739266198,0.0983606557377044,-0.12758887828132,-0.182903981264636,18,-0.260876061001983,10,-0.460982729130486,8,0.136064630007711,2,1,2,1,2,2,2,1,1,2,2,2,1,2,2,2,3,2,4,2,4,3,3,2,2,3,3,3,1,4,4,3
"5e4e6e53f4bdd82b601f2e9a",-1.59322820952975,-0.812875137955852,-0.822454822185504,-0.519867049187152,-1.1480093676815,-0.549180327868853,-0.549830861306271,-0.354694485842026,-1.38157642672613,-0.738326831112802,-0.848594847775178,-0.442505854800938,-1.16926142884528,-0.645550351288053,64,-1.09216291390192,26,-1.28091468706229,38,-0.721523571784093,14,-0.768675162969812,12,-1.53555450665128,21,-0.521554852778579,17,-0.824776772301552,-1.39076554790036,-1.00393964225627,-1.0175644028103,-0.750819672131147,-1.26304277530363,-0.869372885766328,2,-1.16366296524497,0,-1.26420487773245,2,-0.958183724934471,-0.743570319666049,-0.433598984799119,-1.35402029664325,-0.776346604215457,-0.730234207483903,-1.12295081967213,48,-0.787294796273625,27,-0.820243596089057,21,-0.471126660070852,-1.36122517864944,-1.48218876962123,-1.03708040593287,-0.901639344262295,-1.47037023646109,-0.982903981264637,10,-1.40191655316943,6,-1.29065449030527,4,-1.24725910840402,1,1,1,1,1,1,1,1,1,1,1,1,1,1,1,1,1,1,2,1,1,2,2,1,1,1,2,2,2,1,1,1
"5e4ef6815341c3340acaab3a",1.89433477676175,1.53256782528591,0.841540750480374,0.660983597865189,1.3519906323185,1.05081967213115,0.450169138693729,0.463487332339792,1.88701860657157,0.81080000690758,1.20140515222482,0.457494145199064,1.51714081328397,0.829449648711944,123,1.40328967905392,67,1.81346552908225,56,0.745962581360268,30,1.47080829690642,37,1.80839579088083,30,0.681527559723269,26,0.675278663550253,1.4627844184129,0.741882948040315,0.982435597189695,0.449180327868852,1.14507340540131,0.686182669789225,16,0.91846131079048,8,1.22056144121695,8,0.573236551598352,0.0951554971624056,0.151933751216831,0.479313036690085,-0.0263466042154568,0.114791710289785,0.277049180327869,62,0.194237694263128,38,0.290360085326423,24,-0.0159884613146216,1.62973324649882,1.41699875686977,1.29625292740047,1.09836065573771,1.6915143802288,1.21709601873536,32,1.73594480029104,20,1.61319667380648,12,1.51938836841944,2,2,2,2,2,2,2,2,2,2,2,2,2,2,2,2,4,4,4,4,4,4,3,4,4,4,3,3,3,4,4,3
"5e514693d6057417200d42e8",0.197041788728295,0.638812869312214,0.205347054082779,0.155693660220201,0.151990632318501,0.450819672131147,0.116835805360395,0.0998509687034281,0.434588949385418,0.202579945788404,0.301405152224825,0.107494145199061,0.349300662862538,0.204449648711943,98,0.345894512547207,49,0.454957141506599,49,0.175273521804127,24,0.63100199945283,25,0.203299648065418,26,0.146824265278003,23,0.175260184932985,-0.0698990868609226,0.336999298025706,-0.0175644028103044,0.449180327868852,0.157234813141136,0.241738225344783,12,0.323568660494636,4,-0.0218217182577522,8,0.573236551598352,-2.06602623311111,-0.683265992752129,-3.68735362997658,-1.02634660421546,-1.97447172483332,-2.62295081967213,33,-1.83893675042015,13,-2.23373919061785,20,-0.622839392989595,0.567866606330114,1.05221636129602,0.462919594067135,0.598360655737705,0.749799182655508,0.517096018735363,25,0.73753436964453,15,0.576106972337995,10,0.827726499213578,2,2,2,2,2,2,2,2,2,2,1,1,1,2,2,2,3,3,3,3,3,3,3,3,3,4,1,1,2,3,3,3
"5e518637f728911b666282e6",-0.515249838075009,-0.637884038387546,0.279932317608153,1.16064485407702,-0.348009367681496,-0.349180327868851,0.227946916471507,0.827123695976154,-0.625453046358498,0.791783709393939,-0.348594847775173,0.557494145199065,-0.005044172317367,0.104449648711946,94,0.176711285906134,36,-0.526187805075814,58,0.909016598376308,16,-0.488739730485283,20,-0.465490411441004,34,1.21623085416854,24,0.341933011138741,0.335023502542571,1.90083115739808,0.482435597189696,1.24918032786885,1.08686257325554,0.908404892011452,18,1.2159076359384,6,0.599369861479597,12,1.59418340262023,0.108913346936506,1.12776959932429,0.479313036690086,1.47365339578454,0.259420708923643,0.877049180327869,68,0.614894475921736,38,0.290360085326423,30,0.894287936197839,-0.250566193729015,0.00347454712066471,-0.203747072599533,-0.151639344262295,-0.21315958950398,-0.182903981264637,18,-0.260876061001983,11,-0.25356478883679,7,-0.209766304595221,1,1,2,1,2,1,2,1,1,1,2,2,2,2,2,2,2,2,4,2,3,2,4,2,2,2,3,3,4,4,3,4
"5e544ea329be9008303f9be8",0.656031262997816,0.00277340458375242,0.506964844421068,0.270743476244203,0.451990632318501,-0.049180327868851,0.450169138693729,0.190760059612518,0.425499483094497,0.407268633836272,0.201405152224825,0.307494145199065,0.448273557092637,0.254449648711943,100,0.430486125867744,47,0.304011765109305,53,0.501381555836208,19,-0.0688365817584908,28,0.604573683769272,27,0.28050008888932,26,0.675278663550253,-0.294627256726417,1.20680939556874,-0.267564402810304,0.849180327868853,0.374072237985935,0.352849336455895,13,0.472291823068597,3,-0.332417508126427,10,1.08370997710929,0.482659962953371,-0.4473998092968,1.31264637002342,-1.27634660421546,0.406442720987138,0.277049180327869,62,0.194237694263128,43,0.795179940515278,19,-0.774552125908339,-0.354944061045941,1.14845545043056,-0.203747072599532,0.598360655737705,0.141937960571797,0.117096018735363,21,0.167014123560808,11,-0.25356478883679,10,0.827726499213578,2,2,2,2,2,2,2,2,1,2,2,2,1,2,1,2,3,3,3,3,3,3,3,3,2,4,3,3,2,3,2,4
"5e5563b031c888000a399da4",-0.347802507884207,0.50391486822817,-0.552428040622318,0.667833918175574,-0.248009367681498,0.350819672131149,-0.43871975019516,0.3725782414307,-0.0112461384600338,0.0268595421854508,0.0514051522248223,0.00749414519906768,-0.0401998731805903,0.0294496487119458,91,0.0498238659253281,44,0.0775937005133635,47,0.0122195047880873,23,0.491034283210566,21,-0.33173239953972,29,0.547851736111953,18,-0.658103946095795,1.13128567897929,1.78127450786135,0.982435597189696,1.24918032786885,1.47700333951043,1.13062711423367,20,1.51335396108632,8,1.22056144121695,12,1.59418340262023,-1.18688721747592,-0.308843548701299,-2.02068696330991,-0.276346604215457,-1.13115958636762,-1.32295081967213,46,-0.927513723493161,23,-1.22409948024014,23,-0.167701194233365,1.0729071273963,0.250512463155754,0.796252927400469,0.0983606557377049,0.838705001641375,0.517096018735363,25,0.73753436964453,17,0.990942852925387,8,0.136064630007711,1,2,2,1,1,2,2,2,2,2,1,1,1,2,2,2,2,3,3,2,2,3,3,4,4,3,1,1,2,4,4,4
"5e55730ff1ecb4575a4222a9",0.318157546444561,2.19951730444993,0.408308228478548,0.720707995562518,0.2519906323185,1.55081967213115,0.227946916471507,0.463487332339792,1.20965491879159,0.624563194507646,0.901405152224821,0.357494145199061,0.936254721498257,0.629449648711943,115,1.06492322577177,61,1.36062939989037,54,0.582908564344228,35,2.17064687811774,26,0.337057659966703,30,0.681527559723269,24,0.341933011138741,0.801511034447525,0.711395964687715,0.482435597189696,0.449180327868853,0.770521407416519,0.463960447567004,14,0.621014985642558,6,0.599369861479597,8,0.573236551598352,0.468189373358635,-0.0163381820334405,0.979313036690084,-0.276346604215456,0.438374032687818,0.477049180327869,64,0.334456621482664,41,0.593251998439736,23,-0.167701194233365,0.445438361198088,1.33084664821744,0.296252927400468,0.848360655737705,0.753466978312277,0.517096018735363,25,0.73753436964453,14,0.368689032044298,11,1.17355743381651,2,2,2,2,2,2,2,2,2,2,2,2,1,2,2,2,4,4,3,3,3,4,3,3,3,4,3,3,2,3,4,3
"5e55d68e53ecf15d91da06e1",-1.33055591695254,-0.726622048506795,-0.3551178674189,-0.306912323091976,-0.948009367681497,-0.549180327868854,-0.216497527972937,-0.172876304023845,-1.19513468146083,-0.356759791837787,-0.748594847775176,-0.192505854800937,-0.891966720164786,-0.470550351288058,71,-0.796092267280042,28,-1.12996931066499,43,-0.313888529243993,14,-0.768675162969812,14,-1.26803848284871,23,-0.254203205555946,20,-0.324758293684283,-0.294627256726416,-0.508526211375251,-0.267564402810304,-0.350819672131147,-0.409627186935519,-0.313817330210773,7,-0.420047152375168,3,-0.332417508126427,4,-0.44771029942353,-0.343883168496194,-1.32831784960217,-0.687353629976582,-2.02634660421546,-0.492406166205028,-1.22295081967213,47,-0.857404259883393,31,-0.416387711937974,16,-1.22969032466457,-0.610558930017918,-1.20355848269982,-0.537080405932865,-0.651639344262295,-0.817271553346611,-0.582903981264637,14,-0.831396307085705,9,-0.668400669424183,5,-0.901428173801088,1,1,1,1,1,1,1,1,1,1,1,1,1,1,2,1,1,1,2,1,2,2,2,1,2,1,2,2,1,2,3,2
"5e58333d4b439f04b1069026",-0.506415594054179,-1.37670390382988,-0.346725403973761,-0.848828227544603,-0.348009367681497,-0.949180327868854,-0.216497527972938,-0.536512667660209,-0.965869863130048,-0.644278540957093,-0.648594847775175,-0.392505854800937,-0.813207475678229,-0.520550351288057,69,-0.880683880600579,30,-0.979023934267697,39,-0.639996563276073,10,-1.32854602793887,20,-0.465490411441004,19,-0.788906500001213,20,-0.324758293684283,-1.39076554790036,-1.00393964225627,-1.0175644028103,-0.750819672131147,-1.26304277530363,-0.869372885766328,2,-1.16366296524497,0,-1.26420487773245,2,-0.958183724934471,-1.79202076448522,-2.07092354059395,-3.02068696330991,-2.77634660421546,-1.9236974510239,-2.92295081967213,30,-2.04926514124945,17,-1.82988330646677,13,-1.6848285234208,-1.41304821062875,-1.48218876962123,-1.03708040593287,-0.901639344262295,-1.52240766174421,-0.982903981264637,10,-1.40191655316943,6,-1.29065449030527,4,-1.24725910840402,1,1,1,1,1,1,1,1,1,1,1,1,1,1,1,1,1,1,2,2,2,1,1,1,1,1,1,1,1,1,1,1
"5e593a85f02790000cd60d73",-1.29675253104904,-1.04613691542217,-1.50852287083871,-1.63406333703703,-0.948009367681499,-0.749180327868854,-0.883164194639604,-1.08196721311476,-1.29815859648976,-1.69396081068429,-0.848594847775175,-0.992505854800938,-1.57803238395686,-0.920550351288058,53,-1.55741678716487,26,-1.28091468706229,27,-1.61832066537231,12,-1.04861059545434,14,-1.26803848284871,13,-1.59096144166911,14,-1.32479525091882,-1.39076554790036,-1.66747442073302,-1.0175644028103,-1.15081967213115,-1.55549291358239,-1.09159510798855,0,-1.46110929039289,0,-1.26420487773245,0,-1.46865715044541,0.0159969924308215,-1.14404329267026,-0.520686963309915,-1.27634660421546,-0.137109295326126,-0.822950819672132,51,-0.576966405444321,32,-0.315423740900203,19,-0.774552125908339,-0.724543972798569,-2.25230029687519,-0.537080405932864,-1.40163934426229,-1.29011223753555,-0.882903981264637,11,-1.2592864916485,9,-0.668400669424183,2,-1.93892097760989,1,1,1,1,1,1,1,1,1,1,1,1,1,1,1,1,1,1,1,1,1,1,1,1,2,1,2,2,1,1,1,1
"5e5a4840b07a782433c97bd5",-0.606424434278307,-1.24632292093311,-0.678924329157979,-0.21534484383043,-0.448009367681499,-0.849180327868854,-0.438719750195159,-0.172876304023845,-0.928306272992821,-0.476294115565137,-0.648594847775176,-0.292505854800937,-0.772971979082439,-0.470550351288057,71,-0.796092267280042,30,-0.979023934267697,41,-0.476942546260033,11,-1.1885783116966,19,-0.599248423342289,23,-0.254203205555946,18,-0.658103946095795,-0.294627256726416,-1.00393964225627,-0.267564402810304,-0.750819672131147,-0.638110396404284,-0.536039552432996,5,-0.71749347752309,3,-0.332417508126427,2,-0.958183724934471,-0.48449971217114,-0.571911334112709,-0.854020296643249,-0.776346604215457,-0.513190285737557,-0.82295081967213,51,-0.576966405444321,30,-0.517351682975745,21,-0.471126660070852,-0.76260260291723,-0.802706533629689,-0.537080405932865,-0.401639344262295,-0.802121975133084,-0.482903981264637,15,-0.688766245564775,9,-0.668400669424183,6,-0.555597239198155,1,1,1,1,1,1,1,1,1,1,1,1,1,1,1,1,1,1,2,2,2,1,2,1,2,2,2,2,2,2,2,1
"5e5a690a2bd7a624fc5c5b23",0.09843193570422,0.608062531692874,-0.361903220510787,-1.34295832726449,0.0519906323185006,0.450819672131148,-0.216497527972939,-0.900149031296573,0.306735849105334,-0.87215378552348,0.251405152224826,-0.592505854800937,-0.218008263606279,-0.170550351288057,83,-0.28854258735682,48,0.379484453307952,35,-0.966104597308153,24,0.63100199945283,24,0.0695416361641339,15,-1.32360979444648,20,-0.324758293684283,-0.594503371463641,-0.478039228022651,-0.517564402810305,-0.350819672131147,-0.580134231617444,-0.424928441321884,6,-0.568770314949129,2,-0.643013297995102,4,-0.44771029942353,0.995848210483556,0.479993940610062,1.81264637002342,-0.276346604215458,0.967346010653544,0.977049180327869,69,0.685003939531504,46,1.09807185362859,23,-0.167701194233365,-0.545403665931993,0.747603501360425,-0.370413739266199,0.348360655737705,-0.164587834230458,-0.0829039812646369,19,-0.118245999481053,10,-0.460982729130486,9,0.481895564610644,1,2,1,2,1,2,1,1,1,2,2,2,2,1,1,1,2,3,1,3,2,3,1,2,2,3,4,4,3,2,2,2
"5e5c3bd720268d42176ecfc7",0.910923647143805,0.175704135084587,0.237959991414117,-0.24433830049016,0.6519906323185,0.150819672131146,0.116835805360396,-0.0819672131147555,0.671123779345495,0.000712859070392508,0.401405152224824,0.00749414519906551,0.407127940907343,0.204449648711943,98,0.345894512547207,51,0.605902517903894,47,0.0122195047880873,21,0.211098850726038,30,0.872089707571841,24,-0.12052738194463,23,0.175260184932985,0.00524885801080799,-1.00393964225627,-0.0175644028103041,-0.750819672131147,-0.450461917869774,-0.424928441321884,6,-0.568770314949129,4,-0.0218217182577522,2,-0.958183724934471,-1.46149689601542,-1.34707845526441,-2.35402029664325,-2.02634660421546,-1.52061363533073,-2.22295081967213,37,-1.55849889598107,21,-1.42602742231568,16,-1.22969032466457,-0.893300402447458,-0.712077242367288,-0.537080405932864,-0.401639344262294,-0.793477047893401,-0.482903981264638,15,-0.688766245564775,9,-0.668400669424183,6,-0.555597239198155,2,2,1,2,2,2,1,1,1,1,1,1,1,1,2,1,3,3,2,4,3,3,2,1,1,2,1,1,1,2,3,1
"5e5d6fcb0bc7e304922936dd",-1.55816880207267,-0.824378886829631,-1.13035158049923,-0.714297837799009,-1.1480093676815,-0.549180327868854,-0.660941972417383,-0.445603576751117,-1.38531970945376,-0.995462279818922,-0.848594847775176,-0.542505854800935,-1.28389669521785,-0.695550351288054,62,-1.17675452722246,26,-1.28091468706229,36,-0.884577588800133,14,-0.768675162969812,12,-1.53555450665128,20,-0.655230676389896,16,-0.991449598507308,-0.941309208169368,-1.20019697655002,-0.517564402810305,-0.750819672131147,-1.04296827388778,-0.647150663544105,4,-0.866216640097051,2,-0.643013297995102,2,-0.958183724934471,-0.807178499051856,-0.563314202061508,-0.854020296643247,-0.776346604215458,-0.845615407225138,-0.82295081967213,51,-0.576966405444321,30,-0.517351682975745,21,-0.471126660070852,-1.57516605402368,-1.19908130008975,-1.20374707259953,-0.901639344262295,-1.51721150325561,-1.08290398126464,9,-1.54454661469036,5,-1.49807243059897,4,-1.24725910840402,1,1,1,1,1,1,1,1,1,1,1,1,1,1,1,1,1,1,1,1,1,2,2,1,1,1,1,1,2,1,1,1
"5e5ddb1b965c850f8e8c5ed5",-1.29454349568482,-0.206964339654589,-1.90624367963548,-0.843266154184244,-0.948009367681498,-0.149180327868853,-1.10538641686183,-0.536512667660208,-0.932133367621259,-1.49020131159978,-0.548594847775177,-0.792505854800939,-1.27714117809988,-0.670550351288057,63,-1.13445872056219,32,-0.828078557870403,31,-1.29221263134023,18,-0.208804298000755,14,-1.26803848284871,19,-0.788906500001213,12,-1.65814090333033,-1.16603737803486,-0.709326953459576,-0.767564402810305,-0.550819672131147,-0.972497587751162,-0.647150663544105,4,-0.866216640097051,1,-0.953609087863776,3,-0.702947012179001,0.247594261514174,1.54831038675081,0.812646370023421,2.22365339578454,0.453196061662442,1.37704918032787,73,0.965441793970576,40,0.492288027401965,33,1.34942613495407,-0.254218991151067,-1.97367000995378,-0.203747072599531,-1.1516393442623,-0.900353097446796,-0.582903981264636,14,-0.831396307085705,11,-0.25356478883679,3,-1.59309004300695,1,1,1,1,1,1,1,1,1,1,2,2,2,1,1,1,1,1,1,1,1,2,1,1,2,1,3,3,4,1,1,2
"5e61c4a4ddf34e0bfee95b37",0.1854966147679,-1.37670390382988,-0.0866786612884709,-0.161926741138481,0.151990632318501,-0.949180327868854,-0.105386416861826,-0.0819672131147552,-0.468747811070265,-0.114219477855919,-0.398594847775175,-0.0925058548009381,-0.275633817353838,-0.245550351288056,80,-0.415430007337625,35,-0.601660493274461,45,-0.150834512227953,10,-1.32854602793887,25,0.203299648065418,24,-0.12052738194463,21,-0.158085467478527,-1.09088943316313,-0.975803655558255,-0.767564402810304,-0.750819672131147,-1.06258509444064,-0.758261774655217,3,-1.01493980267101,1,-0.953609087863776,2,-0.958183724934471,0.437397704066143,-0.0865342784617376,1.14597970335675,-0.0263466042154566,0.393760059108764,0.677049180327869,66,0.4746755487022,42,0.694215969477507,24,-0.0159884613146216,-0.898400514098859,-0.985097731416558,-0.703747072599532,-0.651639344262295,-0.993485855366625,-0.682903981264637,13,-0.974026368606636,8,-0.875818609717879,5,-0.901428173801088,1,1,1,2,1,1,1,1,1,1,2,2,1,1,1,1,2,2,2,3,2,1,2,1,1,1,3,3,2,1,1,1
"5e6390db8a25da10a0ca6eca",-1.16054921581995,-1.37670390382988,-1.49427595233908,-1.22960265480559,-0.848009367681498,-0.949180327868854,-0.883164194639605,-0.809239940387482,-1.38413706952821,-1.46923486293552,-0.898594847775175,-0.842505854800936,-1.47342687398587,-0.870550351288055,55,-1.47282517384434,25,-1.35638737526093,30,-1.37373963984825,10,-1.32854602793887,15,-1.13428047094743,16,-1.18993397083516,14,-1.32479525091882,-1.39076554790036,-0.770300920164772,-1.0175644028103,-0.550819672131147,-1.15520577173349,-0.758261774655216,3,-1.01493980267101,0,-1.26420487773245,3,-0.702947012179001,0.439032265236118,-1.48291091399572,0.979313036690085,-2.27634660421546,0.218307104469853,-0.322950819672131,56,-0.22641908739548,41,0.593251998439736,15,-1.38140305758331,-0.633535771531239,-0.79822935101961,-0.537080405932865,-0.651639344262295,-0.740678029636763,-0.582903981264637,14,-0.831396307085705,9,-0.668400669424183,5,-0.901428173801088,1,1,1,1,1,1,1,1,1,1,2,2,1,1,1,1,1,1,1,1,1,1,1,2,2,2,3,3,1,1,1,2
"5e647d0ce35c88208fdbbb06",-1.35206380298116,-1.07481065291986,-1.71345841198269,-0.981905210587538,-0.948009367681497,-0.749180327868854,-1.10538641686183,-0.718330849478389,-1.33803874846167,-1.45192456973948,-0.848594847775175,-0.892505854800937,-1.45170457111789,-0.870550351288057,55,-1.47282517384434,26,-1.28091468706229,29,-1.45526664835627,12,-1.04861059545434,14,-1.26803848284871,17,-1.05625814722385,12,-1.65814090333033,-0.519355426591911,-1.00393964225627,-0.517564402810304,-0.750819672131147,-0.786535712681445,-0.647150663544107,4,-0.866216640097051,2,-0.643013297995102,2,-0.958183724934471,1.08504123366562,2.10688543209259,1.97931303669009,3.22365339578454,1.28224303904747,2.47704918032787,84,1.73664589367802,47,1.19903582466636,37,1.95627706662904,-0.134364599417746,-0.397377401949469,-0.203747072599532,-0.401639344262295,-0.289290029940576,-0.282903981264637,17,-0.403506122522914,11,-0.25356478883679,6,-0.555597239198155,1,1,1,1,1,1,1,1,1,1,2,2,2,1,1,1,1,1,1,1,1,1,1,2,2,2,4,4,4,2,2,1
"5e65051f13d10e277db1d3a5",-1.1551622989237,-0.647389562106581,-0.186473739121054,0.331200271565409,-0.848009367681498,-0.449180327868852,-0.105386416861826,0.28166915052161,-1.02609867138036,0.0743970139439697,-0.648594847775176,0.107494145199059,-0.583760769839162,-0.270550351288056,79,-0.457725813997894,30,-0.979023934267697,49,0.175273521804127,15,-0.628707446727548,15,-1.13428047094743,28,0.414175912500636,21,-0.158085467478527,-0.294627256726418,-0.0457921749828288,-0.267564402810304,-0.150819672131147,-0.20354038685022,-0.202706219099661,8,-0.271323989801207,3,-0.332417508126427,5,-0.19247358666806,-1.04932394261661,-1.71849900605272,-2.18735362997658,-2.27634660421546,-1.1960465544401,-2.22295081967213,37,-1.55849889598107,22,-1.32506345127791,15,-1.38140305758331,1.33190252101124,0.464496031828946,0.962919594067136,0.348360655737705,1.09067175712798,0.717096018735363,27,1.02279449268639,18,1.19836079321908,9,0.481895564610644,1,1,2,1,1,1,2,2,2,2,1,1,1,1,1,2,2,1,3,1,2,2,3,4,4,3,1,1,1,2,2,3
"5e675ade2111194cb6a24c2e",1.46286601563013,0.472904459936929,1.61807278154394,0.838739959474633,1.0519906323185,0.350819672131148,1.1168358053604,0.554396423248883,1.16136918379225,1.36385047589548,0.701405152224824,0.807494145199063,1.33424610751932,0.754449648711943,120,1.27640225907311,57,1.05873864709578,63,1.31665164091641,23,0.491034283210566,34,1.40712175517698,31,0.815203383334586,32,1.67531562078479,0.5016349197103,1.28586107698033,0.232435597189695,0.849180327868852,0.845321366903402,0.575071558678116,15,0.769738148216519,5,0.288774071610923,10,1.08370997710929,0.646715307827661,0.737588442873737,1.14597970335675,1.22365339578454,0.688485088221042,1.17704918032787,71,0.82522286675104,42,0.694215969477507,29,0.742575203279096,1.09172674251269,0.524665567467092,0.796252927400469,0.598360655737705,1.0189431490528,0.717096018735363,27,1.02279449268639,17,0.990942852925387,10,0.827726499213578,2,2,2,2,2,2,2,2,2,2,2,2,2,2,2,2,4,4,4,4,4,3,4,4,4,3,3,3,3,4,3,4
"5e678c881c7b3b02c0f506fb",-0.485232038668337,-0.700668457952886,-0.853771968958062,-1.26603183801762,-0.348009367681499,-0.449180327868853,-0.54983086130627,-0.809239940387481,-0.60205687241538,-1.15016394381075,-0.398594847775176,-0.692505854800937,-0.891655133176964,-0.545550351288056,68,-0.922979687260847,35,-0.601660493274461,33,-1.12915861432419,15,-0.628707446727548,20,-0.465490411441004,16,-1.18993397083516,17,-0.824776772301552,-1.16603737803486,-0.480390224677231,-0.767564402810305,-0.350819672131147,-0.873325047229224,-0.536039552432994,5,-0.71749347752309,1,-0.953609087863776,4,-0.44771029942353,-0.582056837589169,-0.352081954455429,-0.687353629976579,-0.276346604215457,-0.58048709145317,-0.522950819672131,54,-0.366638014615017,31,-0.416387711937974,23,-0.167701194233365,-0.568380507445298,-1.20355848269983,-0.370413739266198,-0.651639344262295,-0.801271038581098,-0.482903981264637,15,-0.688766245564775,10,-0.460982729130486,5,-0.901428173801088,1,1,1,1,1,1,1,1,1,1,1,1,1,1,1,1,1,2,1,2,1,2,1,1,2,1,2,2,2,2,1,2
"5e67a25bff87e0047c6c436b",1.95627418980926,0.157064948292993,1.50765773290613,1.69933468678783,1.4519906323185,0.0508196721311466,0.894613583138173,1.19076005961252,1.36615594159547,1.72816494466023,0.751405152224822,1.05749414519906,1.6627297512971,0.904449648711943,126,1.53017709903472,58,1.13421133529442,68,1.72428668345651,20,0.0711311344837735,38,1.94215380278212,38,1.7509341486138,30,1.34196996837328,1.65588996358201,0.412239868100433,1.4824355971897,0.0491803278688525,1.17043840850165,0.686182669789227,16,0.91846131079048,10,1.8417530209543,6,0.0627631260874107,-1.74222973110332,-1.42339179316163,-3.18735362997658,-2.02634660421546,-1.77695324740898,-2.72295081967213,32,-1.90904621402991,16,-1.93084727750454,16,-1.22969032466457,0.95670553308503,2.10095817547139,0.796252927400468,1.34836065573771,1.440139002025,1.01709601873536,30,1.45068467724918,17,0.990942852925387,13,1.86521930302238,2,2,2,2,2,2,2,2,2,2,1,1,1,2,2,2,4,4,4,4,4,3,4,4,4,4,1,1,1,4,4,3
"5e67b6874b800e053bb8caf8",-0.396433215651936,-0.2790218702608,0.0904314312869325,0.559481009563445,-0.248009367681498,-0.149180327868853,0.116835805360396,0.463487332339791,-0.371865039908729,0.369716908504981,-0.198594847775174,0.307494145199061,-0.0403986350398545,0.054449648711943,92,0.0921196725855966,39,-0.299769740479872,53,0.501381555836208,18,-0.208804298000755,21,-0.33173239953972,30,0.681527559723269,23,0.175260184932985,1.49100264131613,0.400283974166395,1.2324355971897,0.449180327868852,1.09911554232985,0.797293780900339,17,1.06718447336444,9,1.53115723108562,8,0.573236551598352,-1.5127591864134,0.499398504593494,-2.18735362997658,0.973653395784543,-1.31553910026756,-0.92295081967213,50,-0.647075869054089,22,-1.32506345127791,28,0.590862470360352,1.36774459959929,0.646887229615825,0.962919594067135,0.598360655737705,1.24826638002759,0.817096018735363,28,1.16542455420732,18,1.19836079321908,10,0.827726499213578,1,1,2,1,2,1,2,2,2,2,1,1,2,2,2,2,2,2,3,2,3,2,3,4,4,3,1,1,3,4,4,3
"5e67be06787413064d677ef9",-0.621938209891017,-1.13239000487123,-1.17096885437442,-1.30583190695162,-0.448009367681498,-0.749180327868854,-0.772053083528494,-0.809239940387483,-0.917005541824249,-1.34682449615112,-0.598594847775177,-0.792505854800937,-1.10687058336557,-0.695550351288055,62,-1.17675452722246,31,-0.90355124606905,31,-1.29221263134023,12,-1.04861059545434,19,-0.599248423342289,16,-1.18993397083516,15,-1.15812242471306,-1.39076554790036,-0.973452658903675,-1.0175644028103,-0.750819672131147,-1.24590134145105,-0.869372885766328,2,-1.16366296524497,0,-1.26420487773245,2,-0.958183724934471,0.728165158149491,2.17460163793861,1.14597970335675,3.22365339578454,0.946186001230568,1.97704918032787,79,1.38609857562918,42,0.694215969477507,37,1.95627706662904,-0.642785645126876,0.282104834042065,-0.370413739266199,0.098360655737705,-0.366352380042173,-0.182903981264637,18,-0.260876061001983,10,-0.460982729130486,8,0.136064630007711,1,1,1,1,1,1,1,1,1,2,2,2,2,1,1,1,1,1,1,2,1,1,1,2,2,3,4,3,4,1,1,2
"5e6a3f5c10df710aea15bea3",0.0608830028971127,-0.677468725730735,0.726066520474767,0.449943893388711,0.0519906323185021,-0.449180327868854,0.339058027582616,0.190760059612521,-0.273194087578593,0.609217374036716,-0.198594847775175,0.257494145199068,0.139183109105898,0.0294496487119441,91,0.0498238659253281,39,-0.299769740479872,52,0.419854547328188,15,-0.628707446727548,24,0.0695416361641339,27,0.28050008888932,25,0.508605837344497,0.484603727536336,0.652813281856177,0.732435597189695,0.449180327868852,0.645129679270469,0.575071558678117,15,0.769738148216519,7,0.909965651348272,8,0.573236551598352,0.768120807143122,-0.0616564313305711,1.31264637002342,0.223653395784542,0.672541582333018,0.877049180327868,68,0.614894475921736,43,0.795179940515278,25,0.135724271604122,-0.089574889503442,-1.69503972303238,-0.037080405932864,-0.901639344262296,-0.647528694507582,-0.382903981264636,16,-0.546136184043844,12,-0.046146848543094,4,-1.24725910840402,2,1,2,2,2,1,2,1,1,1,2,2,1,2,2,2,3,2,3,3,3,2,3,2,2,1,3,4,2,3,3,3
"5e6bc85f8808e617fa74464d",0.0709239958606531,-0.778623284241366,-0.684490961386368,-1.11441938134354,0.0519906323185009,-0.549180327868855,-0.43871975019516,-0.718330849478391,-0.262343689094047,-0.963355328143544,-0.248594847775177,-0.592505854800937,-0.620181555207452,-0.420550351288059,73,-0.711500653959505,38,-0.37524242867852,35,-0.966104597308153,14,-0.768675162969812,24,0.0695416361641339,17,-1.05625814722385,18,-0.658103946095795,-0.294627256726416,-1.66747442073302,-0.267564402810304,-1.15081967213115,-0.930560534683038,-0.758261774655218,3,-1.01493980267101,3,-0.332417508126427,0,-1.46865715044541,1.38941210456004,1.63230730767679,1.97931303669009,2.47365339578454,1.49011811037582,2.17704918032787,81,1.52631750284872,47,1.19903582466636,34,1.50113886787281,-1.36538240504638,-1.56834087827357,-1.03708040593286,-1.1516393442623,-1.5393030612971,-1.08290398126464,9,-1.54454661469036,6,-1.29065449030527,3,-1.59309004300695,1,1,1,2,1,1,1,1,1,1,2,2,2,1,2,1,2,2,1,3,2,2,1,1,1,1,4,4,4,1,3,1
"5e6c965de6c65a24727e1d08",-0.33425987897144,1.15933335609241,0.0651713505272172,0.733899255392754,-0.248009367681499,0.85081967213115,0.00572469424928503,0.463487332339793,0.319080961407705,0.386131709737818,0.301405152224824,0.257494145199061,0.329997556559193,0.279449648711945,101,0.472781932528013,49,0.454957141506599,52,0.419854547328188,28,1.19087286442189,21,-0.33173239953972,30,0.681527559723269,22,0.00858735872722888,0.966398356713407,1.49594750738347,0.732435597189696,1.24918032786885,1.26245036581272,1.01951600312256,19,1.36463079851236,7,0.909965651348272,12,1.59418340262023,-0.635931541315554,-0.826660078871238,-1.02068696330991,-1.02634660421546,-0.700050284245413,-1.02295081967213,49,-0.717185332663857,29,-0.618315654013515,20,-0.622839392989595,0.278898483079821,-0.802706533629696,0.29625292740047,-0.401639344262295,-0.0549587929675006,0.0170960187353633,20,0.0243840620398779,14,0.368689032044298,6,-0.555597239198155,2,2,2,1,2,2,2,1,2,1,1,1,1,2,2,2,3,3,3,2,3,4,3,2,3,1,2,2,1,4,4,4
"5e6ea99b1c41e546a2943572",1.76692521598715,-0.28135051616643,1.86221074524603,2.52326457427847,1.2519906323185,-0.249180327868851,1.22794691647151,1.64530551415797,1.02398109016584,2.35320438288205,0.501405152224824,1.45749414519906,1.74404874006681,0.979449648711945,129,1.65706451901553,53,0.756847894301188,76,2.37650275152067,17,-0.348772014243019,36,1.67463777897955,43,2.41931326667038,33,1.84198844699055,2.39231129241911,1.78362550451593,1.9824355971897,1.24918032786885,2.21404309223576,1.57507155867812,24,2.10824661138217,12,2.46294460069165,12,1.59418340262023,-0.0428194747264866,-0.111412125592904,0.31264637002342,-0.276346604215455,-0.042657508738611,0.0770491803278691,60,0.0540187670435917,37,0.189396114288652,23,-0.167701194233365,1.81020370997822,2.50181012454154,1.29625292740047,1.59836065573771,2.18376327869753,1.41709601873536,34,2.02120492333291,20,1.61319667380648,14,2.21105023762531,2,2,2,2,2,1,2,2,2,2,1,1,1,2,2,2,4,4,4,4,4,2,4,4,4,4,2,2,2,4,4,4
"5e7009ecffc1a95d7536b596",0.336055675490006,0.0441474396996994,0.62694829184633,2.25352647883886,0.251990632318502,-0.049180327868852,0.450169138693729,1.46348733233979,0.195036291878034,1.48432993013772,0.101405152224823,1.00749414519906,0.819614649467828,0.554449648711949,112,0.938035805790966,45,0.153066388712011,67,1.64275967494849,19,-0.0688365817584908,26,0.337057659966703,41,2.15196161944775,26,0.675278663550253,0.724638994673949,0.8536140239405,0.982435597189696,0.649180327868852,0.878491322023149,0.79729378090034,17,1.06718447336444,8,1.22056144121695,9,0.828473264353822,-0.268647204559156,-0.528672928358582,-0.0206869633099159,-0.776346604215456,-0.293044652119302,-0.322950819672131,56,-0.22641908739548,35,-0.0125318277868897,21,-0.471126660070852,-0.0307559694020894,1.51323784600431,-0.0370804059328654,1.09836065573771,0.53968405498724,0.417096018735363,24,0.5949043081236,12,-0.046146848543094,12,1.51938836841944,2,2,2,2,2,2,2,2,1,2,1,1,1,2,2,2,4,3,4,3,3,3,4,3,2,4,2,2,2,4,3,4
"5e71556788152e079f80b73b",1.99203084596403,0.595615035560691,2.17128875097101,2.1622223768003,1.4519906323185,0.450819672131149,1.33905802758262,1.3725782414307,1.57877077496562,2.34299140077043,0.951405152224824,1.35749414519906,2.06915820311559,1.15444964871194,136,1.95313516563741,62,1.43610208808901,74,2.21344873450463,24,0.63100199945283,38,1.94215380278212,40,2.01828579583644,34,2.0086612731963,1.04154630158514,1.25772509028231,0.732435597189696,0.849180327868852,1.16715894766865,0.797293780900339,17,1.06718447336444,7,0.909965651348272,10,1.08370997710929,0.876327789545233,-0.669587123895408,1.64597970335675,-1.02634660421546,0.728094031701771,0.577049180327869,65,0.404566085092432,45,0.99710788259082,20,-0.622839392989595,1.19610460982961,1.14845545043057,0.796252927400468,0.598360655737705,1.19546070156072,0.717096018735363,27,1.02279449268639,17,0.990942852925387,10,0.827726499213578,2,2,2,2,2,2,2,2,2,2,2,2,1,2,2,2,4,4,4,4,4,3,4,4,4,4,3,4,2,4,4,4
"5e721db1b05a37000a1a0c8f",-1.34245399218304,1.82309759611823,-0.245320687750917,-0.519867049187159,-0.948009367681499,1.25081967213115,-0.105386416861828,-0.354694485842026,-0.0591376979355246,-0.414689215320161,0.151405152224822,-0.242505854800936,-0.294601930052519,-0.0455503512880554,88,-0.0770635540554774,46,0.228539076910658,42,-0.395415537752013,32,1.75074372939094,14,-1.26803848284871,21,-0.521554852778579,21,-0.158085467478527,0.17013618027669,0.447270259243613,0.232435597189696,0.249180327868853,0.316034211930831,0.241738225344784,12,0.323568660494636,5,0.288774071610923,7,0.317999838842881,1.07469239433636,0.629113721855878,1.47931303669009,0.973653395784544,1.06945785538615,1.27704918032787,72,0.895332330360808,44,0.896143911553049,28,0.590862470360352,1.0595374613467,0.464496031828943,0.796252927400469,0.348360655737705,0.938190609348732,0.617096018735363,26,0.880164431165461,17,0.990942852925387,9,0.481895564610644,1,1,1,1,1,2,1,2,2,2,2,2,2,2,2,2,2,2,2,1,2,4,2,4,4,3,4,4,3,3,3,3
"5e7229a1b23f4d1479325a77",0.372601334975437,0.648012001452732,0.326020952896244,0.00113854562198386,0.2519906323185,0.350819672131148,0.227946916471505,0.0998509687034247,0.506207051027846,0.20663840027375,0.301405152224824,0.157494145199065,0.382495227102786,0.229449648711944,99,0.388190319207476,49,0.454957141506599,50,0.256800530312148,23,0.491034283210566,26,0.337057659966703,26,0.146824265278003,24,0.341933011138741,0.00524885801080808,0.416783275891016,-0.0175644028103041,0.249180327868853,0.19111763577637,0.130627114233672,11,0.174845497920675,4,-0.0218217182577522,7,0.317999838842881,0.0644164275128166,-0.243729189078522,0.145979703356753,-0.526346604215457,0.0172742127997287,-0.122950819672131,58,-0.0862001601759444,36,0.0884321432508812,22,-0.319413927152108,1.27673639833195,0.0636440827588072,0.962919594067135,0.0983606557377049,0.947495886991121,0.617096018735363,26,0.880164431165461,18,1.19836079321908,8,0.136064630007711,2,2,2,2,2,2,2,2,2,2,1,1,1,2,2,2,3,3,3,3,3,3,3,4,4,3,2,2,2,3,3,3
"5e72490845c9c4024095bf96",0.228521577500067,-0.555512301932762,0.099230222753583,-1.29405899163777,0.151990632318501,-0.449180327868854,0.116835805360396,-0.900149031296571,-0.102649705441683,-0.606459384739549,-0.148594847775175,-0.442505854800938,-0.356614385869587,-0.295550351288061,78,-0.500021620658162,40,-0.224297052281225,38,-0.721523571784093,15,-0.628707446727548,25,0.203299648065418,15,-1.32360979444648,23,0.175260184932985,-0.369775201598146,-0.739813936812173,-0.267564402810305,-0.550819672131147,-0.552355121238908,-0.424928441321884,6,-0.568770314949129,3,-0.332417508126427,3,-0.702947012179001,-0.775269265449735,-0.499113391461179,-0.520686963309913,-0.776346604215455,-0.737326555768789,-0.622950819672131,53,-0.436747478224785,32,-0.315423740900203,21,-0.471126660070852,-0.496611321180247,-0.118747115028064,-0.3704137392662,-0.151639344262295,-0.416630701358012,-0.282903981264637,17,-0.403506122522914,10,-0.460982729130486,7,-0.209766304595221,1,1,1,2,2,1,1,1,1,1,1,1,1,1,1,1,2,2,2,3,3,2,1,2,2,2,2,2,2,2,2,2
"5e7273b875ade61b8d85233f",-1.86349714310835,-1.37670390382988,-1.98522307630531,-1.88750975009757,-1.3480093676815,-0.949180327868854,-1.32760863908405,-1.26378539493294,-1.80578134184331,-2.09156833182035,-1.14859484777518,-1.29250585480094,-2.0557275200229,-1.22055035128806,41,-2.0649664670881,20,-1.73375081625417,21,-2.10748271642043,10,-1.32854602793887,10,-1.80307053045385,11,-1.85831308889174,10,-1.99148655574184,-1.39076554790036,-1.43383569864152,-1.0175644028103,-0.950819672131147,-1.44765591001225,-0.980483996877439,1,-1.31238612781893,0,-1.26420487773245,1,-1.21342043768994,-0.209589066249309,-1.09220775486493,-0.520686963309913,-1.27634660421546,-0.347798194576677,-0.822950819672131,51,-0.576966405444321,32,-0.315423740900203,19,-0.774552125908339,-1.61100813261172,-1.3859496804867,-1.20374707259953,-0.901639344262295,-1.62731701635126,-1.08290398126464,9,-1.54454661469036,5,-1.49807243059897,4,-1.24725910840402,1,1,1,1,1,1,1,1,1,1,1,1,1,1,1,1,1,1,1,1,1,1,1,1,1,1,2,2,1,1,1,1
"5e770f11a9d3b527c662aa23",-1.86349714310835,-1.37670390382988,-2.16644974117578,-1.88750975009757,-1.3480093676815,-0.949180327868854,-1.43871975019516,-1.26378539493294,-1.80578134184331,-2.19646901158716,-1.14859484777518,-1.34250585480094,-2.10486931386338,-1.24555035128806,40,-2.10726227374836,20,-1.73375081625417,20,-2.18900972492845,10,-1.32854602793887,10,-1.80307053045385,11,-1.85831308889174,9,-2.1581593819476,-1.39076554790036,-1.66747442073302,-1.0175644028103,-1.15081967213115,-1.55549291358239,-1.09159510798855,0,-1.46110929039289,0,-1.26420487773245,0,-1.46865715044541,-1.74253287308962,-1.92740749883389,-2.85402029664325,-2.27634660421546,-1.84776324014514,-2.62295081967213,33,-1.83893675042015,18,-1.728919335429,15,-1.38140305758331,-1.42226065028142,-0.985097731416561,-1.03708040593287,-0.651639344262295,-1.36572346197888,-0.882903981264637,11,-1.2592864916485,6,-1.29065449030527,5,-0.901428173801088,1,1,1,1,1,1,1,1,1,1,1,1,1,1,1,1,1,1,1,1,1,1,1,1,1,1,1,1,1,1,1,1
"5e7a1477701cba04f04d5b14",-0.343353112782437,-1.05718903691451,-0.178913466639421,-0.412467561231908,-0.248009367681498,-0.749180327868853,-0.105386416861827,-0.263785394932936,-0.688014389851428,-0.305123104921335,-0.498594847775177,-0.19250585480094,-0.525094505776312,-0.345550351288057,76,-0.584613233978699,33,-0.752605869671756,43,-0.313888529243993,12,-1.04861059545434,21,-0.33173239953972,22,-0.387879029167263,21,-0.158085467478527,-0.294627256726417,-0.739813936812173,-0.267564402810304,-0.550819672131147,-0.513131958981559,-0.424928441321884,6,-0.568770314949129,3,-0.332417508126427,3,-0.702947012179001,-0.846824384881008,1.25828491066524,-1.18735362997658,1.97365339578454,-0.580836231475042,0.0770491803278692,60,0.0540187670435917,28,-0.719279625051286,32,1.19771340203533,0.402095965513125,0.773586074374615,0.29625292740047,0.348360655737706,0.514705744788253,0.317096018735363,23,0.452274246602669,14,0.368689032044298,9,0.481895564610644,1,1,1,1,1,1,1,2,2,2,1,1,2,1,1,1,2,2,2,2,2,1,2,3,3,3,2,1,4,2,2,2
"5e7a223904bdd105201a9a0e",2.2712981702117,2.9265440813219,2.43561138480638,2.65813362199828,1.6519906323185,2.05081967213115,1.56128024980484,1.73621460506707,2.75295007328544,2.74877618699623,1.85140515222482,1.65749414519906,2.88852616249076,1.75444964871194,160,2.96823452548385,80,2.79461047566466,80,2.70261078555275,40,2.87048545932906,40,2.20966982658469,44,2.5529890902817,36,2.34200692560781,2.39231129241911,2.33453832512018,1.9824355971897,1.84918032786885,2.49035990475994,1.90840489201145,27,2.55441609910405,12,2.46294460069165,15,2.35989354088664,0.126086979151064,0.238532518366043,0.145979703356753,0.473653395784544,0.160344460516934,0.277049180327869,62,0.194237694263128,36,0.0884321432508812,26,0.287437004522865,2.6072056075793,2.96283160924982,1.96291959406714,2.09836065573771,2.93967273992649,2.01709601873536,40,2.87698529245849,24,2.44286843498126,16,2.90271210683118,2,2,2,2,2,2,2,2,2,2,2,2,2,2,2,2,4,4,4,4,4,4,4,4,4,4,3,3,3,4,4,4
"5e7bd64eca18002130aa2d8d",-0.10920033612918,0.050960425833444,-0.0851145834366361,-0.111257422544267,-0.0480093676814982,0.0508196721311475,0.00572469424928324,0.00894187779433616,-0.0283185579612153,-0.0954373561296062,0.0014051522248243,0.0074941451990638,-0.0490664942543578,0.0044496487119421,90,0.00752805926505962,43,0.00212101231471628,47,0.0122195047880873,20,0.0711311344837735,23,-0.0642163757371506,25,0.0131484416666867,22,0.00858735872722888,-0.59450337146364,-1.43383569864152,-0.517564402810305,-0.950819672131147,-1.01037200964741,-0.758261774655218,3,-1.01493980267101,2,-0.643013297995102,1,-1.21342043768994,-1.00267893167323,-1.95448714514901,-1.18735362997658,-2.52634660421546,-1.16586628932813,-1.72295081967213,42,-1.20795157793223,28,-0.719279625051286,14,-1.53311579050206,-0.490237543252715,0.312564589666333,-0.370413739266199,-0.151639344262294,-0.364885561662079,-0.282903981264637,17,-0.403506122522914,10,-0.460982729130486,7,-0.209766304595221,1,2,1,1,1,2,1,1,1,2,1,1,1,1,1,1,2,3,2,2,2,3,2,2,2,3,1,1,1,1,2,1
"5e7d2696a0271f3b6cb3cdb4",-0.556353882977932,1.78823597332043,-1.99160210137569,-0.508212178275174,-0.348009367681495,1.25081967213115,-1.32760863908405,-0.263785394932936,0.388143608304748,-1.35920779503728,0.451405152224825,-0.742505854800941,-0.422459196506167,-0.145550351288058,84,-0.246246780696551,52,0.681375206102541,32,-1.21068562283221,32,1.75074372939094,20,-0.465490411441004,22,-0.387879029167263,10,-1.99148655574184,-0.941309208169369,-0.975803655558254,-0.517564402810305,-0.750819672131147,-0.953382940420828,-0.647150663544106,4,-0.866216640097051,2,-0.643013297995102,2,-0.958183724934471,0.0864365964752291,1.39111547613403,-0.687353629976585,1.72365339578454,0.234976909863928,0.277049180327871,62,0.194237694263128,31,-0.416387711937974,31,1.04600066911658,-1.73708171071313,-2.83554344373222,-1.03708040593286,-1.9016393442623,-2.26513544930566,-1.38290398126464,6,-1.97243679925315,6,-1.29065449030527,0,-2.63058284681575,1,2,1,1,1,2,1,1,1,1,2,1,2,1,1,1,2,3,1,2,1,4,2,1,1,1,3,2,4,1,1,1
"5e802da40e607571b5aad66d",1.51549327809084,1.15904551640066,1.44272380610787,1.05002568916474,1.0519906323185,0.750819672131148,0.894613583138173,0.736214605067064,1.43104668769931,1.33092278848067,0.901405152224823,0.807494145199063,1.47809952513221,0.854449648711945,124,1.44558548571419,61,1.36062939989037,63,1.31665164091641,27,1.05090514817962,34,1.40712175517698,33,1.08255503055722,30,1.34196996837328,-0.866161263297641,1.22492739749421,-0.517564402810304,0.849180327868852,0.101986384522007,0.241738225344785,12,0.323568660494636,2,-0.643013297995102,10,1.08370997710929,1.07071045676705,0.414879580987285,1.47931303669009,-0.0263466042154571,1.04637806825227,0.877049180327869,68,0.614894475921736,44,0.896143911553049,24,-0.0159884613146216,0.826861999945045,0.687433965722277,0.629586260733802,0.0983606557377051,0.725126093057409,0.417096018735363,24,0.5949043081236,16,0.783524912631691,8,0.136064630007711,2,2,2,2,2,2,2,2,2,2,2,2,2,2,1,2,4,4,4,4,4,4,4,3,4,3,4,4,3,3,1,4
"5e80d324c76eb20008269bed",-0.737884361236002,0.0300841368787723,-0.718809716144844,-1.21598432842698,-0.548009367681498,0.0508196721311467,-0.43871975019516,-0.809239940387481,-0.512927811252159,-1.01968528193155,-0.248594847775176,-0.642505854800937,-0.80923725010106,-0.445550351288056,72,-0.753796460619773,38,-0.37524242867852,34,-1.04763160581617,20,0.0711311344837735,18,-0.733006435243573,16,-1.18993397083516,18,-0.658103946095795,1.29617300124517,1.00053407650245,1.2324355971897,0.849180327868852,1.24951744094771,1.01951600312256,19,1.36463079851236,9,1.53115723108562,10,1.08370997710929,0.940803191987193,1.35047891660314,1.47931303669009,1.97365339578454,1.04010697231989,1.67704918032787,76,1.17577018479988,44,0.896143911553049,32,1.19771340203533,-1.13481380201153,-0.0325950063757251,-0.870413739266198,0.0983606557377054,-0.809494210915615,-0.482903981264636,15,-0.688766245564775,7,-1.08323655001158,8,0.136064630007711,1,1,1,1,1,2,1,1,1,1,2,2,2,2,2,2,1,2,1,2,2,3,1,1,1,2,4,4,4,4,4,4
"5e81030a000e707eba2571e0",0.23079904698323,-0.0424325625503271,0.403668794828157,-0.135552506041411,0.1519906323185,-0.0491803278688519,0.339058027582617,-0.081967213114753,0.142631785052271,0.162845474929651,0.0514051522248249,0.107494145199064,0.163509665204835,0.0794496487119461,93,0.134415479245865,44,0.0775937005133635,49,0.175273521804127,19,-0.0688365817584908,25,0.203299648065418,24,-0.12052738194463,25,0.508605837344497,1.53793236328463,0.123789287295178,0.982435597189696,0.249180327868852,0.926553190954297,0.575071558678114,15,0.769738148216519,8,1.22056144121695,7,0.317999838842881,1.13325030552046,-0.0972112540559457,1.47931303669009,0.473653395784544,1.01337271501932,1.07704918032787,70,0.755113403141272,44,0.896143911553049,26,0.287437004522865,0.0560950054683205,0.342274369680224,-0.0370804059328649,0.348360655737704,0.210294949312993,0.117096018735363,21,0.167014123560808,12,-0.046146848543094,9,0.481895564610644,2,2,2,2,2,2,1,2,2,2,2,2,1,2,2,2,3,3,3,3,3,3,2,3,3,3,4,4,2,4,4,3
"5e811195ec31d30008690bcd",0.190085138483283,0.594494828737605,-0.403469218683321,0.142030337161327,0.1519906323185,0.350819672131147,-0.327608639084049,0.099850968703429,0.421567293340537,-0.173042062456379,0.251405152224823,-0.0925058548009375,0.136917982121607,0.079449648711944,93,0.134415479245865,48,0.379484453307952,45,-0.150834512227953,23,0.491034283210566,25,0.203299648065418,26,0.146824265278003,19,-0.491431119890039,-0.594503371463641,-0.449903241324631,-0.517564402810305,-0.350819672131147,-0.567325029288961,-0.424928441321885,6,-0.568770314949129,2,-0.643013297995102,4,-0.44771029942353,-0.0451600539939617,0.0273002707599651,0.31264637002342,-0.0263466042154568,-0.021249446241282,0.177049180327869,61,0.12412823065336,37,0.189396114288652,24,-0.0159884613146216,0.610082462845711,0.0636440827588056,0.462919594067135,0.0983606557377049,0.463110382791504,0.317096018735363,23,0.452274246602669,15,0.576106972337995,8,0.136064630007711,2,2,1,2,1,2,2,2,2,1,1,1,2,1,1,1,3,3,2,3,2,3,3,3,3,2,2,2,3,2,2,2
"5e81c9e74fa0db017781a051",-0.485232038668336,0.0577120912207131,-0.454487082309478,-1.09214743258441,-0.348009367681499,0.0508196721311474,-0.216497527972938,-0.718330849478391,-0.286204203467054,-0.814524963872106,-0.148594847775176,-0.492505854800936,-0.546797040460165,-0.320550351288056,77,-0.542317427318431,40,-0.224297052281225,37,-0.803050580292113,20,0.0711311344837735,20,-0.465490411441004,17,-1.05625814722385,20,-0.324758293684283,-0.594503371463641,-0.739813936812173,-0.517564402810305,-0.550819672131147,-0.700780437516069,-0.536039552432996,5,-0.71749347752309,2,-0.643013297995102,3,-0.702947012179001,0.594778282121318,-1.23064205981947,0.31264637002342,-1.77634660421546,0.375332364774301,-0.522950819672132,54,-0.366638014615017,37,0.189396114288652,17,-1.07797759174583,-0.681201577113615,-1.38594968048669,-0.537080405932866,-0.901639344262295,-0.984180577724236,-0.682903981264637,13,-0.974026368606636,9,-0.668400669424183,4,-1.24725910840402,1,1,1,1,1,2,1,1,1,1,2,2,1,1,1,1,2,2,1,2,2,3,1,1,2,1,3,3,1,2,2,2
"5e822d17f956a29530ccc2f8",1.04279373331291,-0.467697114731871,0.725098785873409,1.17068121946739,0.751990632318502,-0.249180327868853,0.45016913869373,0.645305514157976,0.473204542948768,1.03238592586982,0.251405152224825,0.557494145199062,0.808001651791803,0.404449648711942,106,0.684260965829355,48,0.379484453307952,58,0.909016598376308,17,-0.348772014243019,31,1.00584771947313,32,0.948879206945903,26,0.675278663550253,1.53793236328463,0.851381325585419,0.982435597189696,0.449180327868853,1.21831286028758,0.686182669789226,16,0.91846131079048,8,1.22056144121695,8,0.573236551598352,-0.783578593438823,-0.477115481951572,-1.02068696330991,-0.526346604215456,-0.777777944869134,-0.82295081967213,51,-0.576966405444321,29,-0.618315654013515,22,-0.319413927152108,0.590843447843418,0.494955787453205,0.462919594067135,0.0983606557377062,0.529271125366922,0.317096018735363,23,0.452274246602669,15,0.576106972337995,8,0.136064630007711,2,2,2,2,2,1,2,2,2,2,1,1,1,2,2,2,4,3,4,4,3,2,4,3,3,3,2,2,2,4,4,4
"5e822ef6e3941d94efaa18cd",1.4673611997073,0.885826603127848,1.57367176256278,2.10105109462997,1.0519906323185,0.550819672131149,1.00572469424929,1.28166915052161,1.32063576931906,1.93684571302914,0.801405152224823,1.15749414519907,1.68651829152005,0.979449648711945,129,1.65706451901553,59,1.20968402349307,70,1.88734070047255,25,0.770969715695095,34,1.40712175517698,39,1.88460997222512,31,1.50864279457903,0.741670186847913,-1.40334871528892,0.482435597189696,-0.950819672131147,-0.221299892336248,-0.313817330210775,7,-0.420047152375168,6,0.599369861479597,1,-1.21342043768994,-0.446128098763586,-0.769742804260387,-0.68735362997658,-1.02634660421546,-0.521699431747474,-0.822950819672131,51,-0.576966405444321,31,-0.416387711937974,20,-0.622839392989595,0.00508610918594527,1.14845545043057,-0.0370804059328662,0.598360655737705,0.407437395857236,0.217096018735362,22,0.309644185081739,12,-0.046146848543094,10,0.827726499213578,2,2,2,2,2,2,2,2,1,2,1,1,1,1,2,1,4,4,4,4,4,4,4,3,2,4,2,2,2,2,3,1
"5e8306b7a09eb40124aa9e3b",-0.480523951935636,-1.11594193803635,-0.635713747179947,-0.499331585207282,-0.348009367681499,-0.749180327868854,-0.327608639084049,-0.263785394932936,-0.777005579313241,-0.637032957944636,-0.548594847775176,-0.292505854800936,-0.730176365880382,-0.420550351288055,73,-0.711500653959505,32,-0.828078557870403,41,-0.476942546260033,12,-1.04861059545434,20,-0.465490411441004,22,-0.387879029167263,19,-0.491431119890039,-0.941309208169369,1.20680939556874,-0.517564402810305,0.849180327868853,0.0459904916409073,0.241738225344785,12,0.323568660494636,2,-0.643013297995102,10,1.08370997710929,-1.04987886858051,0.895061444888842,-0.854020296643248,1.47365339578454,-0.826344679204235,0.0770491803278703,60,0.0540187670435917,30,-0.517351682975745,30,0.894287936197839,-1.29319381889543,-2.43469149466206,-1.03708040593287,-1.6516393442623,-1.78209396662563,-1.28290398126464,7,-1.82980673773222,6,-1.29065449030527,1,-2.28475191221282,1,1,1,1,1,1,1,1,1,1,1,1,2,2,1,2,2,2,2,2,2,1,2,1,1,1,1,1,4,3,1,4
"5e831b91eabed90303be5cae",1.03118435184298,1.43455051943037,0.901591009478993,0.177315761857938,0.751990632318501,0.950819672131149,0.56128024980484,0.0998509687034278,1.2806616771913,0.597598725519067,0.851405152224824,0.307494145199063,1.02179321131747,0.579449648711942,113,0.980331612451235,60,1.28515671169172,53,0.501381555836208,29,1.33084058066415,31,1.00584771947313,26,0.146824265278003,27,0.841951489756009,0.00524885801080711,0.449621255898193,-0.0175644028103041,0.249180327868853,0.212591301153056,0.130627114233672,11,0.174845497920675,4,-0.0218217182577522,7,0.317999838842881,1.07469239433636,0.290368056171376,1.47931303669009,0.473653395784543,1.01082780360773,1.07704918032787,70,0.755113403141272,44,0.896143911553049,26,0.287437004522865,0.729899420636071,0.0636440827588034,0.629586260733802,0.0983606557377049,0.566803939288459,0.417096018735363,24,0.5949043081236,16,0.783524912631691,8,0.136064630007711,2,2,2,2,2,2,2,2,2,1,2,2,2,2,2,2,4,4,3,4,4,4,3,3,3,2,4,4,3,3,3,3
"5e831dfa79f7fb000c708f84",0.622037321423084,-0.437779144243859,1.16631997133586,1.00815152897729,0.451990632318502,-0.249180327868852,0.783502472027062,0.645305514157973,0.196798992300529,1.19137518101558,0.101405152224825,0.707494145199065,0.720742077148198,0.404449648711943,106,0.684260965829355,45,0.153066388712011,61,1.15359762390037,17,-0.348772014243019,28,0.604573683769272,32,0.948879206945903,29,1.17529714216752,0.394864350142185,0.709044968033134,0.482435597189696,0.449180327868853,0.585105734106616,0.463960447567006,14,0.621014985642558,6,0.599369861479597,8,0.573236551598352,0.199579751466137,-1.1466451388935,0.312646370023421,-1.52634660421546,0.0436941031745699,-0.422950819672131,55,-0.296528551005248,37,0.189396114288652,18,-0.926264858827082,0.920863454496992,0.246035280545674,0.796252927400469,0.348360655737705,0.768806715054651,0.617096018735363,26,0.880164431165461,17,0.990942852925387,9,0.481895564610644,2,2,2,2,2,1,2,2,2,2,1,2,1,2,2,2,4,3,4,3,4,2,4,3,4,3,2,3,1,3,3,3
"5e831fe3b9eb470290ab5236",0.893033065771679,0.933936594042909,1.08281767434946,0.830596298162271,0.651990632318501,0.650819672131149,0.672391360915951,0.554396423248883,0.999803863982938,1.04691290068893,0.651405152224824,0.607494145199062,1.08103909962739,0.629449648711945,115,1.06492322577177,56,0.98326595889713,59,0.990543606884328,26,0.910937431937359,30,0.872089707571841,31,0.815203383334586,28,1.00862431596177,2.09243517768189,0.932665705352093,1.7324355971897,0.649180327868852,1.63859903502829,1.13062711423367,20,1.51335396108632,11,2.15234881082297,9,0.828473264353822,1.06806681092199,-0.685867838975367,1.81264637002342,-1.27634660421546,0.896385017740466,0.577049180327868,65,0.404566085092432,46,1.09807185362859,19,-0.774552125908339,1.08251430286002,0.925517516537228,0.796252927400468,0.848360655737705,1.15774991030517,0.817096018735363,28,1.16542455420732,17,0.990942852925387,11,1.17355743381651,2,2,2,2,2,2,2,2,2,2,2,2,1,2,2,2,4,4,4,4,4,4,4,4,4,4,4,4,2,4,4,4
"5e8375c53a25e409144f5229",-0.856924681263826,-0.419523729982809,-0.928092644037245,-0.891906089011342,-0.6480093676815,-0.249180327868851,-0.549830861306271,-0.536512667660209,-0.721074917307355,-0.979729627006907,-0.448594847775177,-0.542505854800937,-0.892480424045645,-0.495550351288053,70,-0.83838807394031,34,-0.677133181473108,36,-0.884577588800133,17,-0.348772014243019,17,-0.866764447144858,19,-0.788906500001213,17,-0.824776772301552,1.29789709614702,1.47093510101284,0.732435597189695,1.04918032786885,1.37361847613834,0.908404892011448,18,1.2159076359384,7,0.909965651348272,11,1.33894668986476,1.41347638225427,-1.4960677801722,1.64597970335675,-1.52634660421546,1.08203379824478,0.377049180327868,63,0.264347157872896,45,0.99710788259082,18,-0.926264858827082,0.189786058283129,0.651364412225894,0.129586260733801,0.348360655737705,0.296485843013131,0.217096018735363,22,0.309644185081739,13,0.161271091750602,9,0.481895564610644,1,1,1,1,1,1,1,2,2,2,2,2,1,2,2,2,1,2,1,1,1,2,1,3,3,3,4,4,1,4,4,4
"5e84655cd43d1900089c4a58",0.893033065771684,1.35667256810397,-2.16644974117577,1.30393211728819,0.651990632318501,0.950819672131149,-1.43871975019516,0.827123695976157,1.18222688932906,-0.537547379297909,0.801405152224824,-0.19250585480094,0.412568775073213,0.304449648711943,102,0.515077739188281,59,1.20968402349307,43,-0.313888529243993,29,1.33084058066415,30,0.872089707571841,34,1.21623085416854,9,-2.1581593819476,0.891250411841678,0.711395964687715,0.732435597189695,0.449180327868853,0.839073387461047,0.575071558678116,15,0.769738148216519,7,0.909965651348272,8,0.573236551598352,1.37183354731152,1.82765888724218,2.14597970335675,2.97365339578454,1.49507416252063,2.47704918032787,84,1.73664589367802,48,1.29999979570413,36,1.8045643337103,2.40337633664364,0.677346985240082,1.79625292740047,0.348360655737706,1.91298004618866,1.21709601873536,32,1.73594480029104,23,2.23545049468756,9,0.481895564610644,2,2,1,2,1,2,2,2,2,2,2,2,2,2,2,2,3,4,2,4,1,4,4,4,4,3,4,4,4,4,4,3
"5e84b9cd3c01b3072fac9470",-0.164776611971747,-0.404559594703457,0.274077862553663,0.381084881542764,-0.148009367681498,-0.249180327868851,0.227946916471507,0.281669150521611,-0.336779380461488,0.359635690664009,-0.198594847775172,0.257494145199061,-0.0172653633337698,0.029449648711944,91,0.0498238659253281,39,-0.299769740479872,52,0.419854547328188,17,-0.348772014243019,22,-0.197974387638435,28,0.414175912500636,24,0.341933011138741,0.426486974838571,-0.309917880426926,0.232435597189695,-0.350819672131147,0.0695419138345448,-0.0915951079885524,9,-0.122600827227246,5,0.288774071610923,4,-0.44771029942353,0.509972096406274,0.878380682769609,0.312646370023418,0.973653395784544,0.580914205841922,0.577049180327869,65,0.404566085092432,37,0.189396114288652,28,0.590862470360352,0.442057836555134,0.464496031828938,0.462919594067134,0.348360655737705,0.487203397944981,0.417096018735363,24,0.5949043081236,15,0.576106972337995,9,0.481895564610644,1,1,2,1,2,1,2,2,2,2,2,2,2,2,2,1,2,2,3,2,3,2,3,3,3,3,3,3,4,3,3,2
"5e85d6d99ea8e31d2a51dcfc",-0.363640278796169,-1.26277098776799,-0.632429365848394,-0.835280789922818,-0.248009367681499,-0.849180327868853,-0.43871975019516,-0.536512667660208,-0.77067000540697,-0.789941946463869,-0.548594847775175,-0.492505854800939,-0.761893303659578,-0.520550351288057,69,-0.880683880600579,32,-0.828078557870403,37,-0.803050580292113,11,-1.1885783116966,21,-0.33173239953972,19,-0.788906500001213,18,-0.658103946095795,-0.866161263297641,0.476984658923408,-0.517564402810304,0.449180327868852,-0.228891360742198,0.0195160031225628,10,0.0261223353467146,2,-0.643013297995102,8,0.573236551598352,0.122164463492759,0.19269226638868,-0.187353629976582,0.223653395784543,0.135031068433772,-0.0229508196721313,59,-0.0160906965661763,34,-0.113495798824661,25,0.135724271604122,-1.05044418699816,-1.29979757183436,-0.703747072599532,-0.651639344262295,-1.16467390419794,-0.682903981264637,13,-0.974026368606636,8,-0.875818609717879,5,-0.901428173801088,1,1,1,1,1,1,1,1,1,1,2,2,2,1,1,2,2,2,1,2,2,1,2,1,1,1,3,3,3,2,1,3
"5e85f18b501bc303b0383489",-1.17247179763992,1.45083865945294,-0.550165587846995,0.668016572146663,-0.848009367681498,1.05081967213115,-0.327608639084049,0.463487332339791,-0.131705719940751,0.0245182104227435,0.101405152224822,0.107494145199063,-0.13744281538576,0.104449648711946,94,0.176711285906134,45,0.153066388712011,49,0.175273521804127,30,1.47080829690642,15,-1.13428047094743,30,0.681527559723269,19,-0.491431119890039,0.966398356713407,0.711395964687714,0.732435597189696,0.449180327868853,0.878296549718396,0.575071558678116,15,0.769738148216519,7,0.909965651348272,8,0.573236551598352,2.19709783408408,1.82753693160123,3.47931303669009,2.47365339578454,2.25955796881569,3.07704918032787,90,2.15730267533663,56,2.1077115640063,34,1.50113886787281,1.39993388076526,0.651364412225898,0.962919594067135,0.348360655737705,1.20296182466588,0.717096018735363,27,1.02279449268639,18,1.19836079321908,9,0.481895564610644,1,1,2,1,1,2,2,2,2,2,2,2,2,2,2,2,2,2,3,1,2,4,3,4,4,3,4,4,4,4,4,3
"5e86366d568c630d55dbfe3b",-0.511150089809873,-0.666917133750357,-0.825388175207736,0.376207123313707,-0.348009367681497,-0.449180327868852,-0.43871975019516,0.3725782414307,-0.666235802709889,-0.24025631284204,-0.398594847775175,0.00749414519906254,-0.527414048001225,-0.195550351288053,82,-0.330838394017088,35,-0.601660493274461,47,0.0122195047880873,15,-0.628707446727548,20,-0.465490411441004,29,0.547851736111953,18,-0.658103946095795,0.229977027876302,0.711395964687714,0.232435597189696,0.449180327868853,0.481662823328841,0.352849336455895,13,0.472291823068597,5,0.288774071610923,8,0.573236551598352,-0.189097027745091,0.716112536044364,-0.18735362997658,1.72365339578454,-0.0763495810399782,0.577049180327869,65,0.404566085092432,34,-0.113495798824661,31,1.04600066911658,0.204493345398252,-0.802706533629699,0.296252927400469,-0.401639344262295,-0.0846531476267426,0.0170960187353629,20,0.0243840620398779,14,0.368689032044298,6,-0.555597239198155,1,1,1,1,1,1,2,1,2,1,1,1,2,2,2,2,2,2,2,2,1,2,3,2,3,1,2,2,3,3,3,3
"5e863f9665bc760e939bae12",1.65291201392576,2.30848745740124,1.503990521134,0.87792582419616,1.1519906323185,1.55081967213115,0.894613583138174,0.645305514157971,2.06257439291555,1.30004194966937,1.35140515222482,0.757494145199063,1.7720158981704,1.05444964871194,132,1.78395193899634,70,2.03988359367819,62,1.23512463240839,35,2.17064687811774,35,1.54087976707826,32,0.948879206945903,30,1.34196996837328,2.06253664788735,1.78362550451593,1.4824355971897,1.24918032786885,1.998492807632,1.35284933645589,22,1.81080028623425,10,1.8417530209543,12,1.59418340262023,1.25465368050443,0.989857297049983,1.97931303669009,1.72365339578454,1.27855058602486,1.87704918032787,78,1.31598911201942,47,1.19903582466636,31,1.04600066911658,1.75293072893213,1.33084664821744,1.29625292740047,0.848360655737705,1.68658237026319,1.11709601873536,31,1.59331473877011,20,1.61319667380648,11,1.17355743381651,2,2,2,2,2,2,2,2,2,2,2,2,2,2,2,2,4,4,4,4,4,4,4,4,4,4,4,4,4,4,4,4
"5e8656219ea8e3280e221f8e",0.313491039993112,0.796725285686361,0.525934493150253,1.11351709382499,0.251990632318501,0.550819672131147,0.450169138693729,0.645305514157973,0.526114541399902,0.91898939245528,0.401405152224823,0.557494145199063,0.761626548358745,0.479449648711946,109,0.811148385810161,51,0.605902517903894,58,0.909016598376308,25,0.770969715695095,26,0.337057659966703,32,0.948879206945903,26,0.675278663550253,0.00524885801080657,-0.279430897074331,-0.0175644028103041,-0.350819672131147,-0.12372891188585,-0.202706219099662,8,-0.271323989801207,4,-0.0218217182577522,4,-0.44771029942353,0.255854431234758,1.64598617653351,0.312646370023417,2.47365339578454,0.457425376018169,1.17704918032787,71,0.82522286675104,37,0.189396114288652,34,1.50113886787281,0.341060493881151,1.14284565255843,0.296252927400469,0.598360655737706,0.614676517702401,0.417096018735363,24,0.5949043081236,14,0.368689032044298,10,0.827726499213578,2,2,2,2,2,2,2,2,2,2,2,2,2,1,2,1,4,3,4,3,3,4,4,3,3,4,3,3,4,2,3,2
"5e8723a777cf5a36abbeab60",-1.31006041958948,-0.325808146556159,0.495094906796512,0.290218437305821,-0.948009367681499,-0.249180327868853,0.227946916471508,0.190760059612521,-0.950321942093732,0.440658282779137,-0.598594847775177,0.207494145199058,-0.420796555705756,-0.195550351288056,82,-0.330838394017088,31,-0.90355124606905,51,0.338327538820168,17,-0.348772014243019,14,-1.26803848284871,27,0.28050008888932,24,0.341933011138741,-0.369775201598147,-0.543556602518429,-0.267564402810305,-0.550819672131147,-0.475578990100435,-0.424928441321884,6,-0.568770314949129,3,-0.332417508126427,3,-0.702947012179001,-0.110148936513146,0.607229267290166,-0.354020296643247,-0.0263466042154569,-0.0305812801377014,-0.222950819672131,57,-0.156309623785712,33,-0.214459769862432,24,-0.0159884613146216,0.78794163898345,0.651364412225901,0.462919594067135,0.348360655737705,0.797815021107299,0.417096018735363,24,0.5949043081236,15,0.576106972337995,9,0.481895564610644,1,1,2,1,2,1,2,2,2,2,1,1,2,1,1,1,2,1,3,1,3,2,3,4,4,3,2,2,3,2,2,2
"5e877bc89b92f30a4a9ebc56",0.47130573298221,-0.857003031403559,0.408691058919139,-0.468076770041852,0.351990632318501,-0.649180327868853,0.339058027582617,-0.354694485842027,-0.0550787095997645,0.00558687783580979,-0.148594847775175,-0.0425058548009346,0.0015685291285435,-0.0955503512880587,86,-0.161655167376014,40,-0.224297052281225,46,-0.0693075037199327,13,-0.908642879212076,27,0.470815671867988,21,-0.521554852778579,25,0.508605837344497,-0.294627256726417,-0.333470172115284,-0.267564402810304,-0.150819672131148,-0.314650449770155,-0.202706219099662,8,-0.271323989801207,3,-0.332417508126427,5,-0.19247358666806,-0.65983253999213,-0.0159381349941645,-0.854020296643247,-0.0263466042154572,-0.606779557535269,-0.52295081967213,54,-0.366638014615017,30,-0.517351682975745,24,-0.0159884613146216,0.649267632133738,0.0636440827588112,0.462919594067135,0.0983606557377049,0.482692715264106,0.317096018735363,23,0.452274246602669,15,0.576106972337995,8,0.136064630007711,2,2,1,2,2,1,1,2,2,2,1,1,2,1,1,1,3,3,2,3,3,2,2,3,3,3,2,2,3,2,2,2
"5e878efdb7ab7f0cc2fb8537",-0.346023667785234,-1.15040311462889,0.0451982213422668,0.560380426355006,-0.248009367681498,-0.749180327868853,0.00572469424928571,0.463487332339791,-0.741272401876634,0.291327264524126,-0.498594847775172,0.25749414519906,-0.265064847614234,-0.120550351288056,85,-0.203950974036283,33,-0.752605869671756,52,0.419854547328188,12,-1.04861059545434,21,-0.33173239953972,30,0.681527559723269,22,0.00858735872722888,0.499910824808455,-0.508526211375256,0.732435597189696,-0.350819672131147,0.101346718504621,0.130627114233673,11,0.174845497920675,7,0.909965651348272,4,-0.44771029942353,0.213342349449333,-0.964972428184827,0.812646370023421,-1.02634660421546,0.0589465385836583,0.0770491803278674,60,0.0540187670435917,40,0.492288027401965,20,-0.622839392989595,-0.00828355686364235,0.0636440827588117,-0.0370804059328659,0.0983606557377049,0.0914346412390017,0.0170960187353622,20,0.0243840620398779,12,-0.046146848543094,8,0.136064630007711,1,1,2,1,2,1,2,2,1,2,1,2,1,2,2,1,2,2,3,2,3,1,3,3,2,3,2,3,1,3,3,2
"5e89dda1762f3c66d9b9ca68",0.995836250625336,0.185323506197564,1.17043654363093,0.734917636974235,0.751990632318501,0.150819672131147,0.672391360915952,0.55439642324888,0.739860290506749,1.03771209324251,0.451405152224826,0.607494145199064,0.939798324930649,0.529449648711943,111,0.895739999130698,52,0.681375206102541,59,0.990543606884328,21,0.211098850726038,31,1.00584771947313,31,0.815203383334586,28,1.00862431596177,0.666522241976184,-0.272536492629171,0.482435597189695,-0.150819672131147,0.247601090825438,0.130627114233671,11,0.174845497920675,6,0.599369861479597,5,-0.19247358666806,-0.0335502454670614,0.713510689821127,-0.354020296643246,1.47365339578454,0.0563552658457809,0.37704918032787,63,0.264347157872896,33,-0.214459769862432,30,0.894287936197839,0.266298054331506,0.74760350136043,0.129586260733803,0.348360655737705,0.41978728832949,0.217096018735363,22,0.309644185081739,13,0.161271091750602,9,0.481895564610644,2,2,2,2,2,2,2,2,2,2,1,1,2,2,2,1,4,3,4,4,4,3,4,3,3,3,2,2,3,3,3,2
"5e89e89bf025be000c01eead",1.00834574598489,0.180467911909318,1.19951674044317,0.618357462973635,0.751990632318502,0.15081967213115,0.783502472027062,0.463487332339791,0.738472405444893,0.981829002104081,0.451405152224827,0.607494145199062,0.897773763653174,0.529449648711942,111,0.895739999130698,52,0.681375206102541,59,0.990543606884328,21,0.211098850726038,31,1.00584771947313,30,0.681527559723269,29,1.17529714216752,-0.86616126329764,0.594190311805561,-0.517564402810304,0.449180327868852,-0.186080458156353,0.0195160031225628,10,0.0261223353467146,2,-0.643013297995102,8,0.573236551598352,0.991461423289014,0.306126768571099,1.64597970335675,-0.0263466042154558,0.944888706512724,0.977049180327869,69,0.685003939531504,45,0.99710788259082,24,-0.0159884613146216,0.19189291664995,0.524665567467093,0.129586260733802,0.598360655737705,0.401658829546534,0.317096018735363,23,0.452274246602669,13,0.161271091750602,10,0.827726499213578,2,2,2,2,2,2,2,2,2,2,2,2,2,1,1,2,4,3,4,4,4,3,3,3,3,3,4,4,3,2,1,3
"5e8a17ca3cbd116b88361755",-0.777368657205377,-0.74719263697766,-0.44066602675185,0.831773769559138,-0.548009367681498,-0.449180327868853,-0.216497527972938,0.554396423248882,-0.830024136387647,0.183597047782401,-0.498594847775176,0.207494145199064,-0.42800020014297,-0.145550351288057,84,-0.246246780696551,33,-0.752605869671756,51,0.338327538820168,15,-0.628707446727548,18,-0.733006435243573,31,0.815203383334586,20,-0.324758293684283,0.00524885801080741,0.58490462348674,-0.0175644028103041,0.249180327868853,0.255084564586358,0.130627114233672,11,0.174845497920675,4,-0.0218217182577522,7,0.317999838842881,-0.551831298289287,-1.14156340208798,-1.18735362997658,-1.52634660421546,-0.637913454705853,-1.32295081967213,46,-0.927513723493161,28,-0.719279625051286,18,-0.926264858827082,0.273293942453553,-0.48800669321188,0.129586260733802,-0.401639344262295,-0.00470616985554992,-0.0829039812646367,19,-0.118245999481053,13,0.161271091750602,6,-0.555597239198155,1,1,2,1,1,1,2,1,2,1,1,1,1,2,2,2,2,1,3,2,2,2,4,2,3,2,2,2,1,3,3,3
"5e8a4368e44c216e867af46b",0.269376158631286,-1.20519163581663,0.901591009478993,-0.29483463876092,0.1519906323185,-0.849180327868853,0.56128024980484,-0.263785394932936,-0.372205749222867,0.369190779444871,-0.348594847775173,0.107494145199063,-0.0127099174597395,-0.120550351288058,85,-0.203950974036283,36,-0.526187805075814,49,0.175273521804127,11,-1.1885783116966,25,0.203299648065418,22,-0.387879029167263,27,0.841951489756009,-0.294627256726416,-0.770300920164772,-0.267564402810304,-0.550819672131147,-0.530273392834144,-0.424928441321884,6,-0.568770314949129,3,-0.332417508126427,3,-0.702947012179001,0.12445241798109,0.78070489298691,0.312646370023421,0.723653395784544,0.224955328436897,0.477049180327868,64,0.334456621482664,37,0.189396114288652,27,0.439149737441609,0.619652204366453,0.651364412225879,0.629586260733802,0.348360655737705,0.657790347882935,0.517096018735363,25,0.73753436964453,16,0.783524912631691,9,0.481895564610644,1,1,2,2,2,1,1,2,2,2,2,2,2,1,2,1,2,2,3,3,4,1,2,3,3,3,3,3,3,2,3,2
"5e8b0c1680d3527ae2bcd1ca",-0.331132311183442,-0.10641716444432,-0.368106732013022,-0.258765705495526,-0.248009367681498,-0.0491803278688519,-0.216497527972938,-0.172876304023845,-0.266969294779486,-0.338028561537242,-0.148594847775175,-0.192505854800936,-0.30584902264941,-0.170550351288056,83,-0.28854258735682,40,-0.224297052281225,43,-0.313888529243993,19,-0.0688365817584908,21,-0.33173239953972,23,-0.254203205555946,20,-0.324758293684283,0.00524885801080644,-0.0207797686121923,-0.0175644028103041,0.0491803278688521,0.0148002608871238,0.0195160031225607,10,0.0261223353467146,4,-0.0218217182577522,6,0.0627631260874107,1.67483491910127,1.62970546145355,2.64597970335675,2.22365339578454,1.74910633314522,2.47704918032787,84,1.73664589367802,51,1.60289170881745,33,1.34942613495407,0.567866606330122,0.432903660942625,0.462919594067135,0.348360655737705,0.581338994123623,0.417096018735363,24,0.5949043081236,15,0.576106972337995,9,0.481895564610644,1,1,1,1,1,2,1,2,2,2,2,2,2,2,2,2,2,2,2,2,2,3,2,3,3,3,4,4,4,3,3,3
"5e8b4f987028ed01735782db",-1.27958370496409,0.0577120912207163,-0.63242936584839,-0.262184217595419,-0.948009367681499,0.0508196721311474,-0.43871975019516,-0.172876304023843,-0.809600358813227,-0.496240670169114,-0.448594847775175,-0.29250585480094,-0.748802709848466,-0.370550351288058,75,-0.626909040638968,34,-0.677133181473108,41,-0.476942546260033,20,0.0711311344837735,14,-1.26803848284871,23,-0.254203205555946,18,-0.658103946095795,0.259875557670843,-0.363957155467885,0.482435597189695,-0.150819672131147,0.0321837172581743,0.130627114233672,11,0.174845497920675,6,0.599369861479597,5,-0.19247358666806,0.64717960450014,-0.810379363791275,0.979313036690086,-0.776346604215457,0.487341268918702,0.277049180327868,62,0.194237694263128,41,0.593251998439736,21,-0.471126660070852,-0.280538923364363,-1.20355848269982,-0.203747072599531,-0.651639344262295,-0.589133522633409,-0.382903981264637,16,-0.546136184043844,11,-0.25356478883679,5,-0.901428173801088,1,1,1,1,1,2,1,1,1,1,2,2,1,2,2,1,2,1,2,1,2,3,2,2,2,1,3,3,2,3,3,2
"5e8b85a7844ed6068d8debf5",-0.707890251679459,-0.0504031654317241,0.0152033557512788,-0.328060277671351,-0.4480093676815,0.0508196721311457,0.00572469424928414,-0.263785394932935,-0.405779189416442,-0.147949800249337,-0.198594847775178,-0.142505854800935,-0.322447066955106,-0.170550351288058,83,-0.28854258735682,39,-0.299769740479872,44,-0.232361520735973,20,0.0711311344837735,19,-0.599248423342289,22,-0.387879029167263,22,0.00858735872722888,0.5016349197103,0.759960662746709,0.232435597189695,0.449180327868852,0.599696723582052,0.352849336455893,13,0.472291823068597,5,0.288774071610923,8,0.573236551598352,-0.388932964961018,1.39383927799822,-0.0206869633099136,2.47365339578454,-0.157691722846612,0.97704918032787,69,0.685003939531504,35,-0.0125318277868897,34,1.50113886787281,-0.898018548155937,0.55512532309135,-0.537080405932866,0.348360655737706,-0.447646747802839,-0.182903981264637,18,-0.260876061001983,9,-0.668400669424183,9,0.481895564610644,1,1,1,1,1,2,1,1,1,2,1,1,2,2,2,2,2,2,2,2,2,3,2,2,1,3,2,2,4,3,3,4
"5e8d690133b50414025ce479",-1.73796568755472,-0.676066351038529,-1.88074577930115,-1.69343288088285,-1.2480093676815,-0.449180327868853,-1.21649752797294,-1.08196721311476,-1.39330268305025,-1.93416694701922,-0.848594847775176,-1.14250585480094,-1.75905936302751,-0.995550351288057,50,-1.68430420714568,26,-1.28091468706229,24,-1.86290169089637,15,-0.628707446727548,11,-1.66931251855257,13,-1.59096144166911,11,-1.82481372953609,-1.16603737803486,-0.739813936812174,-0.767564402810305,-0.550819672131147,-0.989639021603747,-0.647150663544105,4,-0.866216640097051,1,-0.953609087863776,3,-0.702947012179001,1.51331938810163,0.455638096159131,2.31264637002342,0.223653395784543,1.42490759224223,1.47704918032787,74,1.03555125758034,49,1.4009637667419,25,0.135724271604122,-2.01167078636097,-1.56834087827357,-1.53708040593287,-1.1516393442623,-2.02236407144209,-1.38290398126464,6,-1.97243679925315,3,-1.91290831118636,3,-1.59309004300695,1,1,1,1,1,1,1,1,1,1,2,2,2,1,1,1,1,1,1,1,1,2,1,1,1,1,4,4,3,1,1,2
"5e8d7f9636e20a000916ea2f",1.32210058570866,-0.202970769004233,1.59748178338916,1.20770259840687,0.951990632318501,-0.149180327868853,1.00572469424928,0.736214605067066,0.792336593370051,1.49997284789463,0.401405152224823,0.857494145199062,1.22870717785695,0.629449648711941,115,1.06492322577177,51,0.605902517903894,64,1.39817864942443,18,-0.208804298000755,33,1.27336374327569,33,1.08255503055722,31,1.50864279457903,0.801511034447525,0.711395964687715,0.482435597189696,0.449180327868853,0.770521407416519,0.463960447567004,14,0.621014985642558,6,0.599369861479597,8,0.573236551598352,1.42952223678919,2.83073051742213,2.14597970335675,3.97365339578454,1.67042558815822,2.87704918032787,88,2.0170837481171,48,1.29999979570413,40,2.41141526538527,2.6072056075793,1.51323784600431,1.96291959406714,1.09836065573771,2.41436917997946,1.61709601873536,36,2.30646504637477,24,2.44286843498126,12,1.51938836841944,2,2,2,2,2,1,2,2,2,2,2,2,2,2,2,2,4,4,4,4,4,2,4,4,4,4,4,4,4,3,4,3
"5e8d8435bfdc8700083fb7ba",0.0643042191579288,-1.01605775179802,0.376466248489086,-0.0440638626468684,0.0519906323185006,-0.749180327868852,0.227946916471506,0.00894187779433595,-0.402221190897856,0.174591856867559,-0.348594847775175,0.107494145199064,-0.108827318605333,-0.120550351288055,85,-0.203950974036283,36,-0.526187805075814,49,0.175273521804127,12,-1.04861059545434,24,0.0695416361641339,25,0.0131484416666867,24,0.341933011138741,0.0351473878053476,-0.34040486377953,0.232435597189695,-0.350819672131147,-0.130109973521777,-0.0915951079885499,9,-0.122600827227246,5,0.288774071610923,4,-0.44771029942353,2.20988465396786,-1.06525006419076,2.97931303669009,-1.52634660421546,1.85810911365918,1.17704918032787,71,0.82522286675104,53,1.80481965089299,18,-0.926264858827082,0.0398866776935993,0.560735120963482,-0.0370804059328648,0.348360655737705,0.235090171858469,0.117096018735363,21,0.167014123560808,12,-0.046146848543094,9,0.481895564610644,1,1,2,2,2,1,2,2,1,2,2,2,1,1,2,1,2,2,3,3,3,1,3,3,2,3,4,4,1,2,3,2
"5e8dd92db23386062b7605ac",-0.581966079486662,-0.589181248444209,-0.675214084884423,-0.409436974468068,-0.448009367681501,-0.349180327868854,-0.549830861306271,-0.263785394932937,-0.618730547418673,-0.587194394948082,-0.398594847775177,-0.392505854800939,-0.631372755537779,-0.395550351288054,74,-0.669204847299236,35,-0.601660493274461,39,-0.639996563276073,16,-0.488739730485283,19,-0.599248423342289,22,-0.387879029167263,17,-0.824776772301552,-0.369775201598146,-0.742164933466751,-0.267564402810305,-0.550819672131147,-0.556687352763009,-0.424928441321885,6,-0.568770314949129,3,-0.332417508126427,3,-0.702947012179001,-0.484198719652561,0.011141511320961,-0.854020296643247,0.223653395784543,-0.440401628629954,-0.42295081967213,55,-0.296528551005248,30,-0.517351682975745,25,0.135724271604122,-1.38420202016276,-0.98509773141656,-1.03708040593287,-0.651639344262295,-1.32841016443432,-0.882903981264637,11,-1.2592864916485,6,-1.29065449030527,5,-0.901428173801088,1,1,1,1,1,1,1,1,1,1,1,1,2,1,1,1,2,2,2,2,2,2,2,1,1,1,2,2,3,2,2,2
"5e8e03539acb27066c117f7e",0.596596915439067,0.598311652036201,0.515214218269846,0.352081751235406,0.451990632318501,0.350819672131144,0.339058027582617,0.19076005961252,0.661149919656974,0.47475980414714,0.401405152224823,0.257494145199064,0.60354865176671,0.32944964871194,103,0.55737354584855,51,0.605902517903894,52,0.419854547328188,23,0.491034283210566,28,0.604573683769272,27,0.28050008888932,25,0.508605837344497,0.801511034447525,1.37257974650988,0.482435597189696,0.849180327868853,1.05863931417117,0.686182669789227,16,0.91846131079048,6,0.599369861479597,10,1.08370997710929,-0.830524596900774,-0.780941782534825,-2.02068696330992,-1.27634660421546,-0.868446533246129,-1.72295081967213,42,-1.20795157793223,23,-1.22409948024014,19,-0.774552125908339,1.43135392462996,0.342274369680211,1.1295862607338,0.348360655737704,1.17499504415559,0.817096018735363,28,1.16542455420732,19,1.40577873351278,9,0.481895564610644,2,2,2,2,2,2,2,2,2,2,1,1,1,2,2,2,3,3,3,3,3,3,3,4,4,3,1,1,2,4,4,4
"5e8f0fb01bd6f703916ee5e8",-0.338586117949243,-0.465087269871581,0.186942127787967,-1.25119889376469,-0.248009367681499,-0.449180327868854,0.227946916471507,-0.900149031296572,-0.449029392537246,-0.535592539173497,-0.348594847775176,-0.392505854800935,-0.511394322503386,-0.370550351288058,75,-0.626909040638968,36,-0.526187805075814,39,-0.639996563276073,15,-0.628707446727548,21,-0.33173239953972,15,-1.32360979444648,24,0.341933011138741,-0.941309208169369,-0.106766141688026,-0.517564402810305,-0.150819672131147,-0.565905000900417,-0.313817330210771,7,-0.420047152375168,2,-0.643013297995102,5,-0.19247358666806,-0.836384865987844,-1.40450923185843,-1.85402029664325,-1.52634660421546,-0.933659624547673,-1.72295081967213,42,-1.20795157793223,24,-1.12313550920237,18,-0.926264858827082,-1.60839684527004,0.74312631875035,-1.20374707259953,0.598360655737705,-0.847855435574753,-0.482903981264637,15,-0.688766245564775,5,-1.49807243059897,10,0.827726499213578,1,1,1,1,2,1,1,1,1,2,1,1,1,1,1,2,2,2,2,2,3,2,1,1,1,3,1,1,1,2,1,3
"5e8f352c105bbd048bce4084",0.0819472391918627,-0.637612049291718,-0.532227959994305,-0.30589277460499,0.051990632318502,-0.449180327868852,-0.438719750195159,-0.263785394932936,-0.252448258654392,-0.458432021821639,-0.198594847775175,-0.342505854800937,-0.337687058980684,-0.270550351288057,79,-0.457725813997894,39,-0.299769740479872,40,-0.558469554768053,15,-0.628707446727548,24,0.0695416361641339,22,-0.387879029167263,18,-0.658103946095795,-0.294627256726416,-0.508526211375251,-0.267564402810304,-0.350819672131147,-0.409627186935519,-0.313817330210773,7,-0.420047152375168,3,-0.332417508126427,4,-0.44771029942353,-1.18346030641548,-0.764269521112652,-0.68735362997658,-2.02634660421546,-1.17418794433102,-1.22295081967213,47,-0.857404259883393,31,-0.416387711937974,16,-1.22969032466457,-0.182799642301427,0.900284919133409,-0.0370804059328654,0.0983606557377063,0.0672571651517858,0.0170960187353626,20,0.0243840620398779,12,-0.046146848543094,8,0.136064630007711,1,1,1,2,1,1,1,1,1,2,1,1,1,1,2,1,2,2,2,3,2,2,2,2,2,4,1,1,2,2,3,2
"5e8f49e5cb8d6321556f8e8e",-0.616292601363835,-0.984044041958717,0.0434351323413592,1.48682032074789,-0.448009367681499,-0.649180327868854,0.00572469424928496,1.00894187779434,-0.834375429488742,0.802414813908999,-0.548594847775174,0.55749414519906,-0.109109929231532,0.00444964871194166,90,0.00752805926505962,32,-0.828078557870403,58,0.909016598376308,13,-0.908642879212076,19,-0.599248423342289,36,1.48358250139117,22,0.00858735872722888,2.39231129241911,2.33453832512018,1.9824355971897,1.84918032786885,2.49035990475994,1.90840489201145,27,2.55441609910405,12,2.46294460069165,15,2.35989354088664,-0.159335810253928,0.333606461925503,-0.520686963309913,0.473653395784544,-0.109090944799167,-0.122950819672132,58,-0.0862001601759444,32,-0.315423740900203,26,0.287437004522865,0.939720503556342,1.2346075590829,0.629586260733803,0.848360655737705,1.1127724390051,0.717096018735363,27,1.02279449268639,16,0.783524912631691,11,1.17355743381651,1,1,2,1,2,1,2,2,2,2,1,1,2,2,2,2,2,1,4,2,3,1,4,4,4,4,2,2,3,4,4,4
"5e8f4d8918ca6c2314765d92",-0.106276144978268,0.223516025707698,0.542923396705605,-0.270398977564118,-0.0480093676814974,0.150819672131148,0.339058027582619,-0.0819672131147556,0.00313791569548626,0.178569900320902,0.0514051522248244,0.107494145199064,0.0886098983343713,0.0794496487119412,93,0.134415479245865,44,0.0775937005133635,49,0.175273521804127,21,0.211098850726038,23,-0.0642163757371506,24,-0.12052738194463,25,0.508605837344497,0.170136180276691,-0.938422267760498,0.232435597189696,-0.550819672131147,-0.298816700807746,-0.202706219099662,8,-0.271323989801207,5,0.288774071610923,3,-0.702947012179001,-0.620428425860482,0.306648771251334,-0.854020296643249,0.723653395784544,-0.519173752552246,-0.22295081967213,57,-0.156309623785712,30,-0.517351682975745,27,0.439149737441609,-0.649781533248918,0.929994699147291,-0.370413739266198,0.598360655737705,-0.12352054733392,0.017096018735363,20,0.0243840620398779,10,-0.460982729130486,10,0.827726499213578,2,2,2,1,2,2,1,1,1,2,1,1,2,1,2,1,3,3,3,2,3,3,2,2,2,4,2,2,3,2,3,2
"5e8f575af8e1582376e8ee9d",1.16995383031579,0.28996009095631,1.06356631801879,0.785984078102802,0.851990632318502,0.25081967213115,0.67239136091595,0.55439642324888,0.871851472871532,0.997091856828478,0.551405152224826,0.607494145199067,1.0207204028349,0.579449648711948,113,0.980331612451235,54,0.832320582499835,59,0.990543606884328,22,0.351066566968302,32,1.13960573137441,31,0.815203383334586,28,1.00862431596177,1.61308030815636,1.0074687681667,0.982435597189696,1.04918032786885,1.39305871104436,1.01951600312256,19,1.36463079851236,8,1.22056144121695,11,1.33894668986476,1.21658313502418,1.75433894191041,1.81264637002342,2.22365339578454,1.33549741491764,1.97704918032787,79,1.38609857562918,46,1.09807185362859,33,1.34942613495407,0.627060027921708,2.10095817547141,0.296252927400468,1.34836065573771,1.14418446826276,0.717096018735363,27,1.02279449268639,14,0.368689032044298,13,1.86521930302238,2,2,2,2,2,2,2,2,2,2,2,2,2,2,2,2,4,4,4,4,4,3,4,4,3,4,4,4,4,4,4,4
"5e8f740429529124dfc3e7a5",-0.615072216692475,-0.42337633775691,-0.632429365848388,-0.0302386132277513,-0.448009367681499,-0.249180327868853,-0.43871975019516,0.00894187779433628,-0.576232647439318,-0.367608735929417,-0.348594847775174,-0.192505854800937,-0.516246568764134,-0.270550351288055,79,-0.457725813997894,36,-0.526187805075814,43,-0.313888529243993,17,-0.348772014243019,19,-0.599248423342289,25,0.0131484416666867,18,-0.658103946095795,-0.0698990868609226,0.0964258842699611,-0.0175644028103044,0.0491803278688524,0.0183880012156197,0.0195160031225606,10,0.0261223353467146,4,-0.0218217182577522,6,0.0627631260874107,-1.96520547565029,1.25280312682044,-2.35402029664325,1.72365339578454,-1.62358759975408,-0.722950819672131,52,-0.506856941834553,21,-1.42602742231568,31,1.04600066911658,0.184897028527894,-0.80270653362969,0.129586260733803,-0.401639344262295,-0.122996733016132,-0.0829039812646367,19,-0.118245999481053,13,0.161271091750602,6,-0.555597239198155,1,1,1,1,1,1,2,1,2,1,1,1,2,2,2,2,2,2,2,2,2,2,3,2,3,2,1,1,4,3,3,3
"5e90a8363f920e3bda6b5068",-0.480235258175066,-0.874624647408921,-1.00441867040499,-1.59162774972258,-0.348009367681499,-0.649180327868854,-0.549830861306271,-1.08196721311475,-0.7042018983046,-1.36363403111043,-0.498594847775174,-0.842505854800939,-1.04633081467198,-0.670550351288059,63,-1.13445872056219,33,-0.752605869671756,30,-1.37373963984825,13,-0.908642879212076,20,-0.465490411441004,13,-1.59096144166911,17,-0.824776772301552,-1.39076554790036,-0.973452658903675,-1.0175644028103,-0.750819672131147,-1.24590134145105,-0.869372885766328,2,-1.16366296524497,0,-1.26420487773245,2,-0.958183724934471,-0.833066484834424,-1.02461350465987,-1.18735362997658,-1.77634660421546,-0.90253624115569,-1.42295081967213,45,-0.997623187102929,28,-0.719279625051286,17,-1.07797759174583,-0.785579444430547,-0.985097731416564,-0.537080405932865,-0.651639344262295,-0.907190076900023,-0.582903981264637,14,-0.831396307085705,9,-0.668400669424183,5,-0.901428173801088,1,1,1,1,1,1,1,1,1,1,1,1,1,1,1,1,1,2,1,2,1,1,1,1,1,1,1,1,1,1,1,2
"5e91ea1dd8c359520ecb6e8d",-0.713776614699252,-0.0777434269466288,-0.367700403991514,-1.21855948776377,-0.548009367681499,-0.0491803278688523,-0.216497527972937,-0.809239940387481,-0.51606967947157,-0.836092006421542,-0.298594847775176,-0.542505854800938,-0.723978111324618,-0.420550351288056,73,-0.711500653959505,37,-0.450715116877167,36,-0.884577588800133,19,-0.0688365817584908,18,-0.733006435243573,16,-1.18993397083516,20,-0.324758293684283,-0.866161263297638,-1.20019697655002,-0.517564402810304,-0.750819672131147,-1.00374511163044,-0.647150663544105,4,-0.866216640097051,2,-0.643013297995102,2,-0.958183724934471,-0.781339847491481,-0.91065699979721,-1.52068696330991,-1.27634660421546,-0.848611457487038,-1.42295081967213,45,-0.997623187102929,26,-0.921207567126828,19,-0.774552125908339,-0.176930293348734,0.591194876587736,-0.0370804059328647,0.0983606557377057,0.0352154819668059,0.0170960187353628,20,0.0243840620398779,12,-0.046146848543094,8,0.136064630007711,1,1,1,1,1,2,1,1,1,2,1,1,1,1,1,1,2,2,1,2,2,3,1,2,2,3,1,2,1,1,1,1
"5e9236158bf2d5062a25df9c",0.110503348257867,0.907367650382784,-0.704807031794455,0.296591395157422,0.0519906323185029,0.650819672131151,-0.43871975019516,0.19076005961252,0.448605733411186,-0.266563481897989,0.351405152224823,-0.0925058548009382,0.0865250660449938,0.12944964871195,95,0.219007092566402,50,0.530429829705247,45,-0.150834512227953,26,0.910937431937359,24,0.0695416361641339,27,0.28050008888932,18,-0.658103946095795,1.26795477834194,0.90911341366374,0.982435597189695,0.849180327868852,1.1287451361849,0.908404892011448,18,1.2159076359384,8,1.22056144121695,10,1.08370997710929,0.754909037278296,0.786822134455836,0.145979703356754,0.973653395784542,0.751196044828117,0.477049180327867,64,0.334456621482664,36,0.0884321432508812,28,0.590862470360352,-0.224331290604663,-1.23401823832408,-0.203747072599533,-0.401639344262296,-0.479507393453507,-0.282903981264637,17,-0.403506122522914,11,-0.25356478883679,6,-0.555597239198155,2,2,1,2,1,2,2,1,1,1,2,2,2,2,2,2,3,3,2,3,2,4,3,2,2,1,4,3,3,4,4,4
"5e925105a981b55934a34813",0.601944304187219,-0.67237327823384,0.901591009478993,0.429283810132216,0.451990632318501,-0.449180327868854,0.56128024980484,0.281669150521609,0.141789028554712,0.711587316741803,0.0014051522248251,0.407494145199064,0.451466074307502,0.204449648711943,98,0.345894512547207,43,0.00212101231471628,55,0.664435572852248,15,-0.628707446727548,28,0.604573683769272,28,0.414175912500636,27,0.841951489756009,-0.294627256726416,-1.00393964225627,-0.267564402810304,-0.750819672131147,-0.638110396404284,-0.536039552432996,5,-0.71749347752309,3,-0.332417508126427,2,-0.958183724934471,-1.58132040866756,-1.73465776549173,-2.18735362997658,-2.02634660421546,-1.67998484184721,-2.12295081967213,38,-1.48838943237131,22,-1.32506345127791,16,-1.22969032466457,-0.286408272317048,0.0636440827588074,-0.203747072599532,0.0983606557377049,-0.195572466465229,-0.0829039812646367,19,-0.118245999481053,11,-0.25356478883679,8,0.136064630007711,2,2,2,2,2,1,2,1,1,2,1,1,1,1,1,1,3,3,3,3,4,2,3,2,2,3,1,1,1,2,2,1
"5e9274acc6ec095b446e98b9",-1.25658600794058,0.329745119488914,-1.79386606523027,1.930275396309,-0.948009367681499,0.250819672131149,-1.10538641686183,1.19076005961252,-0.683720812130245,-0.000740910812249612,-0.348594847775175,0.157494145199064,-0.484248012671264,-0.0955503512880559,86,-0.161655167376014,36,-0.526187805075814,50,0.256800530312148,22,0.351066566968302,14,-1.26803848284871,38,1.7509341486138,12,-1.65814090333033,1.65588996358201,1.1169671457118,1.4824355971897,1.04918032786885,1.5428421944418,1.24173822534478,21,1.66207712366028,10,1.8417530209543,11,1.33894668986476,-0.247960704793104,-0.967696230049015,-0.687353629976582,-1.77634660421546,-0.34225458201526,-1.12295081967213,48,-0.787294796273625,31,-0.416387711937974,17,-1.07797759174583,-0.0637219523220442,0.0636440827588163,-0.203747072599531,0.0983606557377049,-0.00788980637345599,-0.0829039812646369,19,-0.118245999481053,11,-0.25356478883679,8,0.136064630007711,1,1,1,1,1,2,2,1,1,2,1,1,1,2,2,2,2,2,2,1,1,3,4,2,2,3,2,2,1,4,4,4
"5e930386eef45e63f94b6224",-0.456785232187916,-0.0498125234642858,-0.264461625972362,0.748234796617932,-0.3480093676815,-0.0491803278688518,-0.105386416861827,0.554396423248883,-0.328145712474047,0.250389772412279,-0.198594847775178,0.25749414519906,-0.101207730203039,0.0294496487119439,91,0.0498238659253281,39,-0.299769740479872,52,0.419854547328188,19,-0.0688365817584908,20,-0.465490411441004,31,0.815203383334586,21,-0.158085467478527,-0.594503371463641,-0.973452658903674,-0.517564402810305,-0.750819672131147,-0.808617441086209,-0.647150663544107,4,-0.866216640097051,2,-0.643013297995102,2,-0.958183724934471,0.523838501223643,0.761944287324669,0.979313036690086,0.723653395784543,0.583072854462275,0.877049180327869,68,0.614894475921736,41,0.593251998439736,27,0.439149737441609,1.1731277683163,0.250512463155761,0.796252927400469,0.0983606557377049,0.904054972748941,0.517096018735363,25,0.73753436964453,17,0.990942852925387,8,0.136064630007711,1,1,2,1,1,2,2,2,2,2,2,2,2,1,1,1,2,2,3,2,2,3,4,4,4,3,3,3,3,2,2,2
"5e9378c1facc7d6c21fa8310",0.952653060174312,1.4906922844577,0.0482835915247463,-0.421084184481014,0.651990632318499,1.05081967213115,0.00572469424928357,-0.263785394932934,1.28100911329218,-0.198637885536404,0.851405152224823,-0.142505854800938,0.621055891049579,0.354449648711945,104,0.599669352508818,60,1.28515671169172,44,-0.232361520735973,30,1.47080829690642,30,0.872089707571841,22,-0.387879029167263,22,0.00858735872722888,0.00524885801080645,0.858316017249661,-0.0175644028103041,0.649180327868852,0.41540504188856,0.352849336455895,13,0.472291823068597,4,-0.0218217182577522,9,0.828473264353822,-0.766404961224265,-0.699024705151855,-1.35402029664325,-0.526346604215457,-0.800260290741993,-1.02295081967213,49,-0.717185332663857,27,-0.820243596089057,22,-0.319413927152108,0.710303103765707,1.05221636129603,0.462919594067135,0.598360655737705,0.842658953980068,0.517096018735363,25,0.73753436964453,15,0.576106972337995,10,0.827726499213578,2,2,1,2,2,2,1,2,2,2,1,1,1,2,2,2,3,4,2,4,3,4,2,4,3,4,1,2,2,3,3,4
"5e9451b8ae0620000814b5bd",-0.30901706488681,-1.19304707652107,0.0866476861809633,0.30989229139564,-0.248009367681501,-0.849180327868854,0.116835805360396,0.190760059612519,-0.689173628013581,0.216697253495903,-0.548594847775176,0.157494145199062,-0.313283151924731,-0.195550351288058,82,-0.330838394017088,32,-0.828078557870403,50,0.256800530312148,11,-1.1885783116966,21,-0.33173239953972,27,0.28050008888932,23,0.175260184932985,-0.519355426591913,0.09877688092454,-0.517564402810304,0.0491803278688523,-0.274130399814601,-0.202706219099661,8,-0.271323989801207,2,-0.643013297995102,6,0.0627631260874107,-0.16233989566481,0.195172156970957,0.145979703356755,-0.0263466042154564,-0.105503309877727,0.0770491803278693,60,0.0540187670435917,36,0.0884321432508812,24,-0.0159884613146216,0.77806965519331,-0.118747115028074,0.629586260733803,-0.151639344262295,0.463431296114221,0.317096018735363,23,0.452274246602669,16,0.783524912631691,7,-0.209766304595221,1,1,2,1,2,1,2,2,2,1,1,1,2,1,1,2,2,2,3,2,3,1,3,3,3,2,2,2,3,2,2,3
"5e94cb92f8e158837cbcbaa7",0.777197249584794,1.62330100912565,0.572835784481346,1.63261527394879,0.551990632318501,1.15081967213115,0.450169138693729,1.09985096870343,1.24114216816712,1.17146365057494,0.851405152224823,0.807494145199062,1.21440736063858,0.829449648711946,123,1.40328967905392,60,1.28515671169172,63,1.31665164091641,31,1.61077601314868,29,0.738331695670557,37,1.61725832500249,26,0.675278663550253,0.60668139437657,1.63670545195398,0.482435597189695,1.04918032786885,1.06309424138598,0.797293780900339,17,1.06718447336444,6,0.599369861479597,11,1.33894668986476,-1.06521665609515,-0.937614690471377,-1.52068696330992,-1.02634660421546,-1.0906288208723,-1.32295081967213,46,-0.927513723493161,26,-0.921207567126828,20,-0.622839392989595,0.719910279229428,1.73169859728758,0.462919594067135,1.09836065573771,1.1142147528399,0.717096018735363,27,1.02279449268639,15,0.576106972337995,12,1.51938836841944,2,2,2,2,2,2,2,2,2,2,1,1,1,2,2,2,4,4,4,4,3,4,4,4,3,4,1,1,1,4,3,4
"5e94f15200703c858a64f0b9",0.636041683260343,1.25328021633554,0.901591009478991,0.0544314827903297,0.451990632318502,0.850819672131147,0.56128024980484,0.00894187779433982,0.916636057840238,0.517457739352545,0.651405152224824,0.257494145199061,0.775982224968949,0.454449648711943,108,0.768852579149892,56,0.98326595889713,52,0.419854547328188,28,1.19087286442189,28,0.604573683769272,25,0.0131484416666867,27,0.841951489756009,-0.0698990868609219,0.0478611862109685,-0.0175644028103044,0.0491803278688526,0.00156420651557684,0.0195160031225608,10,0.0261223353467146,4,-0.0218217182577522,6,0.0627631260874107,0.889114584292767,-0.824058232647998,1.14597970335675,-0.776346604215456,0.704429812865092,0.377049180327868,63,0.264347157872896,42,0.694215969477507,21,-0.471126660070852,0.0761957513135307,0.282104834042065,0.129586260733801,0.098360655737705,0.101470744332175,0.117096018735363,21,0.167014123560808,13,0.161271091750602,8,0.136064630007711,2,2,2,2,2,2,2,2,2,2,2,2,1,2,2,2,4,4,3,3,4,4,3,3,3,3,3,4,1,3,3,3
"5e95cf855436f401c90f5a43",-0.0440188821626612,0.0577120912207161,-0.279639442509392,-1.07764781488221,-0.0480093676814993,0.0508196721311474,-0.105386416861828,-0.627421758569301,-0.0056143226616978,-0.701617075367671,0.00140515222482475,-0.392505854800935,-0.33295051709355,-0.195550351288054,82,-0.330838394017088,43,0.00212101231471628,39,-0.639996563276073,20,0.0711311344837735,23,-0.0642163757371506,18,-0.922582323612529,21,-0.158085467478527,-0.594503371463642,1.90083115739808,-0.517564402810305,1.24918032786885,0.496015331582763,0.463960447567006,14,0.621014985642558,2,-0.643013297995102,12,1.59418340262023,0.481947273405218,0.569594601021786,0.979313036690084,0.723653395784543,0.511902595501159,0.87704918032787,68,0.614894475921736,41,0.593251998439736,27,0.439149737441609,0.794672718779075,1.05221636129603,0.629586260733801,0.598360655737705,0.916169059968233,0.617096018735363,26,0.880164431165461,16,0.783524912631691,10,0.827726499213578,1,2,1,2,1,2,1,2,2,2,2,2,2,2,1,2,2,3,2,3,2,3,1,4,4,4,3,3,3,3,2,4
"5e9738bc513f641e31b23692",0.195439946883738,1.08153667150582,-1.18203009861639,1.61265730552836,0.151990632318501,0.750819672131148,-0.883164194639605,1.09985096870343,0.577116697365627,0.175954805141035,0.451405152224822,0.207494145199061,0.403934817204686,0.329449648711944,103,0.55737354584855,52,0.681375206102541,51,0.338327538820168,27,1.05090514817962,25,0.203299648065418,37,1.61725832500249,14,-1.32479525091882,-0.294627256726417,-0.333470172115284,-0.267564402810304,-0.150819672131148,-0.314650449770155,-0.202706219099662,8,-0.271323989801207,3,-0.332417508126427,5,-0.19247358666806,-0.992595179545523,1.25280312682044,-1.02068696330991,1.72365339578454,-0.730582406394289,0.0770491803278699,60,0.0540187670435917,29,-0.618315654013515,31,1.04600066911658,-0.306773826488684,-1.02116728491295,-0.203747072599531,-0.401639344262295,-0.528972999113817,-0.282903981264637,17,-0.403506122522914,11,-0.25356478883679,6,-0.555597239198155,2,2,2,2,1,2,2,1,1,1,1,1,2,1,1,1,3,3,3,3,1,4,4,2,2,1,2,1,4,2,2,2
"5e99d5b9fbe44c03b527e01f",-1.30231197566406,1.10369307186697,-0.80231004126968,0.653413446498978,-0.948009367681498,0.750819672131148,-0.549830861306271,0.463487332339791,-0.392724112945181,-0.0679669075115475,-0.0985948477751763,0.00749414519905781,-0.329117066933265,-0.045550351288056,88,-0.0770635540554774,41,-0.148824364082578,47,0.0122195047880873,27,1.05090514817962,14,-1.26803848284871,30,0.681527559723269,17,-0.824776772301552,0.546840546776957,0.456555947562434,0.482435597189695,0.449180327868852,0.519711325690067,0.463960447567005,14,0.621014985642558,6,0.599369861479597,8,0.573236551598352,1.46072555283877,1.05484970103181,2.31264637002342,0.973653395784543,1.47799123647098,1.77704918032787,77,1.24587964840965,49,1.4009637667419,28,0.590862470360352,-0.611328167319201,2.28334937325826,-0.370413739266198,1.59836065573771,0.452016283358991,0.417096018735362,24,0.5949043081236,10,-0.460982729130486,14,2.21105023762531,1,1,1,1,1,2,2,2,1,2,2,2,2,2,2,2,2,2,2,1,1,4,3,3,2,4,4,4,4,3,3,3
"5e9a567a22a6fa0ee4cf44f1",-0.485232038668336,-0.660890441586379,-0.540867432605934,-0.543954383736777,-0.348009367681499,-0.449180327868853,-0.216497527972938,-0.354694485842027,-0.600340278171004,-0.578569454279565,-0.398594847775177,-0.292505854800937,-0.60713687163835,-0.345550351288057,76,-0.584613233978699,35,-0.601660493274461,41,-0.476942546260033,15,-0.628707446727548,20,-0.465490411441004,21,-0.521554852778579,20,-0.324758293684283,-1.39076554790036,-0.973452658903675,-1.0175644028103,-0.750819672131147,-1.24590134145105,-0.869372885766328,2,-1.16366296524497,0,-1.26420487773245,2,-0.958183724934471,-0.615136411097509,-0.745265004168499,-1.02068696330991,-1.02634660421546,-0.679225413664677,-1.02295081967213,49,-0.717185332663857,29,-0.618315654013515,20,-0.622839392989595,-0.989408715366191,0.0636440827588038,-0.703747072599532,0.0983606557377049,-0.672339027779527,-0.382903981264637,16,-0.546136184043844,8,-0.875818609717879,8,0.136064630007711,1,1,1,1,1,1,1,1,1,1,1,1,1,1,1,1,2,2,2,2,2,2,2,2,1,2,2,2,2,1,1,2
"5e9ae66dae84d217d8c34f30",-1.04507142754025,-0.288471431244061,-1.61180720939629,-0.245771616412541,-0.748009367681498,-0.149180327868852,-0.994275305750716,-0.0819672131147548,-0.809581372127162,-1.03658888752975,-0.448594847775174,-0.492505854800937,-0.993691024907069,-0.470550351288054,71,-0.796092267280042,34,-0.677133181473108,37,-0.803050580292113,18,-0.208804298000755,16,-1.00052245904614,24,-0.12052738194463,13,-1.49146807712458,1.01332807868191,0.877166315628862,0.482435597189695,0.449180327868853,0.89071603628029,0.463960447567003,14,0.621014985642558,6,0.599369861479597,8,0.573236551598352,-0.338679734101877,-2.0026853320677,-0.0206869633099136,-2.02634660421546,-0.593318300188452,-0.822950819672131,51,-0.576966405444321,35,-0.0125318277868897,16,-1.22969032466457,-0.393397426975637,-1.5126485252455,-0.203747072599532,-0.651639344262296,-0.754109012838784,-0.382903981264636,16,-0.546136184043844,11,-0.25356478883679,5,-0.901428173801088,1,1,1,1,1,1,1,1,1,1,1,1,1,2,2,2,1,2,1,1,1,2,2,2,2,1,2,2,1,4,4,4
"5e9b0b66b3c35c000ab893e7	",-0.0778222680661705,-0.198699997491612,1.39404159951592,1.1212330746423,-0.048009367681498,-0.0491803278688518,0.894613583138173,0.736214605067063,-0.134100223822188,1.35985460236909,-0.0485948477751743,0.807494145199063,0.590504966672822,0.379449648711943,105,0.641965159169087,42,-0.0733516758839309,63,1.31665164091641,19,-0.0688365817584908,23,-0.0642163757371506,33,1.08255503055722,30,1.34196996837328,1.83780847802185,0.502769648966851,1.2324355971897,0.449180327868852,1.27765877797328,0.797293780900336,17,1.06718447336444,9,1.53115723108562,8,0.573236551598352,1.74206259784028,0.916415396077262,2.81264637002342,0.473653395784543,1.7144782170647,1.87704918032787,78,1.31598911201942,52,1.70385567985522,26,0.287437004522865,1.33190252101124,1.2346075590829,0.962919594067136,0.848360655737705,1.36894714328131,0.917096018735363,29,1.30805461572825,18,1.19836079321908,11,1.17355743381651,2,1,2,1,2,1,2,2,2,2,2,2,2,2,2,2,3,2,4,2,4,2,4,4,4,4,4,4,4,4,4,3
"5e9b5cb44fba22057756a170",1.2980813093447,2.34970029938105,0.104078681936968,0.441189051774857,0.9519906323185,1.55081967213115,0.116835805360395,0.281669150521611,1.90794915911535,0.323828765695855,1.25140515222482,0.20749414519906,1.25667061381298,0.72944964871194,119,1.23410645241285,68,1.8889382172809,51,0.338327538820168,35,2.17064687811774,33,1.27336374327569,28,0.414175912500636,23,0.175260184932985,0.876658979319253,2.33453832512019,0.482435597189696,1.84918032786885,1.58132526121231,1.24173822534478,21,1.66207712366028,6,0.599369861479597,15,2.35989354088664,1.63150831444756,1.60534961700262,2.31264637002342,2.72365339578454,1.69160699803679,2.47704918032787,84,1.73664589367802,49,1.4009637667419,35,1.65285160079156,1.83694304207742,-0.924928195778408,1.29625292740047,-0.401639344262296,0.997915950637064,0.617096018735363,26,0.880164431165461,20,1.61319667380648,6,-0.555597239198155,2,2,2,2,2,2,2,2,2,1,2,2,2,2,2,2,4,4,3,4,3,4,3,4,4,1,4,4,4,4,4,4
"5e9b7a64a746bc08ba3df257",1.26134867680746,1.10983511142971,0.901591009478995,0.0414737137348804,0.9519906323185,0.650819672131145,0.56128024980484,0.0998509687034235,1.30353274193757,0.567869469300979,0.801405152224824,0.307494145199064,1.05036642228551,0.55444964871194,112,0.938035805790966,59,1.20968402349307,53,0.501381555836208,26,0.910937431937359,33,1.27336374327569,26,0.146824265278003,27,0.841951489756009,-0.294627256726418,0.451972252552772,-0.267564402810304,0.249180327868852,0.0292750541426464,0.0195160031225614,10,0.0261223353467146,3,-0.332417508126427,7,0.317999838842881,1.24146196072294,0.637310806867802,2.31264637002342,0.723653395784543,1.21396296118447,1.67704918032787,76,1.17577018479988,49,1.4009637667419,27,0.439149737441609,0.89788661298368,0.246035280545673,0.796252927400469,0.348360655737705,0.760352373964248,0.617096018735363,26,0.880164431165461,17,0.990942852925387,9,0.481895564610644,2,2,2,2,2,2,2,2,2,2,2,2,2,2,1,2,4,4,3,4,4,4,3,3,4,3,4,4,3,3,2,3
"5e9bcccaf08add0db471c5a8",-1.31266533558042,-1.26277098776799,-1.08418217605646,-0.970131653439938,-0.948009367681498,-0.849180327868853,-0.772053083528493,-0.627421758569301,-1.41800548044413,-1.10172655846433,-0.898594847775176,-0.692505854800938,-1.33012198300686,-0.795550351288056,58,-1.34593775386353,25,-1.35638737526093,33,-1.12915861432419,11,-1.1885783116966,14,-1.26803848284871,18,-0.922582323612529,15,-1.15812242471306,-0.59450337146364,-0.50852621137525,-0.517564402810305,-0.350819672131147,-0.597275665470029,-0.424928441321884,6,-0.568770314949129,2,-0.643013297995102,4,-0.44771029942353,-0.745809090749633,-1.3715562553563,-0.854020296643247,-2.02634660421546,-0.848527259802035,-1.32295081967213,46,-0.927513723493161,30,-0.517351682975745,16,-1.22969032466457,-1.61687748156441,-1.66457996740811,-1.20374707259953,-1.15163934426229,-1.77693695864307,-1.18290398126464,8,-1.68717667621129,5,-1.49807243059897,3,-1.59309004300695,1,1,1,1,1,1,1,1,1,1,1,1,1,1,1,1,1,1,1,1,1,1,1,1,1,1,1,2,1,2,2,2
"5e9dceda49a7261194bbe54e",0.550534560569546,1.10892606387334,1.74685502043584,0.118737259782225,0.351990632318501,0.850819672131148,1.1168358053604,0.099850968703427,0.808751756322881,1.0547397004616,0.601405152224825,0.557494145199064,0.968875909520387,0.579449648711946,113,0.980331612451235,55,0.907793270698482,58,0.909016598376308,28,1.19087286442189,27,0.470815671867988,26,0.146824265278003,32,1.67531562078479,0.00524885801080757,0.0478611862109678,-0.0175644028103041,0.0491803278688526,0.040787368772926,0.0195160031225609,10,0.0261223353467146,4,-0.0218217182577522,6,0.0627631260874107,0.273433013619515,-0.379039645129595,0.145979703356752,-0.026346604215457,0.18402348735834,0.0770491803278688,60,0.0540187670435917,36,0.0884321432508812,24,-0.0159884613146216,0.771695877265777,-0.245445959786869,0.629586260733802,0.0983606557377043,0.52634569250954,0.417096018735363,24,0.5949043081236,16,0.783524912631691,8,0.136064630007711,2,2,2,2,2,2,2,2,2,1,2,2,1,2,2,2,4,4,4,3,4,4,3,3,3,2,3,3,2,3,3,3
"5e9dcfa47d1321126551450b",-0.485232038668334,-0.694766480369378,-1.62027317367384,-1.30527914245338,-0.348009367681499,-0.449180327868855,-1.10538641686183,-0.718330849478394,-0.605123515233676,-1.6111143494351,-0.398594847775177,-0.892505854800935,-1.08283217830513,-0.645550351288055,64,-1.09216291390192,35,-0.601660493274461,29,-1.45526664835627,15,-0.628707446727548,20,-0.465490411441004,17,-1.05625814722385,12,-1.65814090333033,-0.219479311854687,-0.284132890383488,-0.267564402810304,-0.350819672131147,-0.280818691211213,-0.313817330210773,7,-0.420047152375168,3,-0.332417508126427,4,-0.44771029942353,0.815422552234283,0.512799282051893,1.47931303669009,1.22365339578454,0.813005412642108,1.37704918032787,73,0.965441793970576,44,0.896143911553049,29,0.742575203279096,-0.629415979077281,-0.584245782346427,-0.370413739266199,-0.401639344262295,-0.678578488684177,-0.382903981264637,16,-0.546136184043844,10,-0.460982729130486,6,-0.555597239198155,1,1,1,1,1,1,1,1,1,1,2,2,2,1,2,1,1,2,1,2,1,2,1,2,2,2,4,4,3,2,3,2
"5e9f1f0a0de35f056a5ff749",0.0818816001800076,0.993849565353569,0.636862047622113,1.61688889470218,0.0519906323185008,0.65081967213115,0.339058027582617,1.09985096870343,0.49854245519167,1.19041766156754,0.351405152224824,0.757494145199061,0.832692447665932,0.554449648711947,112,0.938035805790966,50,0.530429829705247,62,1.23512463240839,26,0.910937431937359,24,0.0695416361641339,37,1.61725832500249,25,0.508605837344497,0.0521785799793102,-0.186550119553335,-0.267564402810305,0.0491803278688521,-0.0920496471227573,-0.091595107988552,9,-0.122600827227246,3,-0.332417508126427,6,0.0627631260874107,0.508963011731191,-1.14924698511673,0.479313036690082,-1.77634660421546,0.296529432217667,-0.422950819672132,55,-0.296528551005248,38,0.290360085326423,17,-1.07797759174583,-1.05639856503982,0.159883171893342,-0.703747072599533,0.0983606557377044,-0.665960545186838,-0.382903981264637,16,-0.546136184043844,8,-0.875818609717879,8,0.136064630007711,2,2,2,2,2,2,2,1,1,2,2,2,1,2,2,1,4,3,4,3,3,4,4,2,1,3,3,3,1,3,3,2
"5e9f4b15daa0ba0ac0d460ea",-0.719956371959037,-0.539544137489126,0.626948291846326,-0.441366157916594,-0.548009367681499,-0.349180327868855,0.450169138693729,-0.263785394932936,-0.694540444297678,0.0971708952747503,-0.448594847775175,0.0574941451990614,-0.353939979947716,-0.195550351288057,82,-0.330838394017088,34,-0.677133181473108,48,0.0937465132961074,16,-0.488739730485283,18,-0.733006435243573,22,-0.387879029167263,26,0.675278663550253,0.0949882354049593,1.78127450786135,0.232435597189695,1.24918032786885,0.892721134586365,0.79729378090034,17,1.06718447336444,5,0.288774071610923,12,1.59418340262023,-0.474820910213625,0.569716556662745,-0.854020296643247,1.22365339578454,-0.363196276490932,-0.0229508196721312,59,-0.0160906965661763,30,-0.517351682975745,29,0.742575203279096,0.781303052729476,1.63993669076311,0.629586260733802,0.848360655737706,1.11390396942074,0.717096018735362,27,1.02279449268639,16,0.783524912631691,11,1.17355743381651,1,1,2,1,2,1,1,2,2,2,1,1,2,2,2,2,2,2,3,2,3,2,2,4,3,4,2,2,3,4,3,4
"5e9ffaf7e9ea4e000b76917c",1.1742536602706,0.50829948713474,0.80591250394147,-0.133381591644176,0.851990632318501,0.35081967213115,0.450169138693729,-0.0819672131147541,0.974276633179109,0.364958591648377,0.601405152224825,0.157494145199064,0.766686395013854,0.379449648711945,105,0.641965159169087,55,0.907793270698482,50,0.256800530312148,23,0.491034283210566,32,1.13960573137441,24,-0.12052738194463,26,0.675278663550253,-0.294627256726416,-0.335821168769862,-0.267564402810304,-0.150819672131147,-0.318982681294256,-0.202706219099662,8,-0.271323989801207,3,-0.332417508126427,5,-0.19247358666806,0.35483021402596,1.19576389656863,0.645979703356753,1.22365339578454,0.488291988200498,0.877049180327869,68,0.614894475921736,39,0.391324056364194,29,0.742575203279096,0.0372753903519354,0.342274369680224,-0.0370804059328656,0.348360655737704,0.192037110895023,0.117096018735363,21,0.167014123560808,12,-0.046146848543094,9,0.481895564610644,2,2,2,2,2,2,1,2,1,2,2,2,2,1,1,1,4,4,3,4,3,3,2,3,2,3,3,3,4,2,2,2
